Workbook

Sheet Prezzo
A1: LISTINO — FINESTRA 2 ANTE (2A75) — C75S SENZA VETRO — RAL 7016 (costo +213%)
A2: H/L | B2: 800 | C2: 900 | D2: 1000 | E2: 1100 | F2: 1200 | G2: 1300 | H2: 1400 | I2: 1500 | J2: 1600 | K2: 1700 | L2: 1800 | M2: 1900 | N2: 2000
A3: 500 | B3: =ROUND(ROUND((((Coefficienti!$B$1+Coefficienti!$B$2*B$2+Coefficienti!$B$3*$A3)*Parametri!$B$1+(Coefficienti!$B$4+Coefficienti!$B$5*B$2+Coefficienti!$B$6*$A3)*Parametri!$B$2)*(1-Parametri!$B$3)+((Coefficienti!$B$7+Coefficienti!$B$8*B$2+Coefficienti!$B$9*$A3)+Coefficienti!$B$10)*(1-Parametri!$B$4))*(1+Parametri!$B$5)+Ferramenta!$D$14+Coefficienti!$B$11*Parametri!$B$6,2)*(1+Parametri!$B$7),2) | C3: =ROUND(ROUND((((Coefficienti!$B$1+Coefficienti!$B$2*C$2+Coefficienti!$B$3*$A3)*Parametri!$B$1+(Coefficienti!$B$4+Coefficienti!$B$5*C$2+Coefficienti!$B$6*$A3)*Parametri!$B$2)*(1-Parametri!$B$3)+((Coefficienti!$B$7+Coefficienti!$B$8*C$2+Coefficienti!$B$9*$A3)+Coefficienti!$B$10)*(1-Parametri!$B$4))*(1+Parametri!$B$5)+Ferramenta!$D$14+Coefficienti!$B$11*Parametri!$B$6,2)*(1+Parametri!$B$7),2) | D3: =ROUND(ROUND((((Coefficienti!$B$1+Coefficienti!$B$2*D$2+Coefficienti!$B$3*$A3)*Parametri!$B$1+(Coefficienti!$B$4+Coefficienti!$B$5*D$2+Coefficienti!$B$6*$A3)*Parametri!$B$2)*(1-Parametri!$B$3)+((Coefficienti!$B$7+Coefficienti!$B$8*D$2+Coefficienti!$B$9*$A3)+Coefficienti!$B$10)*(1-Parametri!$B$4))*(1+Parametri!$B$5)+Ferramenta!$D$14+Coefficienti!$B$11*Parametri!$B$6,2)*(1+Parametri!$B$7),2) | E3: =ROUND(ROUND((((Coefficienti!$B$1+Coefficienti!$B$2*E$2+Coefficienti!$B$3*$A3)*Parametri!$B$1+(Coefficienti!$B$4+Coefficienti!$B$5*E$2+Coefficienti!$B$6*$A3)*Parametri!$B$2)*(1-Parametri!$B$3)+((Coefficienti!$B$7+Coefficienti!$B$8*E$2+Coefficienti!$B$9*$A3)+Coefficienti!$B$10)*(1-Parametri!$B$4))*(1+Parametri!$B$5)+Ferramenta!$D$14+Coefficienti!$B$11*Parametri!$B$6,2)*(1+Parametri!$B$7),2) | F3: =ROUND(ROUND((((Coefficienti!$B$1+Coefficienti!$B$2*F$2+Coefficienti!$B$3*$A3)*Parametri!$B$1+(Coefficienti!$B$4+Coefficienti!$B$5*F$2+Coefficienti!$B$6*$A3)*Parametri!$B$2)*(1-Parametri!$B$3)+((Coefficienti!$B$7+Coefficienti!$B$8*F$2+Coefficienti!$B$9*$A3)+Coefficienti!$B$10)*(1-Parametri!$B$4))*(1+Parametri!$B$5)+Ferramenta!$D$14+Coefficienti!$B$11*Parametri!$B$6,2)*(1+Parametri!$B$7),2) | G3: =ROUND(ROUND((((Coefficienti!$B$1+Coefficienti!$B$2*G$2+Coefficienti!$B$3*$A3)*Parametri!$B$1+(Coefficienti!$B$4+Coefficienti!$B$5*G$2+Coefficienti!$B$6*$A3)*Parametri!$B$2)*(1-Parametri!$B$3)+((Coefficienti!$B$7+Coefficienti!$B$8*G$2+Coefficienti!$B$9*$A3)+Coefficienti!$B$10)*(1-Parametri!$B$4))*(1+Parametri!$B$5)+Ferramenta!$D$14+Coefficienti!$B$11*Parametri!$B$6,2)*(1+Parametri!$B$7),2) | H3: =ROUND(ROUND((((Coefficienti!$B$1+Coefficienti!$B$2*H$2+Coefficienti!$B$3*$A3)*Parametri!$B$1+(Coefficienti!$B$4+Coefficienti!$B$5*H$2+Coefficienti!$B$6*$A3)*Parametri!$B$2)*(1-Parametri!$B$3)+((Coefficienti!$B$7+Coefficienti!$B$8*H$2+Coefficienti!$B$9*$A3)+Coefficienti!$B$10)*(1-Parametri!$B$4))*(1+Parametri!$B$5)+Ferramenta!$D$14+Coefficienti!$B$11*Parametri!$B$6,2)*(1+Parametri!$B$7),2) | I3: =ROUND(ROUND((((Coefficienti!$B$1+Coefficienti!$B$2*I$2+Coefficienti!$B$3*$A3)*Parametri!$B$1+(Coefficienti!$B$4+Coefficienti!$B$5*I$2+Coefficienti!$B$6*$A3)*Parametri!$B$2)*(1-Parametri!$B$3)+((Coefficienti!$B$7+Coefficienti!$B$8*I$2+Coefficienti!$B$9*$A3)+Coefficienti!$B$10)*(1-Parametri!$B$4))*(1+Parametri!$B$5)+Ferramenta!$D$14+Coefficienti!$B$11*Parametri!$B$6,2)*(1+Parametri!$B$7),2) | ... N3: =ROUND(ROUND((((Coefficienti!$B$1+Coefficienti!$B$2*N$2+Coefficienti!$B$3*$A3)*Parametri!$B$1+(Coefficienti!$B$4+Coefficienti!$B$5*N$2+Coefficienti!$B$6*$A3)*Parametri!$B$2)*(1-Parametri!$B$3)+((Coefficienti!$B$7+Coefficienti!$B$8*N$2+Coefficienti!$B$9*$A3)+Coefficienti!$B$10)*(1-Parametri!$B$4))*(1+Parametri!$B$5)+Ferramenta!$D$14+Coefficienti!$B$11*Parametri!$B$6,2)*(1+Parametri!$B$7),2)
A4: 600 | B4: =ROUND(ROUND((((Coefficienti!$B$1+Coefficienti!$B$2*B$2+Coefficienti!$B$3*$A4)*Parametri!$B$1+(Coefficienti!$B$4+Coefficienti!$B$5*B$2+Coefficienti!$B$6*$A4)*Parametri!$B$2)*(1-Parametri!$B$3)+((Coefficienti!$B$7+Coefficienti!$B$8*B$2+Coefficienti!$B$9*$A4)+Coefficienti!$B$10)*(1-Parametri!$B$4))*(1+Parametri!$B$5)+Ferramenta!$D$14+Coefficienti!$B$11*Parametri!$B$6,2)*(1+Parametri!$B$7),2) | C4: =ROUND(ROUND((((Coefficienti!$B$1+Coefficienti!$B$2*C$2+Coefficienti!$B$3*$A4)*Parametri!$B$1+(Coefficienti!$B$4+Coefficienti!$B$5*C$2+Coefficienti!$B$6*$A4)*Parametri!$B$2)*(1-Parametri!$B$3)+((Coefficienti!$B$7+Coefficienti!$B$8*C$2+Coefficienti!$B$9*$A4)+Coefficienti!$B$10)*(1-Parametri!$B$4))*(1+Parametri!$B$5)+Ferramenta!$D$14+Coefficienti!$B$11*Parametri!$B$6,2)*(1+Parametri!$B$7),2) | D4: =ROUND(ROUND((((Coefficienti!$B$1+Coefficienti!$B$2*D$2+Coefficienti!$B$3*$A4)*Parametri!$B$1+(Coefficienti!$B$4+Coefficienti!$B$5*D$2+Coefficienti!$B$6*$A4)*Parametri!$B$2)*(1-Parametri!$B$3)+((Coefficienti!$B$7+Coefficienti!$B$8*D$2+Coefficienti!$B$9*$A4)+Coefficienti!$B$10)*(1-Parametri!$B$4))*(1+Parametri!$B$5)+Ferramenta!$D$14+Coefficienti!$B$11*Parametri!$B$6,2)*(1+Parametri!$B$7),2) | E4: =ROUND(ROUND((((Coefficienti!$B$1+Coefficienti!$B$2*E$2+Coefficienti!$B$3*$A4)*Parametri!$B$1+(Coefficienti!$B$4+Coefficienti!$B$5*E$2+Coefficienti!$B$6*$A4)*Parametri!$B$2)*(1-Parametri!$B$3)+((Coefficienti!$B$7+Coefficienti!$B$8*E$2+Coefficienti!$B$9*$A4)+Coefficienti!$B$10)*(1-Parametri!$B$4))*(1+Parametri!$B$5)+Ferramenta!$D$14+Coefficienti!$B$11*Parametri!$B$6,2)*(1+Parametri!$B$7),2) | F4: =ROUND(ROUND((((Coefficienti!$B$1+Coefficienti!$B$2*F$2+Coefficienti!$B$3*$A4)*Parametri!$B$1+(Coefficienti!$B$4+Coefficienti!$B$5*F$2+Coefficienti!$B$6*$A4)*Parametri!$B$2)*(1-Parametri!$B$3)+((Coefficienti!$B$7+Coefficienti!$B$8*F$2+Coefficienti!$B$9*$A4)+Coefficienti!$B$10)*(1-Parametri!$B$4))*(1+Parametri!$B$5)+Ferramenta!$D$14+Coefficienti!$B$11*Parametri!$B$6,2)*(1+Parametri!$B$7),2) | G4: =ROUND(ROUND((((Coefficienti!$B$1+Coefficienti!$B$2*G$2+Coefficienti!$B$3*$A4)*Parametri!$B$1+(Coefficienti!$B$4+Coefficienti!$B$5*G$2+Coefficienti!$B$6*$A4)*Parametri!$B$2)*(1-Parametri!$B$3)+((Coefficienti!$B$7+Coefficienti!$B$8*G$2+Coefficienti!$B$9*$A4)+Coefficienti!$B$10)*(1-Parametri!$B$4))*(1+Parametri!$B$5)+Ferramenta!$D$14+Coefficienti!$B$11*Parametri!$B$6,2)*(1+Parametri!$B$7),2) | H4: =ROUND(ROUND((((Coefficienti!$B$1+Coefficienti!$B$2*H$2+Coefficienti!$B$3*$A4)*Parametri!$B$1+(Coefficienti!$B$4+Coefficienti!$B$5*H$2+Coefficienti!$B$6*$A4)*Parametri!$B$2)*(1-Parametri!$B$3)+((Coefficienti!$B$7+Coefficienti!$B$8*H$2+Coefficienti!$B$9*$A4)+Coefficienti!$B$10)*(1-Parametri!$B$4))*(1+Parametri!$B$5)+Ferramenta!$D$14+Coefficienti!$B$11*Parametri!$B$6,2)*(1+Parametri!$B$7),2) | I4: =ROUND(ROUND((((Coefficienti!$B$1+Coefficienti!$B$2*I$2+Coefficienti!$B$3*$A4)*Parametri!$B$1+(Coefficienti!$B$4+Coefficienti!$B$5*I$2+Coefficienti!$B$6*$A4)*Parametri!$B$2)*(1-Parametri!$B$3)+((Coefficienti!$B$7+Coefficienti!$B$8*I$2+Coefficienti!$B$9*$A4)+Coefficienti!$B$10)*(1-Parametri!$B$4))*(1+Parametri!$B$5)+Ferramenta!$D$14+Coefficienti!$B$11*Parametri!$B$6,2)*(1+Parametri!$B$7),2) | ... N4: =ROUND(ROUND((((Coefficienti!$B$1+Coefficienti!$B$2*N$2+Coefficienti!$B$3*$A4)*Parametri!$B$1+(Coefficienti!$B$4+Coefficienti!$B$5*N$2+Coefficienti!$B$6*$A4)*Parametri!$B$2)*(1-Parametri!$B$3)+((Coefficienti!$B$7+Coefficienti!$B$8*N$2+Coefficienti!$B$9*$A4)+Coefficienti!$B$10)*(1-Parametri!$B$4))*(1+Parametri!$B$5)+Ferramenta!$D$14+Coefficienti!$B$11*Parametri!$B$6,2)*(1+Parametri!$B$7),2)
A5: 700 | B5: =ROUND(ROUND((((Coefficienti!$B$1+Coefficienti!$B$2*B$2+Coefficienti!$B$3*$A5)*Parametri!$B$1+(Coefficienti!$B$4+Coefficienti!$B$5*B$2+Coefficienti!$B$6*$A5)*Parametri!$B$2)*(1-Parametri!$B$3)+((Coefficienti!$B$7+Coefficienti!$B$8*B$2+Coefficienti!$B$9*$A5)+Coefficienti!$B$10)*(1-Parametri!$B$4))*(1+Parametri!$B$5)+Ferramenta!$D$14+Coefficienti!$B$11*Parametri!$B$6,2)*(1+Parametri!$B$7),2) | C5: =ROUND(ROUND((((Coefficienti!$B$1+Coefficienti!$B$2*C$2+Coefficienti!$B$3*$A5)*Parametri!$B$1+(Coefficienti!$B$4+Coefficienti!$B$5*C$2+Coefficienti!$B$6*$A5)*Parametri!$B$2)*(1-Parametri!$B$3)+((Coefficienti!$B$7+Coefficienti!$B$8*C$2+Coefficienti!$B$9*$A5)+Coefficienti!$B$10)*(1-Parametri!$B$4))*(1+Parametri!$B$5)+Ferramenta!$D$14+Coefficienti!$B$11*Parametri!$B$6,2)*(1+Parametri!$B$7),2) | D5: =ROUND(ROUND((((Coefficienti!$B$1+Coefficienti!$B$2*D$2+Coefficienti!$B$3*$A5)*Parametri!$B$1+(Coefficienti!$B$4+Coefficienti!$B$5*D$2+Coefficienti!$B$6*$A5)*Parametri!$B$2)*(1-Parametri!$B$3)+((Coefficienti!$B$7+Coefficienti!$B$8*D$2+Coefficienti!$B$9*$A5)+Coefficienti!$B$10)*(1-Parametri!$B$4))*(1+Parametri!$B$5)+Ferramenta!$D$14+Coefficienti!$B$11*Parametri!$B$6,2)*(1+Parametri!$B$7),2) | E5: =ROUND(ROUND((((Coefficienti!$B$1+Coefficienti!$B$2*E$2+Coefficienti!$B$3*$A5)*Parametri!$B$1+(Coefficienti!$B$4+Coefficienti!$B$5*E$2+Coefficienti!$B$6*$A5)*Parametri!$B$2)*(1-Parametri!$B$3)+((Coefficienti!$B$7+Coefficienti!$B$8*E$2+Coefficienti!$B$9*$A5)+Coefficienti!$B$10)*(1-Parametri!$B$4))*(1+Parametri!$B$5)+Ferramenta!$D$14+Coefficienti!$B$11*Parametri!$B$6,2)*(1+Parametri!$B$7),2) | F5: =ROUND(ROUND((((Coefficienti!$B$1+Coefficienti!$B$2*F$2+Coefficienti!$B$3*$A5)*Parametri!$B$1+(Coefficienti!$B$4+Coefficienti!$B$5*F$2+Coefficienti!$B$6*$A5)*Parametri!$B$2)*(1-Parametri!$B$3)+((Coefficienti!$B$7+Coefficienti!$B$8*F$2+Coefficienti!$B$9*$A5)+Coefficienti!$B$10)*(1-Parametri!$B$4))*(1+Parametri!$B$5)+Ferramenta!$D$14+Coefficienti!$B$11*Parametri!$B$6,2)*(1+Parametri!$B$7),2) | G5: =ROUND(ROUND((((Coefficienti!$B$1+Coefficienti!$B$2*G$2+Coefficienti!$B$3*$A5)*Parametri!$B$1+(Coefficienti!$B$4+Coefficienti!$B$5*G$2+Coefficienti!$B$6*$A5)*Parametri!$B$2)*(1-Parametri!$B$3)+((Coefficienti!$B$7+Coefficienti!$B$8*G$2+Coefficienti!$B$9*$A5)+Coefficienti!$B$10)*(1-Parametri!$B$4))*(1+Parametri!$B$5)+Ferramenta!$D$14+Coefficienti!$B$11*Parametri!$B$6,2)*(1+Parametri!$B$7),2) | H5: =ROUND(ROUND((((Coefficienti!$B$1+Coefficienti!$B$2*H$2+Coefficienti!$B$3*$A5)*Parametri!$B$1+(Coefficienti!$B$4+Coefficienti!$B$5*H$2+Coefficienti!$B$6*$A5)*Parametri!$B$2)*(1-Parametri!$B$3)+((Coefficienti!$B$7+Coefficienti!$B$8*H$2+Coefficienti!$B$9*$A5)+Coefficienti!$B$10)*(1-Parametri!$B$4))*(1+Parametri!$B$5)+Ferramenta!$D$14+Coefficienti!$B$11*Parametri!$B$6,2)*(1+Parametri!$B$7),2) | I5: =ROUND(ROUND((((Coefficienti!$B$1+Coefficienti!$B$2*I$2+Coefficienti!$B$3*$A5)*Parametri!$B$1+(Coefficienti!$B$4+Coefficienti!$B$5*I$2+Coefficienti!$B$6*$A5)*Parametri!$B$2)*(1-Parametri!$B$3)+((Coefficienti!$B$7+Coefficienti!$B$8*I$2+Coefficienti!$B$9*$A5)+Coefficienti!$B$10)*(1-Parametri!$B$4))*(1+Parametri!$B$5)+Ferramenta!$D$14+Coefficienti!$B$11*Parametri!$B$6,2)*(1+Parametri!$B$7),2) | ... N5: =ROUND(ROUND((((Coefficienti!$B$1+Coefficienti!$B$2*N$2+Coefficienti!$B$3*$A5)*Parametri!$B$1+(Coefficienti!$B$4+Coefficienti!$B$5*N$2+Coefficienti!$B$6*$A5)*Parametri!$B$2)*(1-Parametri!$B$3)+((Coefficienti!$B$7+Coefficienti!$B$8*N$2+Coefficienti!$B$9*$A5)+Coefficienti!$B$10)*(1-Parametri!$B$4))*(1+Parametri!$B$5)+Ferramenta!$D$14+Coefficienti!$B$11*Parametri!$B$6,2)*(1+Parametri!$B$7),2)
A6: 800 | B6: =ROUND(ROUND((((Coefficienti!$B$1+Coefficienti!$B$2*B$2+Coefficienti!$B$3*$A6)*Parametri!$B$1+(Coefficienti!$B$4+Coefficienti!$B$5*B$2+Coefficienti!$B$6*$A6)*Parametri!$B$2)*(1-Parametri!$B$3)+((Coefficienti!$B$7+Coefficienti!$B$8*B$2+Coefficienti!$B$9*$A6)+Coefficienti!$B$10)*(1-Parametri!$B$4))*(1+Parametri!$B$5)+Ferramenta!$D$14+Coefficienti!$B$11*Parametri!$B$6,2)*(1+Parametri!$B$7),2) | C6: =ROUND(ROUND((((Coefficienti!$B$1+Coefficienti!$B$2*C$2+Coefficienti!$B$3*$A6)*Parametri!$B$1+(Coefficienti!$B$4+Coefficienti!$B$5*C$2+Coefficienti!$B$6*$A6)*Parametri!$B$2)*(1-Parametri!$B$3)+((Coefficienti!$B$7+Coefficienti!$B$8*C$2+Coefficienti!$B$9*$A6)+Coefficienti!$B$10)*(1-Parametri!$B$4))*(1+Parametri!$B$5)+Ferramenta!$D$14+Coefficienti!$B$11*Parametri!$B$6,2)*(1+Parametri!$B$7),2) | D6: =ROUND(ROUND((((Coefficienti!$B$1+Coefficienti!$B$2*D$2+Coefficienti!$B$3*$A6)*Parametri!$B$1+(Coefficienti!$B$4+Coefficienti!$B$5*D$2+Coefficienti!$B$6*$A6)*Parametri!$B$2)*(1-Parametri!$B$3)+((Coefficienti!$B$7+Coefficienti!$B$8*D$2+Coefficienti!$B$9*$A6)+Coefficienti!$B$10)*(1-Parametri!$B$4))*(1+Parametri!$B$5)+Ferramenta!$D$14+Coefficienti!$B$11*Parametri!$B$6,2)*(1+Parametri!$B$7),2) | E6: =ROUND(ROUND((((Coefficienti!$B$1+Coefficienti!$B$2*E$2+Coefficienti!$B$3*$A6)*Parametri!$B$1+(Coefficienti!$B$4+Coefficienti!$B$5*E$2+Coefficienti!$B$6*$A6)*Parametri!$B$2)*(1-Parametri!$B$3)+((Coefficienti!$B$7+Coefficienti!$B$8*E$2+Coefficienti!$B$9*$A6)+Coefficienti!$B$10)*(1-Parametri!$B$4))*(1+Parametri!$B$5)+Ferramenta!$D$14+Coefficienti!$B$11*Parametri!$B$6,2)*(1+Parametri!$B$7),2) | F6: =ROUND(ROUND((((Coefficienti!$B$1+Coefficienti!$B$2*F$2+Coefficienti!$B$3*$A6)*Parametri!$B$1+(Coefficienti!$B$4+Coefficienti!$B$5*F$2+Coefficienti!$B$6*$A6)*Parametri!$B$2)*(1-Parametri!$B$3)+((Coefficienti!$B$7+Coefficienti!$B$8*F$2+Coefficienti!$B$9*$A6)+Coefficienti!$B$10)*(1-Parametri!$B$4))*(1+Parametri!$B$5)+Ferramenta!$D$14+Coefficienti!$B$11*Parametri!$B$6,2)*(1+Parametri!$B$7),2) | G6: =ROUND(ROUND((((Coefficienti!$B$1+Coefficienti!$B$2*G$2+Coefficienti!$B$3*$A6)*Parametri!$B$1+(Coefficienti!$B$4+Coefficienti!$B$5*G$2+Coefficienti!$B$6*$A6)*Parametri!$B$2)*(1-Parametri!$B$3)+((Coefficienti!$B$7+Coefficienti!$B$8*G$2+Coefficienti!$B$9*$A6)+Coefficienti!$B$10)*(1-Parametri!$B$4))*(1+Parametri!$B$5)+Ferramenta!$D$14+Coefficienti!$B$11*Parametri!$B$6,2)*(1+Parametri!$B$7),2) | H6: =ROUND(ROUND((((Coefficienti!$B$1+Coefficienti!$B$2*H$2+Coefficienti!$B$3*$A6)*Parametri!$B$1+(Coefficienti!$B$4+Coefficienti!$B$5*H$2+Coefficienti!$B$6*$A6)*Parametri!$B$2)*(1-Parametri!$B$3)+((Coefficienti!$B$7+Coefficienti!$B$8*H$2+Coefficienti!$B$9*$A6)+Coefficienti!$B$10)*(1-Parametri!$B$4))*(1+Parametri!$B$5)+Ferramenta!$D$14+Coefficienti!$B$11*Parametri!$B$6,2)*(1+Parametri!$B$7),2) | I6: =ROUND(ROUND((((Coefficienti!$B$1+Coefficienti!$B$2*I$2+Coefficienti!$B$3*$A6)*Parametri!$B$1+(Coefficienti!$B$4+Coefficienti!$B$5*I$2+Coefficienti!$B$6*$A6)*Parametri!$B$2)*(1-Parametri!$B$3)+((Coefficienti!$B$7+Coefficienti!$B$8*I$2+Coefficienti!$B$9*$A6)+Coefficienti!$B$10)*(1-Parametri!$B$4))*(1+Parametri!$B$5)+Ferramenta!$D$14+Coefficienti!$B$11*Parametri!$B$6,2)*(1+Parametri!$B$7),2) | ... N6: =ROUND(ROUND((((Coefficienti!$B$1+Coefficienti!$B$2*N$2+Coefficienti!$B$3*$A6)*Parametri!$B$1+(Coefficienti!$B$4+Coefficienti!$B$5*N$2+Coefficienti!$B$6*$A6)*Parametri!$B$2)*(1-Parametri!$B$3)+((Coefficienti!$B$7+Coefficienti!$B$8*N$2+Coefficienti!$B$9*$A6)+Coefficienti!$B$10)*(1-Parametri!$B$4))*(1+Parametri!$B$5)+Ferramenta!$D$14+Coefficienti!$B$11*Parametri!$B$6,2)*(1+Parametri!$B$7),2)
A7: 900 | B7: =ROUND(ROUND((((Coefficienti!$B$1+Coefficienti!$B$2*B$2+Coefficienti!$B$3*$A7)*Parametri!$B$1+(Coefficienti!$B$4+Coefficienti!$B$5*B$2+Coefficienti!$B$6*$A7)*Parametri!$B$2)*(1-Parametri!$B$3)+((Coefficienti!$B$7+Coefficienti!$B$8*B$2+Coefficienti!$B$9*$A7)+Coefficienti!$B$10)*(1-Parametri!$B$4))*(1+Parametri!$B$5)+Ferramenta!$D$14+Coefficienti!$B$11*Parametri!$B$6,2)*(1+Parametri!$B$7),2) | C7: =ROUND(ROUND((((Coefficienti!$B$1+Coefficienti!$B$2*C$2+Coefficienti!$B$3*$A7)*Parametri!$B$1+(Coefficienti!$B$4+Coefficienti!$B$5*C$2+Coefficienti!$B$6*$A7)*Parametri!$B$2)*(1-Parametri!$B$3)+((Coefficienti!$B$7+Coefficienti!$B$8*C$2+Coefficienti!$B$9*$A7)+Coefficienti!$B$10)*(1-Parametri!$B$4))*(1+Parametri!$B$5)+Ferramenta!$D$14+Coefficienti!$B$11*Parametri!$B$6,2)*(1+Parametri!$B$7),2) | D7: =ROUND(ROUND((((Coefficienti!$B$1+Coefficienti!$B$2*D$2+Coefficienti!$B$3*$A7)*Parametri!$B$1+(Coefficienti!$B$4+Coefficienti!$B$5*D$2+Coefficienti!$B$6*$A7)*Parametri!$B$2)*(1-Parametri!$B$3)+((Coefficienti!$B$7+Coefficienti!$B$8*D$2+Coefficienti!$B$9*$A7)+Coefficienti!$B$10)*(1-Parametri!$B$4))*(1+Parametri!$B$5)+Ferramenta!$D$14+Coefficienti!$B$11*Parametri!$B$6,2)*(1+Parametri!$B$7),2) | E7: =ROUND(ROUND((((Coefficienti!$B$1+Coefficienti!$B$2*E$2+Coefficienti!$B$3*$A7)*Parametri!$B$1+(Coefficienti!$B$4+Coefficienti!$B$5*E$2+Coefficienti!$B$6*$A7)*Parametri!$B$2)*(1-Parametri!$B$3)+((Coefficienti!$B$7+Coefficienti!$B$8*E$2+Coefficienti!$B$9*$A7)+Coefficienti!$B$10)*(1-Parametri!$B$4))*(1+Parametri!$B$5)+Ferramenta!$D$14+Coefficienti!$B$11*Parametri!$B$6,2)*(1+Parametri!$B$7),2) | F7: =ROUND(ROUND((((Coefficienti!$B$1+Coefficienti!$B$2*F$2+Coefficienti!$B$3*$A7)*Parametri!$B$1+(Coefficienti!$B$4+Coefficienti!$B$5*F$2+Coefficienti!$B$6*$A7)*Parametri!$B$2)*(1-Parametri!$B$3)+((Coefficienti!$B$7+Coefficienti!$B$8*F$2+Coefficienti!$B$9*$A7)+Coefficienti!$B$10)*(1-Parametri!$B$4))*(1+Parametri!$B$5)+Ferramenta!$D$14+Coefficienti!$B$11*Parametri!$B$6,2)*(1+Parametri!$B$7),2) | G7: =ROUND(ROUND((((Coefficienti!$B$1+Coefficienti!$B$2*G$2+Coefficienti!$B$3*$A7)*Parametri!$B$1+(Coefficienti!$B$4+Coefficienti!$B$5*G$2+Coefficienti!$B$6*$A7)*Parametri!$B$2)*(1-Parametri!$B$3)+((Coefficienti!$B$7+Coefficienti!$B$8*G$2+Coefficienti!$B$9*$A7)+Coefficienti!$B$10)*(1-Parametri!$B$4))*(1+Parametri!$B$5)+Ferramenta!$D$14+Coefficienti!$B$11*Parametri!$B$6,2)*(1+Parametri!$B$7),2) | H7: =ROUND(ROUND((((Coefficienti!$B$1+Coefficienti!$B$2*H$2+Coefficienti!$B$3*$A7)*Parametri!$B$1+(Coefficienti!$B$4+Coefficienti!$B$5*H$2+Coefficienti!$B$6*$A7)*Parametri!$B$2)*(1-Parametri!$B$3)+((Coefficienti!$B$7+Coefficienti!$B$8*H$2+Coefficienti!$B$9*$A7)+Coefficienti!$B$10)*(1-Parametri!$B$4))*(1+Parametri!$B$5)+Ferramenta!$D$14+Coefficienti!$B$11*Parametri!$B$6,2)*(1+Parametri!$B$7),2) | I7: =ROUND(ROUND((((Coefficienti!$B$1+Coefficienti!$B$2*I$2+Coefficienti!$B$3*$A7)*Parametri!$B$1+(Coefficienti!$B$4+Coefficienti!$B$5*I$2+Coefficienti!$B$6*$A7)*Parametri!$B$2)*(1-Parametri!$B$3)+((Coefficienti!$B$7+Coefficienti!$B$8*I$2+Coefficienti!$B$9*$A7)+Coefficienti!$B$10)*(1-Parametri!$B$4))*(1+Parametri!$B$5)+Ferramenta!$D$14+Coefficienti!$B$11*Parametri!$B$6,2)*(1+Parametri!$B$7),2) | ... N7: =ROUND(ROUND((((Coefficienti!$B$1+Coefficienti!$B$2*N$2+Coefficienti!$B$3*$A7)*Parametri!$B$1+(Coefficienti!$B$4+Coefficienti!$B$5*N$2+Coefficienti!$B$6*$A7)*Parametri!$B$2)*(1-Parametri!$B$3)+((Coefficienti!$B$7+Coefficienti!$B$8*N$2+Coefficienti!$B$9*$A7)+Coefficienti!$B$10)*(1-Parametri!$B$4))*(1+Parametri!$B$5)+Ferramenta!$D$14+Coefficienti!$B$11*Parametri!$B$6,2)*(1+Parametri!$B$7),2)
A8: 1000 | B8: =ROUND(ROUND((((Coefficienti!$B$1+Coefficienti!$B$2*B$2+Coefficienti!$B$3*$A8)*Parametri!$B$1+(Coefficienti!$B$4+Coefficienti!$B$5*B$2+Coefficienti!$B$6*$A8)*Parametri!$B$2)*(1-Parametri!$B$3)+((Coefficienti!$B$7+Coefficienti!$B$8*B$2+Coefficienti!$B$9*$A8)+Coefficienti!$B$10)*(1-Parametri!$B$4))*(1+Parametri!$B$5)+Ferramenta!$D$14+Coefficienti!$B$11*Parametri!$B$6,2)*(1+Parametri!$B$7),2) | C8: =ROUND(ROUND((((Coefficienti!$B$1+Coefficienti!$B$2*C$2+Coefficienti!$B$3*$A8)*Parametri!$B$1+(Coefficienti!$B$4+Coefficienti!$B$5*C$2+Coefficienti!$B$6*$A8)*Parametri!$B$2)*(1-Parametri!$B$3)+((Coefficienti!$B$7+Coefficienti!$B$8*C$2+Coefficienti!$B$9*$A8)+Coefficienti!$B$10)*(1-Parametri!$B$4))*(1+Parametri!$B$5)+Ferramenta!$D$14+Coefficienti!$B$11*Parametri!$B$6,2)*(1+Parametri!$B$7),2) | D8: =ROUND(ROUND((((Coefficienti!$B$1+Coefficienti!$B$2*D$2+Coefficienti!$B$3*$A8)*Parametri!$B$1+(Coefficienti!$B$4+Coefficienti!$B$5*D$2+Coefficienti!$B$6*$A8)*Parametri!$B$2)*(1-Parametri!$B$3)+((Coefficienti!$B$7+Coefficienti!$B$8*D$2+Coefficienti!$B$9*$A8)+Coefficienti!$B$10)*(1-Parametri!$B$4))*(1+Parametri!$B$5)+Ferramenta!$D$14+Coefficienti!$B$11*Parametri!$B$6,2)*(1+Parametri!$B$7),2) | E8: =ROUND(ROUND((((Coefficienti!$B$1+Coefficienti!$B$2*E$2+Coefficienti!$B$3*$A8)*Parametri!$B$1+(Coefficienti!$B$4+Coefficienti!$B$5*E$2+Coefficienti!$B$6*$A8)*Parametri!$B$2)*(1-Parametri!$B$3)+((Coefficienti!$B$7+Coefficienti!$B$8*E$2+Coefficienti!$B$9*$A8)+Coefficienti!$B$10)*(1-Parametri!$B$4))*(1+Parametri!$B$5)+Ferramenta!$D$14+Coefficienti!$B$11*Parametri!$B$6,2)*(1+Parametri!$B$7),2) | F8: =ROUND(ROUND((((Coefficienti!$B$1+Coefficienti!$B$2*F$2+Coefficienti!$B$3*$A8)*Parametri!$B$1+(Coefficienti!$B$4+Coefficienti!$B$5*F$2+Coefficienti!$B$6*$A8)*Parametri!$B$2)*(1-Parametri!$B$3)+((Coefficienti!$B$7+Coefficienti!$B$8*F$2+Coefficienti!$B$9*$A8)+Coefficienti!$B$10)*(1-Parametri!$B$4))*(1+Parametri!$B$5)+Ferramenta!$D$14+Coefficienti!$B$11*Parametri!$B$6,2)*(1+Parametri!$B$7),2) | G8: =ROUND(ROUND((((Coefficienti!$B$1+Coefficienti!$B$2*G$2+Coefficienti!$B$3*$A8)*Parametri!$B$1+(Coefficienti!$B$4+Coefficienti!$B$5*G$2+Coefficienti!$B$6*$A8)*Parametri!$B$2)*(1-Parametri!$B$3)+((Coefficienti!$B$7+Coefficienti!$B$8*G$2+Coefficienti!$B$9*$A8)+Coefficienti!$B$10)*(1-Parametri!$B$4))*(1+Parametri!$B$5)+Ferramenta!$D$14+Coefficienti!$B$11*Parametri!$B$6,2)*(1+Parametri!$B$7),2) | H8: =ROUND(ROUND((((Coefficienti!$B$1+Coefficienti!$B$2*H$2+Coefficienti!$B$3*$A8)*Parametri!$B$1+(Coefficienti!$B$4+Coefficienti!$B$5*H$2+Coefficienti!$B$6*$A8)*Parametri!$B$2)*(1-Parametri!$B$3)+((Coefficienti!$B$7+Coefficienti!$B$8*H$2+Coefficienti!$B$9*$A8)+Coefficienti!$B$10)*(1-Parametri!$B$4))*(1+Parametri!$B$5)+Ferramenta!$D$14+Coefficienti!$B$11*Parametri!$B$6,2)*(1+Parametri!$B$7),2) | I8: =ROUND(ROUND((((Coefficienti!$B$1+Coefficienti!$B$2*I$2+Coefficienti!$B$3*$A8)*Parametri!$B$1+(Coefficienti!$B$4+Coefficienti!$B$5*I$2+Coefficienti!$B$6*$A8)*Parametri!$B$2)*(1-Parametri!$B$3)+((Coefficienti!$B$7+Coefficienti!$B$8*I$2+Coefficienti!$B$9*$A8)+Coefficienti!$B$10)*(1-Parametri!$B$4))*(1+Parametri!$B$5)+Ferramenta!$D$14+Coefficienti!$B$11*Parametri!$B$6,2)*(1+Parametri!$B$7),2) | ... N8: =ROUND(ROUND((((Coefficienti!$B$1+Coefficienti!$B$2*N$2+Coefficienti!$B$3*$A8)*Parametri!$B$1+(Coefficienti!$B$4+Coefficienti!$B$5*N$2+Coefficienti!$B$6*$A8)*Parametri!$B$2)*(1-Parametri!$B$3)+((Coefficienti!$B$7+Coefficienti!$B$8*N$2+Coefficienti!$B$9*$A8)+Coefficienti!$B$10)*(1-Parametri!$B$4))*(1+Parametri!$B$5)+Ferramenta!$D$14+Coefficienti!$B$11*Parametri!$B$6,2)*(1+Parametri!$B$7),2)
A9: 1100 | B9: =ROUND(ROUND((((Coefficienti!$B$1+Coefficienti!$B$2*B$2+Coefficienti!$B$3*$A9)*Parametri!$B$1+(Coefficienti!$B$4+Coefficienti!$B$5*B$2+Coefficienti!$B$6*$A9)*Parametri!$B$2)*(1-Parametri!$B$3)+((Coefficienti!$B$7+Coefficienti!$B$8*B$2+Coefficienti!$B$9*$A9)+Coefficienti!$B$10)*(1-Parametri!$B$4))*(1+Parametri!$B$5)+Ferramenta!$D$14+Coefficienti!$B$11*Parametri!$B$6,2)*(1+Parametri!$B$7),2) | C9: =ROUND(ROUND((((Coefficienti!$B$1+Coefficienti!$B$2*C$2+Coefficienti!$B$3*$A9)*Parametri!$B$1+(Coefficienti!$B$4+Coefficienti!$B$5*C$2+Coefficienti!$B$6*$A9)*Parametri!$B$2)*(1-Parametri!$B$3)+((Coefficienti!$B$7+Coefficienti!$B$8*C$2+Coefficienti!$B$9*$A9)+Coefficienti!$B$10)*(1-Parametri!$B$4))*(1+Parametri!$B$5)+Ferramenta!$D$14+Coefficienti!$B$11*Parametri!$B$6,2)*(1+Parametri!$B$7),2) | D9: =ROUND(ROUND((((Coefficienti!$B$1+Coefficienti!$B$2*D$2+Coefficienti!$B$3*$A9)*Parametri!$B$1+(Coefficienti!$B$4+Coefficienti!$B$5*D$2+Coefficienti!$B$6*$A9)*Parametri!$B$2)*(1-Parametri!$B$3)+((Coefficienti!$B$7+Coefficienti!$B$8*D$2+Coefficienti!$B$9*$A9)+Coefficienti!$B$10)*(1-Parametri!$B$4))*(1+Parametri!$B$5)+Ferramenta!$D$14+Coefficienti!$B$11*Parametri!$B$6,2)*(1+Parametri!$B$7),2) | E9: =ROUND(ROUND((((Coefficienti!$B$1+Coefficienti!$B$2*E$2+Coefficienti!$B$3*$A9)*Parametri!$B$1+(Coefficienti!$B$4+Coefficienti!$B$5*E$2+Coefficienti!$B$6*$A9)*Parametri!$B$2)*(1-Parametri!$B$3)+((Coefficienti!$B$7+Coefficienti!$B$8*E$2+Coefficienti!$B$9*$A9)+Coefficienti!$B$10)*(1-Parametri!$B$4))*(1+Parametri!$B$5)+Ferramenta!$D$14+Coefficienti!$B$11*Parametri!$B$6,2)*(1+Parametri!$B$7),2) | F9: =ROUND(ROUND((((Coefficienti!$B$1+Coefficienti!$B$2*F$2+Coefficienti!$B$3*$A9)*Parametri!$B$1+(Coefficienti!$B$4+Coefficienti!$B$5*F$2+Coefficienti!$B$6*$A9)*Parametri!$B$2)*(1-Parametri!$B$3)+((Coefficienti!$B$7+Coefficienti!$B$8*F$2+Coefficienti!$B$9*$A9)+Coefficienti!$B$10)*(1-Parametri!$B$4))*(1+Parametri!$B$5)+Ferramenta!$D$14+Coefficienti!$B$11*Parametri!$B$6,2)*(1+Parametri!$B$7),2) | G9: =ROUND(ROUND((((Coefficienti!$B$1+Coefficienti!$B$2*G$2+Coefficienti!$B$3*$A9)*Parametri!$B$1+(Coefficienti!$B$4+Coefficienti!$B$5*G$2+Coefficienti!$B$6*$A9)*Parametri!$B$2)*(1-Parametri!$B$3)+((Coefficienti!$B$7+Coefficienti!$B$8*G$2+Coefficienti!$B$9*$A9)+Coefficienti!$B$10)*(1-Parametri!$B$4))*(1+Parametri!$B$5)+Ferramenta!$D$14+Coefficienti!$B$11*Parametri!$B$6,2)*(1+Parametri!$B$7),2) | H9: =ROUND(ROUND((((Coefficienti!$B$1+Coefficienti!$B$2*H$2+Coefficienti!$B$3*$A9)*Parametri!$B$1+(Coefficienti!$B$4+Coefficienti!$B$5*H$2+Coefficienti!$B$6*$A9)*Parametri!$B$2)*(1-Parametri!$B$3)+((Coefficienti!$B$7+Coefficienti!$B$8*H$2+Coefficienti!$B$9*$A9)+Coefficienti!$B$10)*(1-Parametri!$B$4))*(1+Parametri!$B$5)+Ferramenta!$D$14+Coefficienti!$B$11*Parametri!$B$6,2)*(1+Parametri!$B$7),2) | I9: =ROUND(ROUND((((Coefficienti!$B$1+Coefficienti!$B$2*I$2+Coefficienti!$B$3*$A9)*Parametri!$B$1+(Coefficienti!$B$4+Coefficienti!$B$5*I$2+Coefficienti!$B$6*$A9)*Parametri!$B$2)*(1-Parametri!$B$3)+((Coefficienti!$B$7+Coefficienti!$B$8*I$2+Coefficienti!$B$9*$A9)+Coefficienti!$B$10)*(1-Parametri!$B$4))*(1+Parametri!$B$5)+Ferramenta!$D$14+Coefficienti!$B$11*Parametri!$B$6,2)*(1+Parametri!$B$7),2) | ... N9: =ROUND(ROUND((((Coefficienti!$B$1+Coefficienti!$B$2*N$2+Coefficienti!$B$3*$A9)*Parametri!$B$1+(Coefficienti!$B$4+Coefficienti!$B$5*N$2+Coefficienti!$B$6*$A9)*Parametri!$B$2)*(1-Parametri!$B$3)+((Coefficienti!$B$7+Coefficienti!$B$8*N$2+Coefficienti!$B$9*$A9)+Coefficienti!$B$10)*(1-Parametri!$B$4))*(1+Parametri!$B$5)+Ferramenta!$D$14+Coefficienti!$B$11*Parametri!$B$6,2)*(1+Parametri!$B$7),2)
A10: 1200 | B10: =ROUND(ROUND((((Coefficienti!$B$1+Coefficienti!$B$2*B$2+Coefficienti!$B$3*$A10)*Parametri!$B$1+(Coefficienti!$B$4+Coefficienti!$B$5*B$2+Coefficienti!$B$6*$A10)*Parametri!$B$2)*(1-Parametri!$B$3)+((Coefficienti!$B$7+Coefficienti!$B$8*B$2+Coefficienti!$B$9*$A10)+Coefficienti!$B$10)*(1-Parametri!$B$4))*(1+Parametri!$B$5)+Ferramenta!$D$14+Coefficienti!$B$11*Parametri!$B$6,2)*(1+Parametri!$B$7),2) | C10: =ROUND(ROUND((((Coefficienti!$B$1+Coefficienti!$B$2*C$2+Coefficienti!$B$3*$A10)*Parametri!$B$1+(Coefficienti!$B$4+Coefficienti!$B$5*C$2+Coefficienti!$B$6*$A10)*Parametri!$B$2)*(1-Parametri!$B$3)+((Coefficienti!$B$7+Coefficienti!$B$8*C$2+Coefficienti!$B$9*$A10)+Coefficienti!$B$10)*(1-Parametri!$B$4))*(1+Parametri!$B$5)+Ferramenta!$D$14+Coefficienti!$B$11*Parametri!$B$6,2)*(1+Parametri!$B$7),2) | D10: =ROUND(ROUND((((Coefficienti!$B$1+Coefficienti!$B$2*D$2+Coefficienti!$B$3*$A10)*Parametri!$B$1+(Coefficienti!$B$4+Coefficienti!$B$5*D$2+Coefficienti!$B$6*$A10)*Parametri!$B$2)*(1-Parametri!$B$3)+((Coefficienti!$B$7+Coefficienti!$B$8*D$2+Coefficienti!$B$9*$A10)+Coefficienti!$B$10)*(1-Parametri!$B$4))*(1+Parametri!$B$5)+Ferramenta!$D$14+Coefficienti!$B$11*Parametri!$B$6,2)*(1+Parametri!$B$7),2) | E10: =ROUND(ROUND((((Coefficienti!$B$1+Coefficienti!$B$2*E$2+Coefficienti!$B$3*$A10)*Parametri!$B$1+(Coefficienti!$B$4+Coefficienti!$B$5*E$2+Coefficienti!$B$6*$A10)*Parametri!$B$2)*(1-Parametri!$B$3)+((Coefficienti!$B$7+Coefficienti!$B$8*E$2+Coefficienti!$B$9*$A10)+Coefficienti!$B$10)*(1-Parametri!$B$4))*(1+Parametri!$B$5)+Ferramenta!$D$14+Coefficienti!$B$11*Parametri!$B$6,2)*(1+Parametri!$B$7),2) | F10: =ROUND(ROUND((((Coefficienti!$B$1+Coefficienti!$B$2*F$2+Coefficienti!$B$3*$A10)*Parametri!$B$1+(Coefficienti!$B$4+Coefficienti!$B$5*F$2+Coefficienti!$B$6*$A10)*Parametri!$B$2)*(1-Parametri!$B$3)+((Coefficienti!$B$7+Coefficienti!$B$8*F$2+Coefficienti!$B$9*$A10)+Coefficienti!$B$10)*(1-Parametri!$B$4))*(1+Parametri!$B$5)+Ferramenta!$D$14+Coefficienti!$B$11*Parametri!$B$6,2)*(1+Parametri!$B$7),2) | G10: =ROUND(ROUND((((Coefficienti!$B$1+Coefficienti!$B$2*G$2+Coefficienti!$B$3*$A10)*Parametri!$B$1+(Coefficienti!$B$4+Coefficienti!$B$5*G$2+Coefficienti!$B$6*$A10)*Parametri!$B$2)*(1-Parametri!$B$3)+((Coefficienti!$B$7+Coefficienti!$B$8*G$2+Coefficienti!$B$9*$A10)+Coefficienti!$B$10)*(1-Parametri!$B$4))*(1+Parametri!$B$5)+Ferramenta!$D$14+Coefficienti!$B$11*Parametri!$B$6,2)*(1+Parametri!$B$7),2) | H10: =ROUND(ROUND((((Coefficienti!$B$1+Coefficienti!$B$2*H$2+Coefficienti!$B$3*$A10)*Parametri!$B$1+(Coefficienti!$B$4+Coefficienti!$B$5*H$2+Coefficienti!$B$6*$A10)*Parametri!$B$2)*(1-Parametri!$B$3)+((Coefficienti!$B$7+Coefficienti!$B$8*H$2+Coefficienti!$B$9*$A10)+Coefficienti!$B$10)*(1-Parametri!$B$4))*(1+Parametri!$B$5)+Ferramenta!$D$14+Coefficienti!$B$11*Parametri!$B$6,2)*(1+Parametri!$B$7),2) | I10: =ROUND(ROUND((((Coefficienti!$B$1+Coefficienti!$B$2*I$2+Coefficienti!$B$3*$A10)*Parametri!$B$1+(Coefficienti!$B$4+Coefficienti!$B$5*I$2+Coefficienti!$B$6*$A10)*Parametri!$B$2)*(1-Parametri!$B$3)+((Coefficienti!$B$7+Coefficienti!$B$8*I$2+Coefficienti!$B$9*$A10)+Coefficienti!$B$10)*(1-Parametri!$B$4))*(1+Parametri!$B$5)+Ferramenta!$D$14+Coefficienti!$B$11*Parametri!$B$6,2)*(1+Parametri!$B$7),2) | ... N10: =ROUND(ROUND((((Coefficienti!$B$1+Coefficienti!$B$2*N$2+Coefficienti!$B$3*$A10)*Parametri!$B$1+(Coefficienti!$B$4+Coefficienti!$B$5*N$2+Coefficienti!$B$6*$A10)*Parametri!$B$2)*(1-Parametri!$B$3)+((Coefficienti!$B$7+Coefficienti!$B$8*N$2+Coefficienti!$B$9*$A10)+Coefficienti!$B$10)*(1-Parametri!$B$4))*(1+Parametri!$B$5)+Ferramenta!$D$14+Coefficienti!$B$11*Parametri!$B$6,2)*(1+Parametri!$B$7),2)
A11: 1300 | B11: =ROUND(ROUND((((Coefficienti!$B$1+Coefficienti!$B$2*B$2+Coefficienti!$B$3*$A11)*Parametri!$B$1+(Coefficienti!$B$4+Coefficienti!$B$5*B$2+Coefficienti!$B$6*$A11)*Parametri!$B$2)*(1-Parametri!$B$3)+((Coefficienti!$B$7+Coefficienti!$B$8*B$2+Coefficienti!$B$9*$A11)+Coefficienti!$B$10)*(1-Parametri!$B$4))*(1+Parametri!$B$5)+Ferramenta!$D$14+Coefficienti!$B$11*Parametri!$B$6,2)*(1+Parametri!$B$7),2) | C11: =ROUND(ROUND((((Coefficienti!$B$1+Coefficienti!$B$2*C$2+Coefficienti!$B$3*$A11)*Parametri!$B$1+(Coefficienti!$B$4+Coefficienti!$B$5*C$2+Coefficienti!$B$6*$A11)*Parametri!$B$2)*(1-Parametri!$B$3)+((Coefficienti!$B$7+Coefficienti!$B$8*C$2+Coefficienti!$B$9*$A11)+Coefficienti!$B$10)*(1-Parametri!$B$4))*(1+Parametri!$B$5)+Ferramenta!$D$14+Coefficienti!$B$11*Parametri!$B$6,2)*(1+Parametri!$B$7),2) | D11: =ROUND(ROUND((((Coefficienti!$B$1+Coefficienti!$B$2*D$2+Coefficienti!$B$3*$A11)*Parametri!$B$1+(Coefficienti!$B$4+Coefficienti!$B$5*D$2+Coefficienti!$B$6*$A11)*Parametri!$B$2)*(1-Parametri!$B$3)+((Coefficienti!$B$7+Coefficienti!$B$8*D$2+Coefficienti!$B$9*$A11)+Coefficienti!$B$10)*(1-Parametri!$B$4))*(1+Parametri!$B$5)+Ferramenta!$D$14+Coefficienti!$B$11*Parametri!$B$6,2)*(1+Parametri!$B$7),2) | E11: =ROUND(ROUND((((Coefficienti!$B$1+Coefficienti!$B$2*E$2+Coefficienti!$B$3*$A11)*Parametri!$B$1+(Coefficienti!$B$4+Coefficienti!$B$5*E$2+Coefficienti!$B$6*$A11)*Parametri!$B$2)*(1-Parametri!$B$3)+((Coefficienti!$B$7+Coefficienti!$B$8*E$2+Coefficienti!$B$9*$A11)+Coefficienti!$B$10)*(1-Parametri!$B$4))*(1+Parametri!$B$5)+Ferramenta!$D$14+Coefficienti!$B$11*Parametri!$B$6,2)*(1+Parametri!$B$7),2) | F11: =ROUND(ROUND((((Coefficienti!$B$1+Coefficienti!$B$2*F$2+Coefficienti!$B$3*$A11)*Parametri!$B$1+(Coefficienti!$B$4+Coefficienti!$B$5*F$2+Coefficienti!$B$6*$A11)*Parametri!$B$2)*(1-Parametri!$B$3)+((Coefficienti!$B$7+Coefficienti!$B$8*F$2+Coefficienti!$B$9*$A11)+Coefficienti!$B$10)*(1-Parametri!$B$4))*(1+Parametri!$B$5)+Ferramenta!$D$14+Coefficienti!$B$11*Parametri!$B$6,2)*(1+Parametri!$B$7),2) | G11: =ROUND(ROUND((((Coefficienti!$B$1+Coefficienti!$B$2*G$2+Coefficienti!$B$3*$A11)*Parametri!$B$1+(Coefficienti!$B$4+Coefficienti!$B$5*G$2+Coefficienti!$B$6*$A11)*Parametri!$B$2)*(1-Parametri!$B$3)+((Coefficienti!$B$7+Coefficienti!$B$8*G$2+Coefficienti!$B$9*$A11)+Coefficienti!$B$10)*(1-Parametri!$B$4))*(1+Parametri!$B$5)+Ferramenta!$D$14+Coefficienti!$B$11*Parametri!$B$6,2)*(1+Parametri!$B$7),2) | H11: =ROUND(ROUND((((Coefficienti!$B$1+Coefficienti!$B$2*H$2+Coefficienti!$B$3*$A11)*Parametri!$B$1+(Coefficienti!$B$4+Coefficienti!$B$5*H$2+Coefficienti!$B$6*$A11)*Parametri!$B$2)*(1-Parametri!$B$3)+((Coefficienti!$B$7+Coefficienti!$B$8*H$2+Coefficienti!$B$9*$A11)+Coefficienti!$B$10)*(1-Parametri!$B$4))*(1+Parametri!$B$5)+Ferramenta!$D$14+Coefficienti!$B$11*Parametri!$B$6,2)*(1+Parametri!$B$7),2) | I11: =ROUND(ROUND((((Coefficienti!$B$1+Coefficienti!$B$2*I$2+Coefficienti!$B$3*$A11)*Parametri!$B$1+(Coefficienti!$B$4+Coefficienti!$B$5*I$2+Coefficienti!$B$6*$A11)*Parametri!$B$2)*(1-Parametri!$B$3)+((Coefficienti!$B$7+Coefficienti!$B$8*I$2+Coefficienti!$B$9*$A11)+Coefficienti!$B$10)*(1-Parametri!$B$4))*(1+Parametri!$B$5)+Ferramenta!$D$14+Coefficienti!$B$11*Parametri!$B$6,2)*(1+Parametri!$B$7),2) | ... N11: =ROUND(ROUND((((Coefficienti!$B$1+Coefficienti!$B$2*N$2+Coefficienti!$B$3*$A11)*Parametri!$B$1+(Coefficienti!$B$4+Coefficienti!$B$5*N$2+Coefficienti!$B$6*$A11)*Parametri!$B$2)*(1-Parametri!$B$3)+((Coefficienti!$B$7+Coefficienti!$B$8*N$2+Coefficienti!$B$9*$A11)+Coefficienti!$B$10)*(1-Parametri!$B$4))*(1+Parametri!$B$5)+Ferramenta!$D$14+Coefficienti!$B$11*Parametri!$B$6,2)*(1+Parametri!$B$7),2)
A12: 1400 | B12: =ROUND(ROUND((((Coefficienti!$B$1+Coefficienti!$B$2*B$2+Coefficienti!$B$3*$A12)*Parametri!$B$1+(Coefficienti!$B$4+Coefficienti!$B$5*B$2+Coefficienti!$B$6*$A12)*Parametri!$B$2)*(1-Parametri!$B$3)+((Coefficienti!$B$7+Coefficienti!$B$8*B$2+Coefficienti!$B$9*$A12)+Coefficienti!$B$10)*(1-Parametri!$B$4))*(1+Parametri!$B$5)+Ferramenta!$D$14+Coefficienti!$B$11*Parametri!$B$6,2)*(1+Parametri!$B$7),2) | C12: =ROUND(ROUND((((Coefficienti!$B$1+Coefficienti!$B$2*C$2+Coefficienti!$B$3*$A12)*Parametri!$B$1+(Coefficienti!$B$4+Coefficienti!$B$5*C$2+Coefficienti!$B$6*$A12)*Parametri!$B$2)*(1-Parametri!$B$3)+((Coefficienti!$B$7+Coefficienti!$B$8*C$2+Coefficienti!$B$9*$A12)+Coefficienti!$B$10)*(1-Parametri!$B$4))*(1+Parametri!$B$5)+Ferramenta!$D$14+Coefficienti!$B$11*Parametri!$B$6,2)*(1+Parametri!$B$7),2) | D12: =ROUND(ROUND((((Coefficienti!$B$1+Coefficienti!$B$2*D$2+Coefficienti!$B$3*$A12)*Parametri!$B$1+(Coefficienti!$B$4+Coefficienti!$B$5*D$2+Coefficienti!$B$6*$A12)*Parametri!$B$2)*(1-Parametri!$B$3)+((Coefficienti!$B$7+Coefficienti!$B$8*D$2+Coefficienti!$B$9*$A12)+Coefficienti!$B$10)*(1-Parametri!$B$4))*(1+Parametri!$B$5)+Ferramenta!$D$14+Coefficienti!$B$11*Parametri!$B$6,2)*(1+Parametri!$B$7),2) | E12: =ROUND(ROUND((((Coefficienti!$B$1+Coefficienti!$B$2*E$2+Coefficienti!$B$3*$A12)*Parametri!$B$1+(Coefficienti!$B$4+Coefficienti!$B$5*E$2+Coefficienti!$B$6*$A12)*Parametri!$B$2)*(1-Parametri!$B$3)+((Coefficienti!$B$7+Coefficienti!$B$8*E$2+Coefficienti!$B$9*$A12)+Coefficienti!$B$10)*(1-Parametri!$B$4))*(1+Parametri!$B$5)+Ferramenta!$D$14+Coefficienti!$B$11*Parametri!$B$6,2)*(1+Parametri!$B$7),2) | F12: =ROUND(ROUND((((Coefficienti!$B$1+Coefficienti!$B$2*F$2+Coefficienti!$B$3*$A12)*Parametri!$B$1+(Coefficienti!$B$4+Coefficienti!$B$5*F$2+Coefficienti!$B$6*$A12)*Parametri!$B$2)*(1-Parametri!$B$3)+((Coefficienti!$B$7+Coefficienti!$B$8*F$2+Coefficienti!$B$9*$A12)+Coefficienti!$B$10)*(1-Parametri!$B$4))*(1+Parametri!$B$5)+Ferramenta!$D$14+Coefficienti!$B$11*Parametri!$B$6,2)*(1+Parametri!$B$7),2) | G12: =ROUND(ROUND((((Coefficienti!$B$1+Coefficienti!$B$2*G$2+Coefficienti!$B$3*$A12)*Parametri!$B$1+(Coefficienti!$B$4+Coefficienti!$B$5*G$2+Coefficienti!$B$6*$A12)*Parametri!$B$2)*(1-Parametri!$B$3)+((Coefficienti!$B$7+Coefficienti!$B$8*G$2+Coefficienti!$B$9*$A12)+Coefficienti!$B$10)*(1-Parametri!$B$4))*(1+Parametri!$B$5)+Ferramenta!$D$14+Coefficienti!$B$11*Parametri!$B$6,2)*(1+Parametri!$B$7),2) | H12: =ROUND(ROUND((((Coefficienti!$B$1+Coefficienti!$B$2*H$2+Coefficienti!$B$3*$A12)*Parametri!$B$1+(Coefficienti!$B$4+Coefficienti!$B$5*H$2+Coefficienti!$B$6*$A12)*Parametri!$B$2)*(1-Parametri!$B$3)+((Coefficienti!$B$7+Coefficienti!$B$8*H$2+Coefficienti!$B$9*$A12)+Coefficienti!$B$10)*(1-Parametri!$B$4))*(1+Parametri!$B$5)+Ferramenta!$D$14+Coefficienti!$B$11*Parametri!$B$6,2)*(1+Parametri!$B$7),2) | I12: =ROUND(ROUND((((Coefficienti!$B$1+Coefficienti!$B$2*I$2+Coefficienti!$B$3*$A12)*Parametri!$B$1+(Coefficienti!$B$4+Coefficienti!$B$5*I$2+Coefficienti!$B$6*$A12)*Parametri!$B$2)*(1-Parametri!$B$3)+((Coefficienti!$B$7+Coefficienti!$B$8*I$2+Coefficienti!$B$9*$A12)+Coefficienti!$B$10)*(1-Parametri!$B$4))*(1+Parametri!$B$5)+Ferramenta!$D$14+Coefficienti!$B$11*Parametri!$B$6,2)*(1+Parametri!$B$7),2) | ... N12: =ROUND(ROUND((((Coefficienti!$B$1+Coefficienti!$B$2*N$2+Coefficienti!$B$3*$A12)*Parametri!$B$1+(Coefficienti!$B$4+Coefficienti!$B$5*N$2+Coefficienti!$B$6*$A12)*Parametri!$B$2)*(1-Parametri!$B$3)+((Coefficienti!$B$7+Coefficienti!$B$8*N$2+Coefficienti!$B$9*$A12)+Coefficienti!$B$10)*(1-Parametri!$B$4))*(1+Parametri!$B$5)+Ferramenta!$D$14+Coefficienti!$B$11*Parametri!$B$6,2)*(1+Parametri!$B$7),2)
A13: 1500 | B13: =ROUND(ROUND((((Coefficienti!$B$1+Coefficienti!$B$2*B$2+Coefficienti!$B$3*$A13)*Parametri!$B$1+(Coefficienti!$B$4+Coefficienti!$B$5*B$2+Coefficienti!$B$6*$A13)*Parametri!$B$2)*(1-Parametri!$B$3)+((Coefficienti!$B$7+Coefficienti!$B$8*B$2+Coefficienti!$B$9*$A13)+Coefficienti!$B$10)*(1-Parametri!$B$4))*(1+Parametri!$B$5)+Ferramenta!$D$14+Coefficienti!$B$11*Parametri!$B$6,2)*(1+Parametri!$B$7),2) | C13: =ROUND(ROUND((((Coefficienti!$B$1+Coefficienti!$B$2*C$2+Coefficienti!$B$3*$A13)*Parametri!$B$1+(Coefficienti!$B$4+Coefficienti!$B$5*C$2+Coefficienti!$B$6*$A13)*Parametri!$B$2)*(1-Parametri!$B$3)+((Coefficienti!$B$7+Coefficienti!$B$8*C$2+Coefficienti!$B$9*$A13)+Coefficienti!$B$10)*(1-Parametri!$B$4))*(1+Parametri!$B$5)+Ferramenta!$D$14+Coefficienti!$B$11*Parametri!$B$6,2)*(1+Parametri!$B$7),2) | D13: =ROUND(ROUND((((Coefficienti!$B$1+Coefficienti!$B$2*D$2+Coefficienti!$B$3*$A13)*Parametri!$B$1+(Coefficienti!$B$4+Coefficienti!$B$5*D$2+Coefficienti!$B$6*$A13)*Parametri!$B$2)*(1-Parametri!$B$3)+((Coefficienti!$B$7+Coefficienti!$B$8*D$2+Coefficienti!$B$9*$A13)+Coefficienti!$B$10)*(1-Parametri!$B$4))*(1+Parametri!$B$5)+Ferramenta!$D$14+Coefficienti!$B$11*Parametri!$B$6,2)*(1+Parametri!$B$7),2) | E13: =ROUND(ROUND((((Coefficienti!$B$1+Coefficienti!$B$2*E$2+Coefficienti!$B$3*$A13)*Parametri!$B$1+(Coefficienti!$B$4+Coefficienti!$B$5*E$2+Coefficienti!$B$6*$A13)*Parametri!$B$2)*(1-Parametri!$B$3)+((Coefficienti!$B$7+Coefficienti!$B$8*E$2+Coefficienti!$B$9*$A13)+Coefficienti!$B$10)*(1-Parametri!$B$4))*(1+Parametri!$B$5)+Ferramenta!$D$14+Coefficienti!$B$11*Parametri!$B$6,2)*(1+Parametri!$B$7),2) | F13: =ROUND(ROUND((((Coefficienti!$B$1+Coefficienti!$B$2*F$2+Coefficienti!$B$3*$A13)*Parametri!$B$1+(Coefficienti!$B$4+Coefficienti!$B$5*F$2+Coefficienti!$B$6*$A13)*Parametri!$B$2)*(1-Parametri!$B$3)+((Coefficienti!$B$7+Coefficienti!$B$8*F$2+Coefficienti!$B$9*$A13)+Coefficienti!$B$10)*(1-Parametri!$B$4))*(1+Parametri!$B$5)+Ferramenta!$D$14+Coefficienti!$B$11*Parametri!$B$6,2)*(1+Parametri!$B$7),2) | G13: =ROUND(ROUND((((Coefficienti!$B$1+Coefficienti!$B$2*G$2+Coefficienti!$B$3*$A13)*Parametri!$B$1+(Coefficienti!$B$4+Coefficienti!$B$5*G$2+Coefficienti!$B$6*$A13)*Parametri!$B$2)*(1-Parametri!$B$3)+((Coefficienti!$B$7+Coefficienti!$B$8*G$2+Coefficienti!$B$9*$A13)+Coefficienti!$B$10)*(1-Parametri!$B$4))*(1+Parametri!$B$5)+Ferramenta!$D$14+Coefficienti!$B$11*Parametri!$B$6,2)*(1+Parametri!$B$7),2) | H13: =ROUND(ROUND((((Coefficienti!$B$1+Coefficienti!$B$2*H$2+Coefficienti!$B$3*$A13)*Parametri!$B$1+(Coefficienti!$B$4+Coefficienti!$B$5*H$2+Coefficienti!$B$6*$A13)*Parametri!$B$2)*(1-Parametri!$B$3)+((Coefficienti!$B$7+Coefficienti!$B$8*H$2+Coefficienti!$B$9*$A13)+Coefficienti!$B$10)*(1-Parametri!$B$4))*(1+Parametri!$B$5)+Ferramenta!$D$14+Coefficienti!$B$11*Parametri!$B$6,2)*(1+Parametri!$B$7),2) | I13: =ROUND(ROUND((((Coefficienti!$B$1+Coefficienti!$B$2*I$2+Coefficienti!$B$3*$A13)*Parametri!$B$1+(Coefficienti!$B$4+Coefficienti!$B$5*I$2+Coefficienti!$B$6*$A13)*Parametri!$B$2)*(1-Parametri!$B$3)+((Coefficienti!$B$7+Coefficienti!$B$8*I$2+Coefficienti!$B$9*$A13)+Coefficienti!$B$10)*(1-Parametri!$B$4))*(1+Parametri!$B$5)+Ferramenta!$D$14+Coefficienti!$B$11*Parametri!$B$6,2)*(1+Parametri!$B$7),2) | ... N13: =ROUND(ROUND((((Coefficienti!$B$1+Coefficienti!$B$2*N$2+Coefficienti!$B$3*$A13)*Parametri!$B$1+(Coefficienti!$B$4+Coefficienti!$B$5*N$2+Coefficienti!$B$6*$A13)*Parametri!$B$2)*(1-Parametri!$B$3)+((Coefficienti!$B$7+Coefficienti!$B$8*N$2+Coefficienti!$B$9*$A13)+Coefficienti!$B$10)*(1-Parametri!$B$4))*(1+Parametri!$B$5)+Ferramenta!$D$14+Coefficienti!$B$11*Parametri!$B$6,2)*(1+Parametri!$B$7),2)
A14: 1600 | B14: =ROUND(ROUND((((Coefficienti!$B$1+Coefficienti!$B$2*B$2+Coefficienti!$B$3*$A14)*Parametri!$B$1+(Coefficienti!$B$4+Coefficienti!$B$5*B$2+Coefficienti!$B$6*$A14)*Parametri!$B$2)*(1-Parametri!$B$3)+((Coefficienti!$B$7+Coefficienti!$B$8*B$2+Coefficienti!$B$9*$A14)+Coefficienti!$B$10)*(1-Parametri!$B$4))*(1+Parametri!$B$5)+Ferramenta!$D$14+Coefficienti!$B$11*Parametri!$B$6,2)*(1+Parametri!$B$7),2) | C14: =ROUND(ROUND((((Coefficienti!$B$1+Coefficienti!$B$2*C$2+Coefficienti!$B$3*$A14)*Parametri!$B$1+(Coefficienti!$B$4+Coefficienti!$B$5*C$2+Coefficienti!$B$6*$A14)*Parametri!$B$2)*(1-Parametri!$B$3)+((Coefficienti!$B$7+Coefficienti!$B$8*C$2+Coefficienti!$B$9*$A14)+Coefficienti!$B$10)*(1-Parametri!$B$4))*(1+Parametri!$B$5)+Ferramenta!$D$14+Coefficienti!$B$11*Parametri!$B$6,2)*(1+Parametri!$B$7),2) | D14: =ROUND(ROUND((((Coefficienti!$B$1+Coefficienti!$B$2*D$2+Coefficienti!$B$3*$A14)*Parametri!$B$1+(Coefficienti!$B$4+Coefficienti!$B$5*D$2+Coefficienti!$B$6*$A14)*Parametri!$B$2)*(1-Parametri!$B$3)+((Coefficienti!$B$7+Coefficienti!$B$8*D$2+Coefficienti!$B$9*$A14)+Coefficienti!$B$10)*(1-Parametri!$B$4))*(1+Parametri!$B$5)+Ferramenta!$D$14+Coefficienti!$B$11*Parametri!$B$6,2)*(1+Parametri!$B$7),2) | E14: =ROUND(ROUND((((Coefficienti!$B$1+Coefficienti!$B$2*E$2+Coefficienti!$B$3*$A14)*Parametri!$B$1+(Coefficienti!$B$4+Coefficienti!$B$5*E$2+Coefficienti!$B$6*$A14)*Parametri!$B$2)*(1-Parametri!$B$3)+((Coefficienti!$B$7+Coefficienti!$B$8*E$2+Coefficienti!$B$9*$A14)+Coefficienti!$B$10)*(1-Parametri!$B$4))*(1+Parametri!$B$5)+Ferramenta!$D$14+Coefficienti!$B$11*Parametri!$B$6,2)*(1+Parametri!$B$7),2) | F14: =ROUND(ROUND((((Coefficienti!$B$1+Coefficienti!$B$2*F$2+Coefficienti!$B$3*$A14)*Parametri!$B$1+(Coefficienti!$B$4+Coefficienti!$B$5*F$2+Coefficienti!$B$6*$A14)*Parametri!$B$2)*(1-Parametri!$B$3)+((Coefficienti!$B$7+Coefficienti!$B$8*F$2+Coefficienti!$B$9*$A14)+Coefficienti!$B$10)*(1-Parametri!$B$4))*(1+Parametri!$B$5)+Ferramenta!$D$14+Coefficienti!$B$11*Parametri!$B$6,2)*(1+Parametri!$B$7),2) | G14: =ROUND(ROUND((((Coefficienti!$B$1+Coefficienti!$B$2*G$2+Coefficienti!$B$3*$A14)*Parametri!$B$1+(Coefficienti!$B$4+Coefficienti!$B$5*G$2+Coefficienti!$B$6*$A14)*Parametri!$B$2)*(1-Parametri!$B$3)+((Coefficienti!$B$7+Coefficienti!$B$8*G$2+Coefficienti!$B$9*$A14)+Coefficienti!$B$10)*(1-Parametri!$B$4))*(1+Parametri!$B$5)+Ferramenta!$D$14+Coefficienti!$B$11*Parametri!$B$6,2)*(1+Parametri!$B$7),2) | H14: =ROUND(ROUND((((Coefficienti!$B$1+Coefficienti!$B$2*H$2+Coefficienti!$B$3*$A14)*Parametri!$B$1+(Coefficienti!$B$4+Coefficienti!$B$5*H$2+Coefficienti!$B$6*$A14)*Parametri!$B$2)*(1-Parametri!$B$3)+((Coefficienti!$B$7+Coefficienti!$B$8*H$2+Coefficienti!$B$9*$A14)+Coefficienti!$B$10)*(1-Parametri!$B$4))*(1+Parametri!$B$5)+Ferramenta!$D$14+Coefficienti!$B$11*Parametri!$B$6,2)*(1+Parametri!$B$7),2) | I14: =ROUND(ROUND((((Coefficienti!$B$1+Coefficienti!$B$2*I$2+Coefficienti!$B$3*$A14)*Parametri!$B$1+(Coefficienti!$B$4+Coefficienti!$B$5*I$2+Coefficienti!$B$6*$A14)*Parametri!$B$2)*(1-Parametri!$B$3)+((Coefficienti!$B$7+Coefficienti!$B$8*I$2+Coefficienti!$B$9*$A14)+Coefficienti!$B$10)*(1-Parametri!$B$4))*(1+Parametri!$B$5)+Ferramenta!$D$14+Coefficienti!$B$11*Parametri!$B$6,2)*(1+Parametri!$B$7),2) | ... N14: =ROUND(ROUND((((Coefficienti!$B$1+Coefficienti!$B$2*N$2+Coefficienti!$B$3*$A14)*Parametri!$B$1+(Coefficienti!$B$4+Coefficienti!$B$5*N$2+Coefficienti!$B$6*$A14)*Parametri!$B$2)*(1-Parametri!$B$3)+((Coefficienti!$B$7+Coefficienti!$B$8*N$2+Coefficienti!$B$9*$A14)+Coefficienti!$B$10)*(1-Parametri!$B$4))*(1+Parametri!$B$5)+Ferramenta!$D$14+Coefficienti!$B$11*Parametri!$B$6,2)*(1+Parametri!$B$7),2)
... A18: 2000 | B18: =ROUND(ROUND((((Coefficienti!$B$1+Coefficienti!$B$2*B$2+Coefficienti!$B$3*$A18)*Parametri!$B$1+(Coefficienti!$B$4+Coefficienti!$B$5*B$2+Coefficienti!$B$6*$A18)*Parametri!$B$2)*(1-Parametri!$B$3)+((Coefficienti!$B$7+Coefficienti!$B$8*B$2+Coefficienti!$B$9*$A18)+Coefficienti!$B$10)*(1-Parametri!$B$4))*(1+Parametri!$B$5)+Ferramenta!$D$14+Coefficienti!$B$11*Parametri!$B$6,2)*(1+Parametri!$B$7),2) | C18: =ROUND(ROUND((((Coefficienti!$B$1+Coefficienti!$B$2*C$2+Coefficienti!$B$3*$A18)*Parametri!$B$1+(Coefficienti!$B$4+Coefficienti!$B$5*C$2+Coefficienti!$B$6*$A18)*Parametri!$B$2)*(1-Parametri!$B$3)+((Coefficienti!$B$7+Coefficienti!$B$8*C$2+Coefficienti!$B$9*$A18)+Coefficienti!$B$10)*(1-Parametri!$B$4))*(1+Parametri!$B$5)+Ferramenta!$D$14+Coefficienti!$B$11*Parametri!$B$6,2)*(1+Parametri!$B$7),2) | D18: =ROUND(ROUND((((Coefficienti!$B$1+Coefficienti!$B$2*D$2+Coefficienti!$B$3*$A18)*Parametri!$B$1+(Coefficienti!$B$4+Coefficienti!$B$5*D$2+Coefficienti!$B$6*$A18)*Parametri!$B$2)*(1-Parametri!$B$3)+((Coefficienti!$B$7+Coefficienti!$B$8*D$2+Coefficienti!$B$9*$A18)+Coefficienti!$B$10)*(1-Parametri!$B$4))*(1+Parametri!$B$5)+Ferramenta!$D$14+Coefficienti!$B$11*Parametri!$B$6,2)*(1+Parametri!$B$7),2) | E18: =ROUND(ROUND((((Coefficienti!$B$1+Coefficienti!$B$2*E$2+Coefficienti!$B$3*$A18)*Parametri!$B$1+(Coefficienti!$B$4+Coefficienti!$B$5*E$2+Coefficienti!$B$6*$A18)*Parametri!$B$2)*(1-Parametri!$B$3)+((Coefficienti!$B$7+Coefficienti!$B$8*E$2+Coefficienti!$B$9*$A18)+Coefficienti!$B$10)*(1-Parametri!$B$4))*(1+Parametri!$B$5)+Ferramenta!$D$14+Coefficienti!$B$11*Parametri!$B$6,2)*(1+Parametri!$B$7),2) | F18: =ROUND(ROUND((((Coefficienti!$B$1+Coefficienti!$B$2*F$2+Coefficienti!$B$3*$A18)*Parametri!$B$1+(Coefficienti!$B$4+Coefficienti!$B$5*F$2+Coefficienti!$B$6*$A18)*Parametri!$B$2)*(1-Parametri!$B$3)+((Coefficienti!$B$7+Coefficienti!$B$8*F$2+Coefficienti!$B$9*$A18)+Coefficienti!$B$10)*(1-Parametri!$B$4))*(1+Parametri!$B$5)+Ferramenta!$D$14+Coefficienti!$B$11*Parametri!$B$6,2)*(1+Parametri!$B$7),2) | G18: =ROUND(ROUND((((Coefficienti!$B$1+Coefficienti!$B$2*G$2+Coefficienti!$B$3*$A18)*Parametri!$B$1+(Coefficienti!$B$4+Coefficienti!$B$5*G$2+Coefficienti!$B$6*$A18)*Parametri!$B$2)*(1-Parametri!$B$3)+((Coefficienti!$B$7+Coefficienti!$B$8*G$2+Coefficienti!$B$9*$A18)+Coefficienti!$B$10)*(1-Parametri!$B$4))*(1+Parametri!$B$5)+Ferramenta!$D$14+Coefficienti!$B$11*Parametri!$B$6,2)*(1+Parametri!$B$7),2) | H18: =ROUND(ROUND((((Coefficienti!$B$1+Coefficienti!$B$2*H$2+Coefficienti!$B$3*$A18)*Parametri!$B$1+(Coefficienti!$B$4+Coefficienti!$B$5*H$2+Coefficienti!$B$6*$A18)*Parametri!$B$2)*(1-Parametri!$B$3)+((Coefficienti!$B$7+Coefficienti!$B$8*H$2+Coefficienti!$B$9*$A18)+Coefficienti!$B$10)*(1-Parametri!$B$4))*(1+Parametri!$B$5)+Ferramenta!$D$14+Coefficienti!$B$11*Parametri!$B$6,2)*(1+Parametri!$B$7),2) | I18: =ROUND(ROUND((((Coefficienti!$B$1+Coefficienti!$B$2*I$2+Coefficienti!$B$3*$A18)*Parametri!$B$1+(Coefficienti!$B$4+Coefficienti!$B$5*I$2+Coefficienti!$B$6*$A18)*Parametri!$B$2)*(1-Parametri!$B$3)+((Coefficienti!$B$7+Coefficienti!$B$8*I$2+Coefficienti!$B$9*$A18)+Coefficienti!$B$10)*(1-Parametri!$B$4))*(1+Parametri!$B$5)+Ferramenta!$D$14+Coefficienti!$B$11*Parametri!$B$6,2)*(1+Parametri!$B$7),2) | ... N18: =ROUND(ROUND((((Coefficienti!$B$1+Coefficienti!$B$2*N$2+Coefficienti!$B$3*$A18)*Parametri!$B$1+(Coefficienti!$B$4+Coefficienti!$B$5*N$2+Coefficienti!$B$6*$A18)*Parametri!$B$2)*(1-Parametri!$B$3)+((Coefficienti!$B$7+Coefficienti!$B$8*N$2+Coefficienti!$B$9*$A18)+Coefficienti!$B$10)*(1-Parametri!$B$4))*(1+Parametri!$B$5)+Ferramenta!$D$14+Coefficienti!$B$11*Parametri!$B$6,2)*(1+Parametri!$B$7),2)
A21: COSTO SERRAMENTO (materiale scontato + sfrido + manodopera)
A22: H/L | B22: 800 | C22: 900 | D22: 1000 | E22: 1100 | F22: 1200 | G22: 1300 | H22: 1400 | I22: 1500 | J22: 1600 | K22: 1700 | L22: 1800 | M22: 1900 | N22: 2000
A23: 500 | B23: =ROUND((((Coefficienti!$B$1+Coefficienti!$B$2*B$22+Coefficienti!$B$3*$A23)*Parametri!$B$1+(Coefficienti!$B$4+Coefficienti!$B$5*B$22+Coefficienti!$B$6*$A23)*Parametri!$B$2)*(1-Parametri!$B$3)+((Coefficienti!$B$7+Coefficienti!$B$8*B$22+Coefficienti!$B$9*$A23)+Coefficienti!$B$10)*(1-Parametri!$B$4))*(1+Parametri!$B$5)+Ferramenta!$D$14+Coefficienti!$B$11*Parametri!$B$6,2) | C23: =ROUND((((Coefficienti!$B$1+Coefficienti!$B$2*C$22+Coefficienti!$B$3*$A23)*Parametri!$B$1+(Coefficienti!$B$4+Coefficienti!$B$5*C$22+Coefficienti!$B$6*$A23)*Parametri!$B$2)*(1-Parametri!$B$3)+((Coefficienti!$B$7+Coefficienti!$B$8*C$22+Coefficienti!$B$9*$A23)+Coefficienti!$B$10)*(1-Parametri!$B$4))*(1+Parametri!$B$5)+Ferramenta!$D$14+Coefficienti!$B$11*Parametri!$B$6,2) | D23: =ROUND((((Coefficienti!$B$1+Coefficienti!$B$2*D$22+Coefficienti!$B$3*$A23)*Parametri!$B$1+(Coefficienti!$B$4+Coefficienti!$B$5*D$22+Coefficienti!$B$6*$A23)*Parametri!$B$2)*(1-Parametri!$B$3)+((Coefficienti!$B$7+Coefficienti!$B$8*D$22+Coefficienti!$B$9*$A23)+Coefficienti!$B$10)*(1-Parametri!$B$4))*(1+Parametri!$B$5)+Ferramenta!$D$14+Coefficienti!$B$11*Parametri!$B$6,2) | E23: =ROUND((((Coefficienti!$B$1+Coefficienti!$B$2*E$22+Coefficienti!$B$3*$A23)*Parametri!$B$1+(Coefficienti!$B$4+Coefficienti!$B$5*E$22+Coefficienti!$B$6*$A23)*Parametri!$B$2)*(1-Parametri!$B$3)+((Coefficienti!$B$7+Coefficienti!$B$8*E$22+Coefficienti!$B$9*$A23)+Coefficienti!$B$10)*(1-Parametri!$B$4))*(1+Parametri!$B$5)+Ferramenta!$D$14+Coefficienti!$B$11*Parametri!$B$6,2) | F23: =ROUND((((Coefficienti!$B$1+Coefficienti!$B$2*F$22+Coefficienti!$B$3*$A23)*Parametri!$B$1+(Coefficienti!$B$4+Coefficienti!$B$5*F$22+Coefficienti!$B$6*$A23)*Parametri!$B$2)*(1-Parametri!$B$3)+((Coefficienti!$B$7+Coefficienti!$B$8*F$22+Coefficienti!$B$9*$A23)+Coefficienti!$B$10)*(1-Parametri!$B$4))*(1+Parametri!$B$5)+Ferramenta!$D$14+Coefficienti!$B$11*Parametri!$B$6,2) | G23: =ROUND((((Coefficienti!$B$1+Coefficienti!$B$2*G$22+Coefficienti!$B$3*$A23)*Parametri!$B$1+(Coefficienti!$B$4+Coefficienti!$B$5*G$22+Coefficienti!$B$6*$A23)*Parametri!$B$2)*(1-Parametri!$B$3)+((Coefficienti!$B$7+Coefficienti!$B$8*G$22+Coefficienti!$B$9*$A23)+Coefficienti!$B$10)*(1-Parametri!$B$4))*(1+Parametri!$B$5)+Ferramenta!$D$14+Coefficienti!$B$11*Parametri!$B$6,2) | H23: =ROUND((((Coefficienti!$B$1+Coefficienti!$B$2*H$22+Coefficienti!$B$3*$A23)*Parametri!$B$1+(Coefficienti!$B$4+Coefficienti!$B$5*H$22+Coefficienti!$B$6*$A23)*Parametri!$B$2)*(1-Parametri!$B$3)+((Coefficienti!$B$7+Coefficienti!$B$8*H$22+Coefficienti!$B$9*$A23)+Coefficienti!$B$10)*(1-Parametri!$B$4))*(1+Parametri!$B$5)+Ferramenta!$D$14+Coefficienti!$B$11*Parametri!$B$6,2) | I23: =ROUND((((Coefficienti!$B$1+Coefficienti!$B$2*I$22+Coefficienti!$B$3*$A23)*Parametri!$B$1+(Coefficienti!$B$4+Coefficienti!$B$5*I$22+Coefficienti!$B$6*$A23)*Parametri!$B$2)*(1-Parametri!$B$3)+((Coefficienti!$B$7+Coefficienti!$B$8*I$22+Coefficienti!$B$9*$A23)+Coefficienti!$B$10)*(1-Parametri!$B$4))*(1+Parametri!$B$5)+Ferramenta!$D$14+Coefficienti!$B$11*Parametri!$B$6,2) | ... N23: =ROUND((((Coefficienti!$B$1+Coefficienti!$B$2*N$22+Coefficienti!$B$3*$A23)*Parametri!$B$1+(Coefficienti!$B$4+Coefficienti!$B$5*N$22+Coefficienti!$B$6*$A23)*Parametri!$B$2)*(1-Parametri!$B$3)+((Coefficienti!$B$7+Coefficienti!$B$8*N$22+Coefficienti!$B$9*$A23)+Coefficienti!$B$10)*(1-Parametri!$B$4))*(1+Parametri!$B$5)+Ferramenta!$D$14+Coefficienti!$B$11*Parametri!$B$6,2)
A24: 600 | B24: =ROUND((((Coefficienti!$B$1+Coefficienti!$B$2*B$22+Coefficienti!$B$3*$A24)*Parametri!$B$1+(Coefficienti!$B$4+Coefficienti!$B$5*B$22+Coefficienti!$B$6*$A24)*Parametri!$B$2)*(1-Parametri!$B$3)+((Coefficienti!$B$7+Coefficienti!$B$8*B$22+Coefficienti!$B$9*$A24)+Coefficienti!$B$10)*(1-Parametri!$B$4))*(1+Parametri!$B$5)+Ferramenta!$D$14+Coefficienti!$B$11*Parametri!$B$6,2) | C24: =ROUND((((Coefficienti!$B$1+Coefficienti!$B$2*C$22+Coefficienti!$B$3*$A24)*Parametri!$B$1+(Coefficienti!$B$4+Coefficienti!$B$5*C$22+Coefficienti!$B$6*$A24)*Parametri!$B$2)*(1-Parametri!$B$3)+((Coefficienti!$B$7+Coefficienti!$B$8*C$22+Coefficienti!$B$9*$A24)+Coefficienti!$B$10)*(1-Parametri!$B$4))*(1+Parametri!$B$5)+Ferramenta!$D$14+Coefficienti!$B$11*Parametri!$B$6,2) | D24: =ROUND((((Coefficienti!$B$1+Coefficienti!$B$2*D$22+Coefficienti!$B$3*$A24)*Parametri!$B$1+(Coefficienti!$B$4+Coefficienti!$B$5*D$22+Coefficienti!$B$6*$A24)*Parametri!$B$2)*(1-Parametri!$B$3)+((Coefficienti!$B$7+Coefficienti!$B$8*D$22+Coefficienti!$B$9*$A24)+Coefficienti!$B$10)*(1-Parametri!$B$4))*(1+Parametri!$B$5)+Ferramenta!$D$14+Coefficienti!$B$11*Parametri!$B$6,2) | E24: =ROUND((((Coefficienti!$B$1+Coefficienti!$B$2*E$22+Coefficienti!$B$3*$A24)*Parametri!$B$1+(Coefficienti!$B$4+Coefficienti!$B$5*E$22+Coefficienti!$B$6*$A24)*Parametri!$B$2)*(1-Parametri!$B$3)+((Coefficienti!$B$7+Coefficienti!$B$8*E$22+Coefficienti!$B$9*$A24)+Coefficienti!$B$10)*(1-Parametri!$B$4))*(1+Parametri!$B$5)+Ferramenta!$D$14+Coefficienti!$B$11*Parametri!$B$6,2) | F24: =ROUND((((Coefficienti!$B$1+Coefficienti!$B$2*F$22+Coefficienti!$B$3*$A24)*Parametri!$B$1+(Coefficienti!$B$4+Coefficienti!$B$5*F$22+Coefficienti!$B$6*$A24)*Parametri!$B$2)*(1-Parametri!$B$3)+((Coefficienti!$B$7+Coefficienti!$B$8*F$22+Coefficienti!$B$9*$A24)+Coefficienti!$B$10)*(1-Parametri!$B$4))*(1+Parametri!$B$5)+Ferramenta!$D$14+Coefficienti!$B$11*Parametri!$B$6,2) | G24: =ROUND((((Coefficienti!$B$1+Coefficienti!$B$2*G$22+Coefficienti!$B$3*$A24)*Parametri!$B$1+(Coefficienti!$B$4+Coefficienti!$B$5*G$22+Coefficienti!$B$6*$A24)*Parametri!$B$2)*(1-Parametri!$B$3)+((Coefficienti!$B$7+Coefficienti!$B$8*G$22+Coefficienti!$B$9*$A24)+Coefficienti!$B$10)*(1-Parametri!$B$4))*(1+Parametri!$B$5)+Ferramenta!$D$14+Coefficienti!$B$11*Parametri!$B$6,2) | H24: =ROUND((((Coefficienti!$B$1+Coefficienti!$B$2*H$22+Coefficienti!$B$3*$A24)*Parametri!$B$1+(Coefficienti!$B$4+Coefficienti!$B$5*H$22+Coefficienti!$B$6*$A24)*Parametri!$B$2)*(1-Parametri!$B$3)+((Coefficienti!$B$7+Coefficienti!$B$8*H$22+Coefficienti!$B$9*$A24)+Coefficienti!$B$10)*(1-Parametri!$B$4))*(1+Parametri!$B$5)+Ferramenta!$D$14+Coefficienti!$B$11*Parametri!$B$6,2) | I24: =ROUND((((Coefficienti!$B$1+Coefficienti!$B$2*I$22+Coefficienti!$B$3*$A24)*Parametri!$B$1+(Coefficienti!$B$4+Coefficienti!$B$5*I$22+Coefficienti!$B$6*$A24)*Parametri!$B$2)*(1-Parametri!$B$3)+((Coefficienti!$B$7+Coefficienti!$B$8*I$22+Coefficienti!$B$9*$A24)+Coefficienti!$B$10)*(1-Parametri!$B$4))*(1+Parametri!$B$5)+Ferramenta!$D$14+Coefficienti!$B$11*Parametri!$B$6,2) | ... N24: =ROUND((((Coefficienti!$B$1+Coefficienti!$B$2*N$22+Coefficienti!$B$3*$A24)*Parametri!$B$1+(Coefficienti!$B$4+Coefficienti!$B$5*N$22+Coefficienti!$B$6*$A24)*Parametri!$B$2)*(1-Parametri!$B$3)+((Coefficienti!$B$7+Coefficienti!$B$8*N$22+Coefficienti!$B$9*$A24)+Coefficienti!$B$10)*(1-Parametri!$B$4))*(1+Parametri!$B$5)+Ferramenta!$D$14+Coefficienti!$B$11*Parametri!$B$6,2)
A25: 700 | B25: =ROUND((((Coefficienti!$B$1+Coefficienti!$B$2*B$22+Coefficienti!$B$3*$A25)*Parametri!$B$1+(Coefficienti!$B$4+Coefficienti!$B$5*B$22+Coefficienti!$B$6*$A25)*Parametri!$B$2)*(1-Parametri!$B$3)+((Coefficienti!$B$7+Coefficienti!$B$8*B$22+Coefficienti!$B$9*$A25)+Coefficienti!$B$10)*(1-Parametri!$B$4))*(1+Parametri!$B$5)+Ferramenta!$D$14+Coefficienti!$B$11*Parametri!$B$6,2) | C25: =ROUND((((Coefficienti!$B$1+Coefficienti!$B$2*C$22+Coefficienti!$B$3*$A25)*Parametri!$B$1+(Coefficienti!$B$4+Coefficienti!$B$5*C$22+Coefficienti!$B$6*$A25)*Parametri!$B$2)*(1-Parametri!$B$3)+((Coefficienti!$B$7+Coefficienti!$B$8*C$22+Coefficienti!$B$9*$A25)+Coefficienti!$B$10)*(1-Parametri!$B$4))*(1+Parametri!$B$5)+Ferramenta!$D$14+Coefficienti!$B$11*Parametri!$B$6,2) | D25: =ROUND((((Coefficienti!$B$1+Coefficienti!$B$2*D$22+Coefficienti!$B$3*$A25)*Parametri!$B$1+(Coefficienti!$B$4+Coefficienti!$B$5*D$22+Coefficienti!$B$6*$A25)*Parametri!$B$2)*(1-Parametri!$B$3)+((Coefficienti!$B$7+Coefficienti!$B$8*D$22+Coefficienti!$B$9*$A25)+Coefficienti!$B$10)*(1-Parametri!$B$4))*(1+Parametri!$B$5)+Ferramenta!$D$14+Coefficienti!$B$11*Parametri!$B$6,2) | E25: =ROUND((((Coefficienti!$B$1+Coefficienti!$B$2*E$22+Coefficienti!$B$3*$A25)*Parametri!$B$1+(Coefficienti!$B$4+Coefficienti!$B$5*E$22+Coefficienti!$B$6*$A25)*Parametri!$B$2)*(1-Parametri!$B$3)+((Coefficienti!$B$7+Coefficienti!$B$8*E$22+Coefficienti!$B$9*$A25)+Coefficienti!$B$10)*(1-Parametri!$B$4))*(1+Parametri!$B$5)+Ferramenta!$D$14+Coefficienti!$B$11*Parametri!$B$6,2) | F25: =ROUND((((Coefficienti!$B$1+Coefficienti!$B$2*F$22+Coefficienti!$B$3*$A25)*Parametri!$B$1+(Coefficienti!$B$4+Coefficienti!$B$5*F$22+Coefficienti!$B$6*$A25)*Parametri!$B$2)*(1-Parametri!$B$3)+((Coefficienti!$B$7+Coefficienti!$B$8*F$22+Coefficienti!$B$9*$A25)+Coefficienti!$B$10)*(1-Parametri!$B$4))*(1+Parametri!$B$5)+Ferramenta!$D$14+Coefficienti!$B$11*Parametri!$B$6,2) | G25: =ROUND((((Coefficienti!$B$1+Coefficienti!$B$2*G$22+Coefficienti!$B$3*$A25)*Parametri!$B$1+(Coefficienti!$B$4+Coefficienti!$B$5*G$22+Coefficienti!$B$6*$A25)*Parametri!$B$2)*(1-Parametri!$B$3)+((Coefficienti!$B$7+Coefficienti!$B$8*G$22+Coefficienti!$B$9*$A25)+Coefficienti!$B$10)*(1-Parametri!$B$4))*(1+Parametri!$B$5)+Ferramenta!$D$14+Coefficienti!$B$11*Parametri!$B$6,2) | H25: =ROUND((((Coefficienti!$B$1+Coefficienti!$B$2*H$22+Coefficienti!$B$3*$A25)*Parametri!$B$1+(Coefficienti!$B$4+Coefficienti!$B$5*H$22+Coefficienti!$B$6*$A25)*Parametri!$B$2)*(1-Parametri!$B$3)+((Coefficienti!$B$7+Coefficienti!$B$8*H$22+Coefficienti!$B$9*$A25)+Coefficienti!$B$10)*(1-Parametri!$B$4))*(1+Parametri!$B$5)+Ferramenta!$D$14+Coefficienti!$B$11*Parametri!$B$6,2) | I25: =ROUND((((Coefficienti!$B$1+Coefficienti!$B$2*I$22+Coefficienti!$B$3*$A25)*Parametri!$B$1+(Coefficienti!$B$4+Coefficienti!$B$5*I$22+Coefficienti!$B$6*$A25)*Parametri!$B$2)*(1-Parametri!$B$3)+((Coefficienti!$B$7+Coefficienti!$B$8*I$22+Coefficienti!$B$9*$A25)+Coefficienti!$B$10)*(1-Parametri!$B$4))*(1+Parametri!$B$5)+Ferramenta!$D$14+Coefficienti!$B$11*Parametri!$B$6,2) | ... N25: =ROUND((((Coefficienti!$B$1+Coefficienti!$B$2*N$22+Coefficienti!$B$3*$A25)*Parametri!$B$1+(Coefficienti!$B$4+Coefficienti!$B$5*N$22+Coefficienti!$B$6*$A25)*Parametri!$B$2)*(1-Parametri!$B$3)+((Coefficienti!$B$7+Coefficienti!$B$8*N$22+Coefficienti!$B$9*$A25)+Coefficienti!$B$10)*(1-Parametri!$B$4))*(1+Parametri!$B$5)+Ferramenta!$D$14+Coefficienti!$B$11*Parametri!$B$6,2)
A26: 800 | B26: =ROUND((((Coefficienti!$B$1+Coefficienti!$B$2*B$22+Coefficienti!$B$3*$A26)*Parametri!$B$1+(Coefficienti!$B$4+Coefficienti!$B$5*B$22+Coefficienti!$B$6*$A26)*Parametri!$B$2)*(1-Parametri!$B$3)+((Coefficienti!$B$7+Coefficienti!$B$8*B$22+Coefficienti!$B$9*$A26)+Coefficienti!$B$10)*(1-Parametri!$B$4))*(1+Parametri!$B$5)+Ferramenta!$D$14+Coefficienti!$B$11*Parametri!$B$6,2) | C26: =ROUND((((Coefficienti!$B$1+Coefficienti!$B$2*C$22+Coefficienti!$B$3*$A26)*Parametri!$B$1+(Coefficienti!$B$4+Coefficienti!$B$5*C$22+Coefficienti!$B$6*$A26)*Parametri!$B$2)*(1-Parametri!$B$3)+((Coefficienti!$B$7+Coefficienti!$B$8*C$22+Coefficienti!$B$9*$A26)+Coefficienti!$B$10)*(1-Parametri!$B$4))*(1+Parametri!$B$5)+Ferramenta!$D$14+Coefficienti!$B$11*Parametri!$B$6,2) | D26: =ROUND((((Coefficienti!$B$1+Coefficienti!$B$2*D$22+Coefficienti!$B$3*$A26)*Parametri!$B$1+(Coefficienti!$B$4+Coefficienti!$B$5*D$22+Coefficienti!$B$6*$A26)*Parametri!$B$2)*(1-Parametri!$B$3)+((Coefficienti!$B$7+Coefficienti!$B$8*D$22+Coefficienti!$B$9*$A26)+Coefficienti!$B$10)*(1-Parametri!$B$4))*(1+Parametri!$B$5)+Ferramenta!$D$14+Coefficienti!$B$11*Parametri!$B$6,2) | E26: =ROUND((((Coefficienti!$B$1+Coefficienti!$B$2*E$22+Coefficienti!$B$3*$A26)*Parametri!$B$1+(Coefficienti!$B$4+Coefficienti!$B$5*E$22+Coefficienti!$B$6*$A26)*Parametri!$B$2)*(1-Parametri!$B$3)+((Coefficienti!$B$7+Coefficienti!$B$8*E$22+Coefficienti!$B$9*$A26)+Coefficienti!$B$10)*(1-Parametri!$B$4))*(1+Parametri!$B$5)+Ferramenta!$D$14+Coefficienti!$B$11*Parametri!$B$6,2) | F26: =ROUND((((Coefficienti!$B$1+Coefficienti!$B$2*F$22+Coefficienti!$B$3*$A26)*Parametri!$B$1+(Coefficienti!$B$4+Coefficienti!$B$5*F$22+Coefficienti!$B$6*$A26)*Parametri!$B$2)*(1-Parametri!$B$3)+((Coefficienti!$B$7+Coefficienti!$B$8*F$22+Coefficienti!$B$9*$A26)+Coefficienti!$B$10)*(1-Parametri!$B$4))*(1+Parametri!$B$5)+Ferramenta!$D$14+Coefficienti!$B$11*Parametri!$B$6,2) | G26: =ROUND((((Coefficienti!$B$1+Coefficienti!$B$2*G$22+Coefficienti!$B$3*$A26)*Parametri!$B$1+(Coefficienti!$B$4+Coefficienti!$B$5*G$22+Coefficienti!$B$6*$A26)*Parametri!$B$2)*(1-Parametri!$B$3)+((Coefficienti!$B$7+Coefficienti!$B$8*G$22+Coefficienti!$B$9*$A26)+Coefficienti!$B$10)*(1-Parametri!$B$4))*(1+Parametri!$B$5)+Ferramenta!$D$14+Coefficienti!$B$11*Parametri!$B$6,2) | H26: =ROUND((((Coefficienti!$B$1+Coefficienti!$B$2*H$22+Coefficienti!$B$3*$A26)*Parametri!$B$1+(Coefficienti!$B$4+Coefficienti!$B$5*H$22+Coefficienti!$B$6*$A26)*Parametri!$B$2)*(1-Parametri!$B$3)+((Coefficienti!$B$7+Coefficienti!$B$8*H$22+Coefficienti!$B$9*$A26)+Coefficienti!$B$10)*(1-Parametri!$B$4))*(1+Parametri!$B$5)+Ferramenta!$D$14+Coefficienti!$B$11*Parametri!$B$6,2) | I26: =ROUND((((Coefficienti!$B$1+Coefficienti!$B$2*I$22+Coefficienti!$B$3*$A26)*Parametri!$B$1+(Coefficienti!$B$4+Coefficienti!$B$5*I$22+Coefficienti!$B$6*$A26)*Parametri!$B$2)*(1-Parametri!$B$3)+((Coefficienti!$B$7+Coefficienti!$B$8*I$22+Coefficienti!$B$9*$A26)+Coefficienti!$B$10)*(1-Parametri!$B$4))*(1+Parametri!$B$5)+Ferramenta!$D$14+Coefficienti!$B$11*Parametri!$B$6,2) | ... N26: =ROUND((((Coefficienti!$B$1+Coefficienti!$B$2*N$22+Coefficienti!$B$3*$A26)*Parametri!$B$1+(Coefficienti!$B$4+Coefficienti!$B$5*N$22+Coefficienti!$B$6*$A26)*Parametri!$B$2)*(1-Parametri!$B$3)+((Coefficienti!$B$7+Coefficienti!$B$8*N$22+Coefficienti!$B$9*$A26)+Coefficienti!$B$10)*(1-Parametri!$B$4))*(1+Parametri!$B$5)+Ferramenta!$D$14+Coefficienti!$B$11*Parametri!$B$6,2)
A27: 900 | B27: =ROUND((((Coefficienti!$B$1+Coefficienti!$B$2*B$22+Coefficienti!$B$3*$A27)*Parametri!$B$1+(Coefficienti!$B$4+Coefficienti!$B$5*B$22+Coefficienti!$B$6*$A27)*Parametri!$B$2)*(1-Parametri!$B$3)+((Coefficienti!$B$7+Coefficienti!$B$8*B$22+Coefficienti!$B$9*$A27)+Coefficienti!$B$10)*(1-Parametri!$B$4))*(1+Parametri!$B$5)+Ferramenta!$D$14+Coefficienti!$B$11*Parametri!$B$6,2) | C27: =ROUND((((Coefficienti!$B$1+Coefficienti!$B$2*C$22+Coefficienti!$B$3*$A27)*Parametri!$B$1+(Coefficienti!$B$4+Coefficienti!$B$5*C$22+Coefficienti!$B$6*$A27)*Parametri!$B$2)*(1-Parametri!$B$3)+((Coefficienti!$B$7+Coefficienti!$B$8*C$22+Coefficienti!$B$9*$A27)+Coefficienti!$B$10)*(1-Parametri!$B$4))*(1+Parametri!$B$5)+Ferramenta!$D$14+Coefficienti!$B$11*Parametri!$B$6,2) | D27: =ROUND((((Coefficienti!$B$1+Coefficienti!$B$2*D$22+Coefficienti!$B$3*$A27)*Parametri!$B$1+(Coefficienti!$B$4+Coefficienti!$B$5*D$22+Coefficienti!$B$6*$A27)*Parametri!$B$2)*(1-Parametri!$B$3)+((Coefficienti!$B$7+Coefficienti!$B$8*D$22+Coefficienti!$B$9*$A27)+Coefficienti!$B$10)*(1-Parametri!$B$4))*(1+Parametri!$B$5)+Ferramenta!$D$14+Coefficienti!$B$11*Parametri!$B$6,2) | E27: =ROUND((((Coefficienti!$B$1+Coefficienti!$B$2*E$22+Coefficienti!$B$3*$A27)*Parametri!$B$1+(Coefficienti!$B$4+Coefficienti!$B$5*E$22+Coefficienti!$B$6*$A27)*Parametri!$B$2)*(1-Parametri!$B$3)+((Coefficienti!$B$7+Coefficienti!$B$8*E$22+Coefficienti!$B$9*$A27)+Coefficienti!$B$10)*(1-Parametri!$B$4))*(1+Parametri!$B$5)+Ferramenta!$D$14+Coefficienti!$B$11*Parametri!$B$6,2) | F27: =ROUND((((Coefficienti!$B$1+Coefficienti!$B$2*F$22+Coefficienti!$B$3*$A27)*Parametri!$B$1+(Coefficienti!$B$4+Coefficienti!$B$5*F$22+Coefficienti!$B$6*$A27)*Parametri!$B$2)*(1-Parametri!$B$3)+((Coefficienti!$B$7+Coefficienti!$B$8*F$22+Coefficienti!$B$9*$A27)+Coefficienti!$B$10)*(1-Parametri!$B$4))*(1+Parametri!$B$5)+Ferramenta!$D$14+Coefficienti!$B$11*Parametri!$B$6,2) | G27: =ROUND((((Coefficienti!$B$1+Coefficienti!$B$2*G$22+Coefficienti!$B$3*$A27)*Parametri!$B$1+(Coefficienti!$B$4+Coefficienti!$B$5*G$22+Coefficienti!$B$6*$A27)*Parametri!$B$2)*(1-Parametri!$B$3)+((Coefficienti!$B$7+Coefficienti!$B$8*G$22+Coefficienti!$B$9*$A27)+Coefficienti!$B$10)*(1-Parametri!$B$4))*(1+Parametri!$B$5)+Ferramenta!$D$14+Coefficienti!$B$11*Parametri!$B$6,2) | H27: =ROUND((((Coefficienti!$B$1+Coefficienti!$B$2*H$22+Coefficienti!$B$3*$A27)*Parametri!$B$1+(Coefficienti!$B$4+Coefficienti!$B$5*H$22+Coefficienti!$B$6*$A27)*Parametri!$B$2)*(1-Parametri!$B$3)+((Coefficienti!$B$7+Coefficienti!$B$8*H$22+Coefficienti!$B$9*$A27)+Coefficienti!$B$10)*(1-Parametri!$B$4))*(1+Parametri!$B$5)+Ferramenta!$D$14+Coefficienti!$B$11*Parametri!$B$6,2) | I27: =ROUND((((Coefficienti!$B$1+Coefficienti!$B$2*I$22+Coefficienti!$B$3*$A27)*Parametri!$B$1+(Coefficienti!$B$4+Coefficienti!$B$5*I$22+Coefficienti!$B$6*$A27)*Parametri!$B$2)*(1-Parametri!$B$3)+((Coefficienti!$B$7+Coefficienti!$B$8*I$22+Coefficienti!$B$9*$A27)+Coefficienti!$B$10)*(1-Parametri!$B$4))*(1+Parametri!$B$5)+Ferramenta!$D$14+Coefficienti!$B$11*Parametri!$B$6,2) | ... N27: =ROUND((((Coefficienti!$B$1+Coefficienti!$B$2*N$22+Coefficienti!$B$3*$A27)*Parametri!$B$1+(Coefficienti!$B$4+Coefficienti!$B$5*N$22+Coefficienti!$B$6*$A27)*Parametri!$B$2)*(1-Parametri!$B$3)+((Coefficienti!$B$7+Coefficienti!$B$8*N$22+Coefficienti!$B$9*$A27)+Coefficienti!$B$10)*(1-Parametri!$B$4))*(1+Parametri!$B$5)+Ferramenta!$D$14+Coefficienti!$B$11*Parametri!$B$6,2)
A28: 1000 | B28: =ROUND((((Coefficienti!$B$1+Coefficienti!$B$2*B$22+Coefficienti!$B$3*$A28)*Parametri!$B$1+(Coefficienti!$B$4+Coefficienti!$B$5*B$22+Coefficienti!$B$6*$A28)*Parametri!$B$2)*(1-Parametri!$B$3)+((Coefficienti!$B$7+Coefficienti!$B$8*B$22+Coefficienti!$B$9*$A28)+Coefficienti!$B$10)*(1-Parametri!$B$4))*(1+Parametri!$B$5)+Ferramenta!$D$14+Coefficienti!$B$11*Parametri!$B$6,2) | C28: =ROUND((((Coefficienti!$B$1+Coefficienti!$B$2*C$22+Coefficienti!$B$3*$A28)*Parametri!$B$1+(Coefficienti!$B$4+Coefficienti!$B$5*C$22+Coefficienti!$B$6*$A28)*Parametri!$B$2)*(1-Parametri!$B$3)+((Coefficienti!$B$7+Coefficienti!$B$8*C$22+Coefficienti!$B$9*$A28)+Coefficienti!$B$10)*(1-Parametri!$B$4))*(1+Parametri!$B$5)+Ferramenta!$D$14+Coefficienti!$B$11*Parametri!$B$6,2) | D28: =ROUND((((Coefficienti!$B$1+Coefficienti!$B$2*D$22+Coefficienti!$B$3*$A28)*Parametri!$B$1+(Coefficienti!$B$4+Coefficienti!$B$5*D$22+Coefficienti!$B$6*$A28)*Parametri!$B$2)*(1-Parametri!$B$3)+((Coefficienti!$B$7+Coefficienti!$B$8*D$22+Coefficienti!$B$9*$A28)+Coefficienti!$B$10)*(1-Parametri!$B$4))*(1+Parametri!$B$5)+Ferramenta!$D$14+Coefficienti!$B$11*Parametri!$B$6,2) | E28: =ROUND((((Coefficienti!$B$1+Coefficienti!$B$2*E$22+Coefficienti!$B$3*$A28)*Parametri!$B$1+(Coefficienti!$B$4+Coefficienti!$B$5*E$22+Coefficienti!$B$6*$A28)*Parametri!$B$2)*(1-Parametri!$B$3)+((Coefficienti!$B$7+Coefficienti!$B$8*E$22+Coefficienti!$B$9*$A28)+Coefficienti!$B$10)*(1-Parametri!$B$4))*(1+Parametri!$B$5)+Ferramenta!$D$14+Coefficienti!$B$11*Parametri!$B$6,2) | F28: =ROUND((((Coefficienti!$B$1+Coefficienti!$B$2*F$22+Coefficienti!$B$3*$A28)*Parametri!$B$1+(Coefficienti!$B$4+Coefficienti!$B$5*F$22+Coefficienti!$B$6*$A28)*Parametri!$B$2)*(1-Parametri!$B$3)+((Coefficienti!$B$7+Coefficienti!$B$8*F$22+Coefficienti!$B$9*$A28)+Coefficienti!$B$10)*(1-Parametri!$B$4))*(1+Parametri!$B$5)+Ferramenta!$D$14+Coefficienti!$B$11*Parametri!$B$6,2) | G28: =ROUND((((Coefficienti!$B$1+Coefficienti!$B$2*G$22+Coefficienti!$B$3*$A28)*Parametri!$B$1+(Coefficienti!$B$4+Coefficienti!$B$5*G$22+Coefficienti!$B$6*$A28)*Parametri!$B$2)*(1-Parametri!$B$3)+((Coefficienti!$B$7+Coefficienti!$B$8*G$22+Coefficienti!$B$9*$A28)+Coefficienti!$B$10)*(1-Parametri!$B$4))*(1+Parametri!$B$5)+Ferramenta!$D$14+Coefficienti!$B$11*Parametri!$B$6,2) | H28: =ROUND((((Coefficienti!$B$1+Coefficienti!$B$2*H$22+Coefficienti!$B$3*$A28)*Parametri!$B$1+(Coefficienti!$B$4+Coefficienti!$B$5*H$22+Coefficienti!$B$6*$A28)*Parametri!$B$2)*(1-Parametri!$B$3)+((Coefficienti!$B$7+Coefficienti!$B$8*H$22+Coefficienti!$B$9*$A28)+Coefficienti!$B$10)*(1-Parametri!$B$4))*(1+Parametri!$B$5)+Ferramenta!$D$14+Coefficienti!$B$11*Parametri!$B$6,2) | I28: =ROUND((((Coefficienti!$B$1+Coefficienti!$B$2*I$22+Coefficienti!$B$3*$A28)*Parametri!$B$1+(Coefficienti!$B$4+Coefficienti!$B$5*I$22+Coefficienti!$B$6*$A28)*Parametri!$B$2)*(1-Parametri!$B$3)+((Coefficienti!$B$7+Coefficienti!$B$8*I$22+Coefficienti!$B$9*$A28)+Coefficienti!$B$10)*(1-Parametri!$B$4))*(1+Parametri!$B$5)+Ferramenta!$D$14+Coefficienti!$B$11*Parametri!$B$6,2) | ... N28: =ROUND((((Coefficienti!$B$1+Coefficienti!$B$2*N$22+Coefficienti!$B$3*$A28)*Parametri!$B$1+(Coefficienti!$B$4+Coefficienti!$B$5*N$22+Coefficienti!$B$6*$A28)*Parametri!$B$2)*(1-Parametri!$B$3)+((Coefficienti!$B$7+Coefficienti!$B$8*N$22+Coefficienti!$B$9*$A28)+Coefficienti!$B$10)*(1-Parametri!$B$4))*(1+Parametri!$B$5)+Ferramenta!$D$14+Coefficienti!$B$11*Parametri!$B$6,2)
A29: 1100 | B29: =ROUND((((Coefficienti!$B$1+Coefficienti!$B$2*B$22+Coefficienti!$B$3*$A29)*Parametri!$B$1+(Coefficienti!$B$4+Coefficienti!$B$5*B$22+Coefficienti!$B$6*$A29)*Parametri!$B$2)*(1-Parametri!$B$3)+((Coefficienti!$B$7+Coefficienti!$B$8*B$22+Coefficienti!$B$9*$A29)+Coefficienti!$B$10)*(1-Parametri!$B$4))*(1+Parametri!$B$5)+Ferramenta!$D$14+Coefficienti!$B$11*Parametri!$B$6,2) | C29: =ROUND((((Coefficienti!$B$1+Coefficienti!$B$2*C$22+Coefficienti!$B$3*$A29)*Parametri!$B$1+(Coefficienti!$B$4+Coefficienti!$B$5*C$22+Coefficienti!$B$6*$A29)*Parametri!$B$2)*(1-Parametri!$B$3)+((Coefficienti!$B$7+Coefficienti!$B$8*C$22+Coefficienti!$B$9*$A29)+Coefficienti!$B$10)*(1-Parametri!$B$4))*(1+Parametri!$B$5)+Ferramenta!$D$14+Coefficienti!$B$11*Parametri!$B$6,2) | D29: =ROUND((((Coefficienti!$B$1+Coefficienti!$B$2*D$22+Coefficienti!$B$3*$A29)*Parametri!$B$1+(Coefficienti!$B$4+Coefficienti!$B$5*D$22+Coefficienti!$B$6*$A29)*Parametri!$B$2)*(1-Parametri!$B$3)+((Coefficienti!$B$7+Coefficienti!$B$8*D$22+Coefficienti!$B$9*$A29)+Coefficienti!$B$10)*(1-Parametri!$B$4))*(1+Parametri!$B$5)+Ferramenta!$D$14+Coefficienti!$B$11*Parametri!$B$6,2) | E29: =ROUND((((Coefficienti!$B$1+Coefficienti!$B$2*E$22+Coefficienti!$B$3*$A29)*Parametri!$B$1+(Coefficienti!$B$4+Coefficienti!$B$5*E$22+Coefficienti!$B$6*$A29)*Parametri!$B$2)*(1-Parametri!$B$3)+((Coefficienti!$B$7+Coefficienti!$B$8*E$22+Coefficienti!$B$9*$A29)+Coefficienti!$B$10)*(1-Parametri!$B$4))*(1+Parametri!$B$5)+Ferramenta!$D$14+Coefficienti!$B$11*Parametri!$B$6,2) | F29: =ROUND((((Coefficienti!$B$1+Coefficienti!$B$2*F$22+Coefficienti!$B$3*$A29)*Parametri!$B$1+(Coefficienti!$B$4+Coefficienti!$B$5*F$22+Coefficienti!$B$6*$A29)*Parametri!$B$2)*(1-Parametri!$B$3)+((Coefficienti!$B$7+Coefficienti!$B$8*F$22+Coefficienti!$B$9*$A29)+Coefficienti!$B$10)*(1-Parametri!$B$4))*(1+Parametri!$B$5)+Ferramenta!$D$14+Coefficienti!$B$11*Parametri!$B$6,2) | G29: =ROUND((((Coefficienti!$B$1+Coefficienti!$B$2*G$22+Coefficienti!$B$3*$A29)*Parametri!$B$1+(Coefficienti!$B$4+Coefficienti!$B$5*G$22+Coefficienti!$B$6*$A29)*Parametri!$B$2)*(1-Parametri!$B$3)+((Coefficienti!$B$7+Coefficienti!$B$8*G$22+Coefficienti!$B$9*$A29)+Coefficienti!$B$10)*(1-Parametri!$B$4))*(1+Parametri!$B$5)+Ferramenta!$D$14+Coefficienti!$B$11*Parametri!$B$6,2) | H29: =ROUND((((Coefficienti!$B$1+Coefficienti!$B$2*H$22+Coefficienti!$B$3*$A29)*Parametri!$B$1+(Coefficienti!$B$4+Coefficienti!$B$5*H$22+Coefficienti!$B$6*$A29)*Parametri!$B$2)*(1-Parametri!$B$3)+((Coefficienti!$B$7+Coefficienti!$B$8*H$22+Coefficienti!$B$9*$A29)+Coefficienti!$B$10)*(1-Parametri!$B$4))*(1+Parametri!$B$5)+Ferramenta!$D$14+Coefficienti!$B$11*Parametri!$B$6,2) | I29: =ROUND((((Coefficienti!$B$1+Coefficienti!$B$2*I$22+Coefficienti!$B$3*$A29)*Parametri!$B$1+(Coefficienti!$B$4+Coefficienti!$B$5*I$22+Coefficienti!$B$6*$A29)*Parametri!$B$2)*(1-Parametri!$B$3)+((Coefficienti!$B$7+Coefficienti!$B$8*I$22+Coefficienti!$B$9*$A29)+Coefficienti!$B$10)*(1-Parametri!$B$4))*(1+Parametri!$B$5)+Ferramenta!$D$14+Coefficienti!$B$11*Parametri!$B$6,2) | ... N29: =ROUND((((Coefficienti!$B$1+Coefficienti!$B$2*N$22+Coefficienti!$B$3*$A29)*Parametri!$B$1+(Coefficienti!$B$4+Coefficienti!$B$5*N$22+Coefficienti!$B$6*$A29)*Parametri!$B$2)*(1-Parametri!$B$3)+((Coefficienti!$B$7+Coefficienti!$B$8*N$22+Coefficienti!$B$9*$A29)+Coefficienti!$B$10)*(1-Parametri!$B$4))*(1+Parametri!$B$5)+Ferramenta!$D$14+Coefficienti!$B$11*Parametri!$B$6,2)
A30: 1200 | B30: =ROUND((((Coefficienti!$B$1+Coefficienti!$B$2*B$22+Coefficienti!$B$3*$A30)*Parametri!$B$1+(Coefficienti!$B$4+Coefficienti!$B$5*B$22+Coefficienti!$B$6*$A30)*Parametri!$B$2)*(1-Parametri!$B$3)+((Coefficienti!$B$7+Coefficienti!$B$8*B$22+Coefficienti!$B$9*$A30)+Coefficienti!$B$10)*(1-Parametri!$B$4))*(1+Parametri!$B$5)+Ferramenta!$D$14+Coefficienti!$B$11*Parametri!$B$6,2) | C30: =ROUND((((Coefficienti!$B$1+Coefficienti!$B$2*C$22+Coefficienti!$B$3*$A30)*Parametri!$B$1+(Coefficienti!$B$4+Coefficienti!$B$5*C$22+Coefficienti!$B$6*$A30)*Parametri!$B$2)*(1-Parametri!$B$3)+((Coefficienti!$B$7+Coefficienti!$B$8*C$22+Coefficienti!$B$9*$A30)+Coefficienti!$B$10)*(1-Parametri!$B$4))*(1+Parametri!$B$5)+Ferramenta!$D$14+Coefficienti!$B$11*Parametri!$B$6,2) | D30: =ROUND((((Coefficienti!$B$1+Coefficienti!$B$2*D$22+Coefficienti!$B$3*$A30)*Parametri!$B$1+(Coefficienti!$B$4+Coefficienti!$B$5*D$22+Coefficienti!$B$6*$A30)*Parametri!$B$2)*(1-Parametri!$B$3)+((Coefficienti!$B$7+Coefficienti!$B$8*D$22+Coefficienti!$B$9*$A30)+Coefficienti!$B$10)*(1-Parametri!$B$4))*(1+Parametri!$B$5)+Ferramenta!$D$14+Coefficienti!$B$11*Parametri!$B$6,2) | E30: =ROUND((((Coefficienti!$B$1+Coefficienti!$B$2*E$22+Coefficienti!$B$3*$A30)*Parametri!$B$1+(Coefficienti!$B$4+Coefficienti!$B$5*E$22+Coefficienti!$B$6*$A30)*Parametri!$B$2)*(1-Parametri!$B$3)+((Coefficienti!$B$7+Coefficienti!$B$8*E$22+Coefficienti!$B$9*$A30)+Coefficienti!$B$10)*(1-Parametri!$B$4))*(1+Parametri!$B$5)+Ferramenta!$D$14+Coefficienti!$B$11*Parametri!$B$6,2) | F30: =ROUND((((Coefficienti!$B$1+Coefficienti!$B$2*F$22+Coefficienti!$B$3*$A30)*Parametri!$B$1+(Coefficienti!$B$4+Coefficienti!$B$5*F$22+Coefficienti!$B$6*$A30)*Parametri!$B$2)*(1-Parametri!$B$3)+((Coefficienti!$B$7+Coefficienti!$B$8*F$22+Coefficienti!$B$9*$A30)+Coefficienti!$B$10)*(1-Parametri!$B$4))*(1+Parametri!$B$5)+Ferramenta!$D$14+Coefficienti!$B$11*Parametri!$B$6,2) | G30: =ROUND((((Coefficienti!$B$1+Coefficienti!$B$2*G$22+Coefficienti!$B$3*$A30)*Parametri!$B$1+(Coefficienti!$B$4+Coefficienti!$B$5*G$22+Coefficienti!$B$6*$A30)*Parametri!$B$2)*(1-Parametri!$B$3)+((Coefficienti!$B$7+Coefficienti!$B$8*G$22+Coefficienti!$B$9*$A30)+Coefficienti!$B$10)*(1-Parametri!$B$4))*(1+Parametri!$B$5)+Ferramenta!$D$14+Coefficienti!$B$11*Parametri!$B$6,2) | H30: =ROUND((((Coefficienti!$B$1+Coefficienti!$B$2*H$22+Coefficienti!$B$3*$A30)*Parametri!$B$1+(Coefficienti!$B$4+Coefficienti!$B$5*H$22+Coefficienti!$B$6*$A30)*Parametri!$B$2)*(1-Parametri!$B$3)+((Coefficienti!$B$7+Coefficienti!$B$8*H$22+Coefficienti!$B$9*$A30)+Coefficienti!$B$10)*(1-Parametri!$B$4))*(1+Parametri!$B$5)+Ferramenta!$D$14+Coefficienti!$B$11*Parametri!$B$6,2) | I30: =ROUND((((Coefficienti!$B$1+Coefficienti!$B$2*I$22+Coefficienti!$B$3*$A30)*Parametri!$B$1+(Coefficienti!$B$4+Coefficienti!$B$5*I$22+Coefficienti!$B$6*$A30)*Parametri!$B$2)*(1-Parametri!$B$3)+((Coefficienti!$B$7+Coefficienti!$B$8*I$22+Coefficienti!$B$9*$A30)+Coefficienti!$B$10)*(1-Parametri!$B$4))*(1+Parametri!$B$5)+Ferramenta!$D$14+Coefficienti!$B$11*Parametri!$B$6,2) | ... N30: =ROUND((((Coefficienti!$B$1+Coefficienti!$B$2*N$22+Coefficienti!$B$3*$A30)*Parametri!$B$1+(Coefficienti!$B$4+Coefficienti!$B$5*N$22+Coefficienti!$B$6*$A30)*Parametri!$B$2)*(1-Parametri!$B$3)+((Coefficienti!$B$7+Coefficienti!$B$8*N$22+Coefficienti!$B$9*$A30)+Coefficienti!$B$10)*(1-Parametri!$B$4))*(1+Parametri!$B$5)+Ferramenta!$D$14+Coefficienti!$B$11*Parametri!$B$6,2)
A31: 1300 | B31: =ROUND((((Coefficienti!$B$1+Coefficienti!$B$2*B$22+Coefficienti!$B$3*$A31)*Parametri!$B$1+(Coefficienti!$B$4+Coefficienti!$B$5*B$22+Coefficienti!$B$6*$A31)*Parametri!$B$2)*(1-Parametri!$B$3)+((Coefficienti!$B$7+Coefficienti!$B$8*B$22+Coefficienti!$B$9*$A31)+Coefficienti!$B$10)*(1-Parametri!$B$4))*(1+Parametri!$B$5)+Ferramenta!$D$14+Coefficienti!$B$11*Parametri!$B$6,2) | C31: =ROUND((((Coefficienti!$B$1+Coefficienti!$B$2*C$22+Coefficienti!$B$3*$A31)*Parametri!$B$1+(Coefficienti!$B$4+Coefficienti!$B$5*C$22+Coefficienti!$B$6*$A31)*Parametri!$B$2)*(1-Parametri!$B$3)+((Coefficienti!$B$7+Coefficienti!$B$8*C$22+Coefficienti!$B$9*$A31)+Coefficienti!$B$10)*(1-Parametri!$B$4))*(1+Parametri!$B$5)+Ferramenta!$D$14+Coefficienti!$B$11*Parametri!$B$6,2) | D31: =ROUND((((Coefficienti!$B$1+Coefficienti!$B$2*D$22+Coefficienti!$B$3*$A31)*Parametri!$B$1+(Coefficienti!$B$4+Coefficienti!$B$5*D$22+Coefficienti!$B$6*$A31)*Parametri!$B$2)*(1-Parametri!$B$3)+((Coefficienti!$B$7+Coefficienti!$B$8*D$22+Coefficienti!$B$9*$A31)+Coefficienti!$B$10)*(1-Parametri!$B$4))*(1+Parametri!$B$5)+Ferramenta!$D$14+Coefficienti!$B$11*Parametri!$B$6,2) | E31: =ROUND((((Coefficienti!$B$1+Coefficienti!$B$2*E$22+Coefficienti!$B$3*$A31)*Parametri!$B$1+(Coefficienti!$B$4+Coefficienti!$B$5*E$22+Coefficienti!$B$6*$A31)*Parametri!$B$2)*(1-Parametri!$B$3)+((Coefficienti!$B$7+Coefficienti!$B$8*E$22+Coefficienti!$B$9*$A31)+Coefficienti!$B$10)*(1-Parametri!$B$4))*(1+Parametri!$B$5)+Ferramenta!$D$14+Coefficienti!$B$11*Parametri!$B$6,2) | F31: =ROUND((((Coefficienti!$B$1+Coefficienti!$B$2*F$22+Coefficienti!$B$3*$A31)*Parametri!$B$1+(Coefficienti!$B$4+Coefficienti!$B$5*F$22+Coefficienti!$B$6*$A31)*Parametri!$B$2)*(1-Parametri!$B$3)+((Coefficienti!$B$7+Coefficienti!$B$8*F$22+Coefficienti!$B$9*$A31)+Coefficienti!$B$10)*(1-Parametri!$B$4))*(1+Parametri!$B$5)+Ferramenta!$D$14+Coefficienti!$B$11*Parametri!$B$6,2) | G31: =ROUND((((Coefficienti!$B$1+Coefficienti!$B$2*G$22+Coefficienti!$B$3*$A31)*Parametri!$B$1+(Coefficienti!$B$4+Coefficienti!$B$5*G$22+Coefficienti!$B$6*$A31)*Parametri!$B$2)*(1-Parametri!$B$3)+((Coefficienti!$B$7+Coefficienti!$B$8*G$22+Coefficienti!$B$9*$A31)+Coefficienti!$B$10)*(1-Parametri!$B$4))*(1+Parametri!$B$5)+Ferramenta!$D$14+Coefficienti!$B$11*Parametri!$B$6,2) | H31: =ROUND((((Coefficienti!$B$1+Coefficienti!$B$2*H$22+Coefficienti!$B$3*$A31)*Parametri!$B$1+(Coefficienti!$B$4+Coefficienti!$B$5*H$22+Coefficienti!$B$6*$A31)*Parametri!$B$2)*(1-Parametri!$B$3)+((Coefficienti!$B$7+Coefficienti!$B$8*H$22+Coefficienti!$B$9*$A31)+Coefficienti!$B$10)*(1-Parametri!$B$4))*(1+Parametri!$B$5)+Ferramenta!$D$14+Coefficienti!$B$11*Parametri!$B$6,2) | I31: =ROUND((((Coefficienti!$B$1+Coefficienti!$B$2*I$22+Coefficienti!$B$3*$A31)*Parametri!$B$1+(Coefficienti!$B$4+Coefficienti!$B$5*I$22+Coefficienti!$B$6*$A31)*Parametri!$B$2)*(1-Parametri!$B$3)+((Coefficienti!$B$7+Coefficienti!$B$8*I$22+Coefficienti!$B$9*$A31)+Coefficienti!$B$10)*(1-Parametri!$B$4))*(1+Parametri!$B$5)+Ferramenta!$D$14+Coefficienti!$B$11*Parametri!$B$6,2) | ... N31: =ROUND((((Coefficienti!$B$1+Coefficienti!$B$2*N$22+Coefficienti!$B$3*$A31)*Parametri!$B$1+(Coefficienti!$B$4+Coefficienti!$B$5*N$22+Coefficienti!$B$6*$A31)*Parametri!$B$2)*(1-Parametri!$B$3)+((Coefficienti!$B$7+Coefficienti!$B$8*N$22+Coefficienti!$B$9*$A31)+Coefficienti!$B$10)*(1-Parametri!$B$4))*(1+Parametri!$B$5)+Ferramenta!$D$14+Coefficienti!$B$11*Parametri!$B$6,2)
A32: 1400 | B32: =ROUND((((Coefficienti!$B$1+Coefficienti!$B$2*B$22+Coefficienti!$B$3*$A32)*Parametri!$B$1+(Coefficienti!$B$4+Coefficienti!$B$5*B$22+Coefficienti!$B$6*$A32)*Parametri!$B$2)*(1-Parametri!$B$3)+((Coefficienti!$B$7+Coefficienti!$B$8*B$22+Coefficienti!$B$9*$A32)+Coefficienti!$B$10)*(1-Parametri!$B$4))*(1+Parametri!$B$5)+Ferramenta!$D$14+Coefficienti!$B$11*Parametri!$B$6,2) | C32: =ROUND((((Coefficienti!$B$1+Coefficienti!$B$2*C$22+Coefficienti!$B$3*$A32)*Parametri!$B$1+(Coefficienti!$B$4+Coefficienti!$B$5*C$22+Coefficienti!$B$6*$A32)*Parametri!$B$2)*(1-Parametri!$B$3)+((Coefficienti!$B$7+Coefficienti!$B$8*C$22+Coefficienti!$B$9*$A32)+Coefficienti!$B$10)*(1-Parametri!$B$4))*(1+Parametri!$B$5)+Ferramenta!$D$14+Coefficienti!$B$11*Parametri!$B$6,2) | D32: =ROUND((((Coefficienti!$B$1+Coefficienti!$B$2*D$22+Coefficienti!$B$3*$A32)*Parametri!$B$1+(Coefficienti!$B$4+Coefficienti!$B$5*D$22+Coefficienti!$B$6*$A32)*Parametri!$B$2)*(1-Parametri!$B$3)+((Coefficienti!$B$7+Coefficienti!$B$8*D$22+Coefficienti!$B$9*$A32)+Coefficienti!$B$10)*(1-Parametri!$B$4))*(1+Parametri!$B$5)+Ferramenta!$D$14+Coefficienti!$B$11*Parametri!$B$6,2) | E32: =ROUND((((Coefficienti!$B$1+Coefficienti!$B$2*E$22+Coefficienti!$B$3*$A32)*Parametri!$B$1+(Coefficienti!$B$4+Coefficienti!$B$5*E$22+Coefficienti!$B$6*$A32)*Parametri!$B$2)*(1-Parametri!$B$3)+((Coefficienti!$B$7+Coefficienti!$B$8*E$22+Coefficienti!$B$9*$A32)+Coefficienti!$B$10)*(1-Parametri!$B$4))*(1+Parametri!$B$5)+Ferramenta!$D$14+Coefficienti!$B$11*Parametri!$B$6,2) | F32: =ROUND((((Coefficienti!$B$1+Coefficienti!$B$2*F$22+Coefficienti!$B$3*$A32)*Parametri!$B$1+(Coefficienti!$B$4+Coefficienti!$B$5*F$22+Coefficienti!$B$6*$A32)*Parametri!$B$2)*(1-Parametri!$B$3)+((Coefficienti!$B$7+Coefficienti!$B$8*F$22+Coefficienti!$B$9*$A32)+Coefficienti!$B$10)*(1-Parametri!$B$4))*(1+Parametri!$B$5)+Ferramenta!$D$14+Coefficienti!$B$11*Parametri!$B$6,2) | G32: =ROUND((((Coefficienti!$B$1+Coefficienti!$B$2*G$22+Coefficienti!$B$3*$A32)*Parametri!$B$1+(Coefficienti!$B$4+Coefficienti!$B$5*G$22+Coefficienti!$B$6*$A32)*Parametri!$B$2)*(1-Parametri!$B$3)+((Coefficienti!$B$7+Coefficienti!$B$8*G$22+Coefficienti!$B$9*$A32)+Coefficienti!$B$10)*(1-Parametri!$B$4))*(1+Parametri!$B$5)+Ferramenta!$D$14+Coefficienti!$B$11*Parametri!$B$6,2) | H32: =ROUND((((Coefficienti!$B$1+Coefficienti!$B$2*H$22+Coefficienti!$B$3*$A32)*Parametri!$B$1+(Coefficienti!$B$4+Coefficienti!$B$5*H$22+Coefficienti!$B$6*$A32)*Parametri!$B$2)*(1-Parametri!$B$3)+((Coefficienti!$B$7+Coefficienti!$B$8*H$22+Coefficienti!$B$9*$A32)+Coefficienti!$B$10)*(1-Parametri!$B$4))*(1+Parametri!$B$5)+Ferramenta!$D$14+Coefficienti!$B$11*Parametri!$B$6,2) | I32: =ROUND((((Coefficienti!$B$1+Coefficienti!$B$2*I$22+Coefficienti!$B$3*$A32)*Parametri!$B$1+(Coefficienti!$B$4+Coefficienti!$B$5*I$22+Coefficienti!$B$6*$A32)*Parametri!$B$2)*(1-Parametri!$B$3)+((Coefficienti!$B$7+Coefficienti!$B$8*I$22+Coefficienti!$B$9*$A32)+Coefficienti!$B$10)*(1-Parametri!$B$4))*(1+Parametri!$B$5)+Ferramenta!$D$14+Coefficienti!$B$11*Parametri!$B$6,2) | ... N32: =ROUND((((Coefficienti!$B$1+Coefficienti!$B$2*N$22+Coefficienti!$B$3*$A32)*Parametri!$B$1+(Coefficienti!$B$4+Coefficienti!$B$5*N$22+Coefficienti!$B$6*$A32)*Parametri!$B$2)*(1-Parametri!$B$3)+((Coefficienti!$B$7+Coefficienti!$B$8*N$22+Coefficienti!$B$9*$A32)+Coefficienti!$B$10)*(1-Parametri!$B$4))*(1+Parametri!$B$5)+Ferramenta!$D$14+Coefficienti!$B$11*Parametri!$B$6,2)
A33: 1500 | B33: =ROUND((((Coefficienti!$B$1+Coefficienti!$B$2*B$22+Coefficienti!$B$3*$A33)*Parametri!$B$1+(Coefficienti!$B$4+Coefficienti!$B$5*B$22+Coefficienti!$B$6*$A33)*Parametri!$B$2)*(1-Parametri!$B$3)+((Coefficienti!$B$7+Coefficienti!$B$8*B$22+Coefficienti!$B$9*$A33)+Coefficienti!$B$10)*(1-Parametri!$B$4))*(1+Parametri!$B$5)+Ferramenta!$D$14+Coefficienti!$B$11*Parametri!$B$6,2) | C33: =ROUND((((Coefficienti!$B$1+Coefficienti!$B$2*C$22+Coefficienti!$B$3*$A33)*Parametri!$B$1+(Coefficienti!$B$4+Coefficienti!$B$5*C$22+Coefficienti!$B$6*$A33)*Parametri!$B$2)*(1-Parametri!$B$3)+((Coefficienti!$B$7+Coefficienti!$B$8*C$22+Coefficienti!$B$9*$A33)+Coefficienti!$B$10)*(1-Parametri!$B$4))*(1+Parametri!$B$5)+Ferramenta!$D$14+Coefficienti!$B$11*Parametri!$B$6,2) | D33: =ROUND((((Coefficienti!$B$1+Coefficienti!$B$2*D$22+Coefficienti!$B$3*$A33)*Parametri!$B$1+(Coefficienti!$B$4+Coefficienti!$B$5*D$22+Coefficienti!$B$6*$A33)*Parametri!$B$2)*(1-Parametri!$B$3)+((Coefficienti!$B$7+Coefficienti!$B$8*D$22+Coefficienti!$B$9*$A33)+Coefficienti!$B$10)*(1-Parametri!$B$4))*(1+Parametri!$B$5)+Ferramenta!$D$14+Coefficienti!$B$11*Parametri!$B$6,2) | E33: =ROUND((((Coefficienti!$B$1+Coefficienti!$B$2*E$22+Coefficienti!$B$3*$A33)*Parametri!$B$1+(Coefficienti!$B$4+Coefficienti!$B$5*E$22+Coefficienti!$B$6*$A33)*Parametri!$B$2)*(1-Parametri!$B$3)+((Coefficienti!$B$7+Coefficienti!$B$8*E$22+Coefficienti!$B$9*$A33)+Coefficienti!$B$10)*(1-Parametri!$B$4))*(1+Parametri!$B$5)+Ferramenta!$D$14+Coefficienti!$B$11*Parametri!$B$6,2) | F33: =ROUND((((Coefficienti!$B$1+Coefficienti!$B$2*F$22+Coefficienti!$B$3*$A33)*Parametri!$B$1+(Coefficienti!$B$4+Coefficienti!$B$5*F$22+Coefficienti!$B$6*$A33)*Parametri!$B$2)*(1-Parametri!$B$3)+((Coefficienti!$B$7+Coefficienti!$B$8*F$22+Coefficienti!$B$9*$A33)+Coefficienti!$B$10)*(1-Parametri!$B$4))*(1+Parametri!$B$5)+Ferramenta!$D$14+Coefficienti!$B$11*Parametri!$B$6,2) | G33: =ROUND((((Coefficienti!$B$1+Coefficienti!$B$2*G$22+Coefficienti!$B$3*$A33)*Parametri!$B$1+(Coefficienti!$B$4+Coefficienti!$B$5*G$22+Coefficienti!$B$6*$A33)*Parametri!$B$2)*(1-Parametri!$B$3)+((Coefficienti!$B$7+Coefficienti!$B$8*G$22+Coefficienti!$B$9*$A33)+Coefficienti!$B$10)*(1-Parametri!$B$4))*(1+Parametri!$B$5)+Ferramenta!$D$14+Coefficienti!$B$11*Parametri!$B$6,2) | H33: =ROUND((((Coefficienti!$B$1+Coefficienti!$B$2*H$22+Coefficienti!$B$3*$A33)*Parametri!$B$1+(Coefficienti!$B$4+Coefficienti!$B$5*H$22+Coefficienti!$B$6*$A33)*Parametri!$B$2)*(1-Parametri!$B$3)+((Coefficienti!$B$7+Coefficienti!$B$8*H$22+Coefficienti!$B$9*$A33)+Coefficienti!$B$10)*(1-Parametri!$B$4))*(1+Parametri!$B$5)+Ferramenta!$D$14+Coefficienti!$B$11*Parametri!$B$6,2) | I33: =ROUND((((Coefficienti!$B$1+Coefficienti!$B$2*I$22+Coefficienti!$B$3*$A33)*Parametri!$B$1+(Coefficienti!$B$4+Coefficienti!$B$5*I$22+Coefficienti!$B$6*$A33)*Parametri!$B$2)*(1-Parametri!$B$3)+((Coefficienti!$B$7+Coefficienti!$B$8*I$22+Coefficienti!$B$9*$A33)+Coefficienti!$B$10)*(1-Parametri!$B$4))*(1+Parametri!$B$5)+Ferramenta!$D$14+Coefficienti!$B$11*Parametri!$B$6,2) | ... N33: =ROUND((((Coefficienti!$B$1+Coefficienti!$B$2*N$22+Coefficienti!$B$3*$A33)*Parametri!$B$1+(Coefficienti!$B$4+Coefficienti!$B$5*N$22+Coefficienti!$B$6*$A33)*Parametri!$B$2)*(1-Parametri!$B$3)+((Coefficienti!$B$7+Coefficienti!$B$8*N$22+Coefficienti!$B$9*$A33)+Coefficienti!$B$10)*(1-Parametri!$B$4))*(1+Parametri!$B$5)+Ferramenta!$D$14+Coefficienti!$B$11*Parametri!$B$6,2)
A34: 1600 | B34: =ROUND((((Coefficienti!$B$1+Coefficienti!$B$2*B$22+Coefficienti!$B$3*$A34)*Parametri!$B$1+(Coefficienti!$B$4+Coefficienti!$B$5*B$22+Coefficienti!$B$6*$A34)*Parametri!$B$2)*(1-Parametri!$B$3)+((Coefficienti!$B$7+Coefficienti!$B$8*B$22+Coefficienti!$B$9*$A34)+Coefficienti!$B$10)*(1-Parametri!$B$4))*(1+Parametri!$B$5)+Ferramenta!$D$14+Coefficienti!$B$11*Parametri!$B$6,2) | C34: =ROUND((((Coefficienti!$B$1+Coefficienti!$B$2*C$22+Coefficienti!$B$3*$A34)*Parametri!$B$1+(Coefficienti!$B$4+Coefficienti!$B$5*C$22+Coefficienti!$B$6*$A34)*Parametri!$B$2)*(1-Parametri!$B$3)+((Coefficienti!$B$7+Coefficienti!$B$8*C$22+Coefficienti!$B$9*$A34)+Coefficienti!$B$10)*(1-Parametri!$B$4))*(1+Parametri!$B$5)+Ferramenta!$D$14+Coefficienti!$B$11*Parametri!$B$6,2) | D34: =ROUND((((Coefficienti!$B$1+Coefficienti!$B$2*D$22+Coefficienti!$B$3*$A34)*Parametri!$B$1+(Coefficienti!$B$4+Coefficienti!$B$5*D$22+Coefficienti!$B$6*$A34)*Parametri!$B$2)*(1-Parametri!$B$3)+((Coefficienti!$B$7+Coefficienti!$B$8*D$22+Coefficienti!$B$9*$A34)+Coefficienti!$B$10)*(1-Parametri!$B$4))*(1+Parametri!$B$5)+Ferramenta!$D$14+Coefficienti!$B$11*Parametri!$B$6,2) | E34: =ROUND((((Coefficienti!$B$1+Coefficienti!$B$2*E$22+Coefficienti!$B$3*$A34)*Parametri!$B$1+(Coefficienti!$B$4+Coefficienti!$B$5*E$22+Coefficienti!$B$6*$A34)*Parametri!$B$2)*(1-Parametri!$B$3)+((Coefficienti!$B$7+Coefficienti!$B$8*E$22+Coefficienti!$B$9*$A34)+Coefficienti!$B$10)*(1-Parametri!$B$4))*(1+Parametri!$B$5)+Ferramenta!$D$14+Coefficienti!$B$11*Parametri!$B$6,2) | F34: =ROUND((((Coefficienti!$B$1+Coefficienti!$B$2*F$22+Coefficienti!$B$3*$A34)*Parametri!$B$1+(Coefficienti!$B$4+Coefficienti!$B$5*F$22+Coefficienti!$B$6*$A34)*Parametri!$B$2)*(1-Parametri!$B$3)+((Coefficienti!$B$7+Coefficienti!$B$8*F$22+Coefficienti!$B$9*$A34)+Coefficienti!$B$10)*(1-Parametri!$B$4))*(1+Parametri!$B$5)+Ferramenta!$D$14+Coefficienti!$B$11*Parametri!$B$6,2) | G34: =ROUND((((Coefficienti!$B$1+Coefficienti!$B$2*G$22+Coefficienti!$B$3*$A34)*Parametri!$B$1+(Coefficienti!$B$4+Coefficienti!$B$5*G$22+Coefficienti!$B$6*$A34)*Parametri!$B$2)*(1-Parametri!$B$3)+((Coefficienti!$B$7+Coefficienti!$B$8*G$22+Coefficienti!$B$9*$A34)+Coefficienti!$B$10)*(1-Parametri!$B$4))*(1+Parametri!$B$5)+Ferramenta!$D$14+Coefficienti!$B$11*Parametri!$B$6,2) | H34: =ROUND((((Coefficienti!$B$1+Coefficienti!$B$2*H$22+Coefficienti!$B$3*$A34)*Parametri!$B$1+(Coefficienti!$B$4+Coefficienti!$B$5*H$22+Coefficienti!$B$6*$A34)*Parametri!$B$2)*(1-Parametri!$B$3)+((Coefficienti!$B$7+Coefficienti!$B$8*H$22+Coefficienti!$B$9*$A34)+Coefficienti!$B$10)*(1-Parametri!$B$4))*(1+Parametri!$B$5)+Ferramenta!$D$14+Coefficienti!$B$11*Parametri!$B$6,2) | I34: =ROUND((((Coefficienti!$B$1+Coefficienti!$B$2*I$22+Coefficienti!$B$3*$A34)*Parametri!$B$1+(Coefficienti!$B$4+Coefficienti!$B$5*I$22+Coefficienti!$B$6*$A34)*Parametri!$B$2)*(1-Parametri!$B$3)+((Coefficienti!$B$7+Coefficienti!$B$8*I$22+Coefficienti!$B$9*$A34)+Coefficienti!$B$10)*(1-Parametri!$B$4))*(1+Parametri!$B$5)+Ferramenta!$D$14+Coefficienti!$B$11*Parametri!$B$6,2) | ... N34: =ROUND((((Coefficienti!$B$1+Coefficienti!$B$2*N$22+Coefficienti!$B$3*$A34)*Parametri!$B$1+(Coefficienti!$B$4+Coefficienti!$B$5*N$22+Coefficienti!$B$6*$A34)*Parametri!$B$2)*(1-Parametri!$B$3)+((Coefficienti!$B$7+Coefficienti!$B$8*N$22+Coefficienti!$B$9*$A34)+Coefficienti!$B$10)*(1-Parametri!$B$4))*(1+Parametri!$B$5)+Ferramenta!$D$14+Coefficienti!$B$11*Parametri!$B$6,2)
... A38: 2000 | B38: =ROUND((((Coefficienti!$B$1+Coefficienti!$B$2*B$22+Coefficienti!$B$3*$A38)*Parametri!$B$1+(Coefficienti!$B$4+Coefficienti!$B$5*B$22+Coefficienti!$B$6*$A38)*Parametri!$B$2)*(1-Parametri!$B$3)+((Coefficienti!$B$7+Coefficienti!$B$8*B$22+Coefficienti!$B$9*$A38)+Coefficienti!$B$10)*(1-Parametri!$B$4))*(1+Parametri!$B$5)+Ferramenta!$D$14+Coefficienti!$B$11*Parametri!$B$6,2) | C38: =ROUND((((Coefficienti!$B$1+Coefficienti!$B$2*C$22+Coefficienti!$B$3*$A38)*Parametri!$B$1+(Coefficienti!$B$4+Coefficienti!$B$5*C$22+Coefficienti!$B$6*$A38)*Parametri!$B$2)*(1-Parametri!$B$3)+((Coefficienti!$B$7+Coefficienti!$B$8*C$22+Coefficienti!$B$9*$A38)+Coefficienti!$B$10)*(1-Parametri!$B$4))*(1+Parametri!$B$5)+Ferramenta!$D$14+Coefficienti!$B$11*Parametri!$B$6,2) | D38: =ROUND((((Coefficienti!$B$1+Coefficienti!$B$2*D$22+Coefficienti!$B$3*$A38)*Parametri!$B$1+(Coefficienti!$B$4+Coefficienti!$B$5*D$22+Coefficienti!$B$6*$A38)*Parametri!$B$2)*(1-Parametri!$B$3)+((Coefficienti!$B$7+Coefficienti!$B$8*D$22+Coefficienti!$B$9*$A38)+Coefficienti!$B$10)*(1-Parametri!$B$4))*(1+Parametri!$B$5)+Ferramenta!$D$14+Coefficienti!$B$11*Parametri!$B$6,2) | E38: =ROUND((((Coefficienti!$B$1+Coefficienti!$B$2*E$22+Coefficienti!$B$3*$A38)*Parametri!$B$1+(Coefficienti!$B$4+Coefficienti!$B$5*E$22+Coefficienti!$B$6*$A38)*Parametri!$B$2)*(1-Parametri!$B$3)+((Coefficienti!$B$7+Coefficienti!$B$8*E$22+Coefficienti!$B$9*$A38)+Coefficienti!$B$10)*(1-Parametri!$B$4))*(1+Parametri!$B$5)+Ferramenta!$D$14+Coefficienti!$B$11*Parametri!$B$6,2) | F38: =ROUND((((Coefficienti!$B$1+Coefficienti!$B$2*F$22+Coefficienti!$B$3*$A38)*Parametri!$B$1+(Coefficienti!$B$4+Coefficienti!$B$5*F$22+Coefficienti!$B$6*$A38)*Parametri!$B$2)*(1-Parametri!$B$3)+((Coefficienti!$B$7+Coefficienti!$B$8*F$22+Coefficienti!$B$9*$A38)+Coefficienti!$B$10)*(1-Parametri!$B$4))*(1+Parametri!$B$5)+Ferramenta!$D$14+Coefficienti!$B$11*Parametri!$B$6,2) | G38: =ROUND((((Coefficienti!$B$1+Coefficienti!$B$2*G$22+Coefficienti!$B$3*$A38)*Parametri!$B$1+(Coefficienti!$B$4+Coefficienti!$B$5*G$22+Coefficienti!$B$6*$A38)*Parametri!$B$2)*(1-Parametri!$B$3)+((Coefficienti!$B$7+Coefficienti!$B$8*G$22+Coefficienti!$B$9*$A38)+Coefficienti!$B$10)*(1-Parametri!$B$4))*(1+Parametri!$B$5)+Ferramenta!$D$14+Coefficienti!$B$11*Parametri!$B$6,2) | H38: =ROUND((((Coefficienti!$B$1+Coefficienti!$B$2*H$22+Coefficienti!$B$3*$A38)*Parametri!$B$1+(Coefficienti!$B$4+Coefficienti!$B$5*H$22+Coefficienti!$B$6*$A38)*Parametri!$B$2)*(1-Parametri!$B$3)+((Coefficienti!$B$7+Coefficienti!$B$8*H$22+Coefficienti!$B$9*$A38)+Coefficienti!$B$10)*(1-Parametri!$B$4))*(1+Parametri!$B$5)+Ferramenta!$D$14+Coefficienti!$B$11*Parametri!$B$6,2) | I38: =ROUND((((Coefficienti!$B$1+Coefficienti!$B$2*I$22+Coefficienti!$B$3*$A38)*Parametri!$B$1+(Coefficienti!$B$4+Coefficienti!$B$5*I$22+Coefficienti!$B$6*$A38)*Parametri!$B$2)*(1-Parametri!$B$3)+((Coefficienti!$B$7+Coefficienti!$B$8*I$22+Coefficienti!$B$9*$A38)+Coefficienti!$B$10)*(1-Parametri!$B$4))*(1+Parametri!$B$5)+Ferramenta!$D$14+Coefficienti!$B$11*Parametri!$B$6,2) | ... N38: =ROUND((((Coefficienti!$B$1+Coefficienti!$B$2*N$22+Coefficienti!$B$3*$A38)*Parametri!$B$1+(Coefficienti!$B$4+Coefficienti!$B$5*N$22+Coefficienti!$B$6*$A38)*Parametri!$B$2)*(1-Parametri!$B$3)+((Coefficienti!$B$7+Coefficienti!$B$8*N$22+Coefficienti!$B$9*$A38)+Coefficienti!$B$10)*(1-Parametri!$B$4))*(1+Parametri!$B$5)+Ferramenta!$D$14+Coefficienti!$B$11*Parametri!$B$6,2)

Sheet Parametri
A1: Prezzo profili taglio termico €/kg (33320 CAT.B +ADD — RAL 7016) | B1: 19.93
A2: Prezzo profili normali €/kg (10820 CAT.B +ADD — fermavetri, aggiuntivi, gocciolatoio) | B2: 14.82
A3: Sconto profili su listino AluK C75S/C82S-CS | B3: 0.43
A4: Sconto accessori/guarnizioni su listino AluK | B4: 0.2
A5: Sfrido | B5: 0.09
A6: Tariffa oraria manodopera €/h | B6: 65
A7: Ricarico su costo totale | B7: 2.13
A9: Celle gialle = valori modificabili: tutte le griglie si ricalcolano.
A10: Prezzi: listino AluK C75S/C82S-CS decorrenza 2026-06-15 (listini-db). Ferramenta: prezzi nel foglio dedicato.

Sheet Coefficienti
A1: Peso profili taglio termico costante (kg) | B1: -0.36516
A2: Peso taglio termico per mm di L (kg/mm) | B2: 0.00598
A3: Peso taglio termico per mm di H (kg/mm) | B3: 0.009
A4: Peso profili normali costante (kg) | B4: -0.44795
A5: Peso normali per mm di L (kg/mm) | B5: 0.00074
A6: Peso normali per mm di H (kg/mm) | B6: 0.00187
A7: Guarnizioni costante (€ listino) | B7: 0.015277
A8: Guarnizioni per mm di L (€/mm) | B8: 0.002453
A9: Guarnizioni per mm di H (€/mm) | B9: 0.003157
A10: Accessori totale (€ listino) | B10: 54.91
A11: Ore manodopera | B11: 4.3333333
A13: Derivati dalle distinte catalogo AluK C75S sez. 8 e pesi kg/m catalogo v3.
A14: Assunzioni: supporti vetro V62008 = 4 per vetro; mascherine V51015 = 2 pz;
A15: fermavetro battenti N45860 (0,37 kg/m), fisso coppia N45856 (0,62 kg/m);
A16: squadrette V40022/V40037 prezzate come V40022 (0,607 €).
A17: Manodopera: 1h telaio + 1h/anta + 20' ferramenta/anta + 20'/vetro.
A18: Taglio termico = codici B (stipite, anta, battuta centrale, soglia); normali = N/K (aggiuntivo, gocciolatoio, fermavetri).
A19: Prezzi unitari accessori e guarnizioni (pre-sconto): listino AluK C75S/C82S-CS decorrenza 2026-06-15 (listini-db).

Sheet Ferramenta
A1: Componente | B1: Q.tà | C1: Prezzo €/pz | D1: Subtotale € | E1: Fonte
A2: Martellina DK (1033) — non nel netto 2025 | B2: 1 | C2: 5.5 | D2: =B2*C2 | E2: manuale
A3: Cremonese Multi Matic GR1590 (201745) | B3: 1 | C3: 3.57 | D3: =B3*C3 | E3: netto 2025
A4: Chiusura centrale MM (201752) | B4: 1 | C4: 1.26 | D4: =B4*C4 | E4: netto 2025
A5: Movimento angolare MM (222201) | B5: 1 | C5: 1.33 | D5: =B5*C5 | E5: netto 2025
A6: Movimento angolare prolungabile (222209) | B6: 1 | C6: 0.92 | D6: =B6*C6 | E6: netto 2025
A7: Scontro fungo scost.9 (356361) | B7: 2 | C7: 0.3728 | D7: =B7*C7 | E7: netto 2025
A8: Scontro nottolino (355866) — NON a listino | B8: 4 | C8: 0 | D8: =B8*C8 | E8: da inserire
A9: Cerniere a vista (set anta) — DA INSERIRE | B9: 1 | C9: 0 | D9: =B9*C9 | E9: da inserire
A10: Forbice a vista + braccio — DA INSERIRE | B10: 1 | C10: 0 | D10: =B10*C10 | E10: da inserire
A11: Asta a leva MM anta semifissa (221911) | B11: 1 | C11: 4.46 | D11: =B11*C11 | E11: netto 2025
A12: Movimento angolare prolungabile (222205) | B12: 1 | C12: 1.27 | D12: =B12*C12 | E12: netto 2025
A13: Scontri anta semifissa — DA INSERIRE | B13: 1 | C13: 0 | D13: =B13*C13 | E13: da inserire
A14: TOTALE FERRAMENTA | D14: =SUM(D2:D13)
A16: Celle gialle modificabili. Prezzi a 0 = da inserire: il listino li ignora finché vuoti.
