Workbook

Sheet Prezzo
A1: LISTINO — TELAIO FISSO (TF75) — C75S SENZA VETRO — RAL 7016 (costo +213%)
A2: H/L | B2: 500 | C2: 600 | D2: 700 | E2: 800 | F2: 900 | G2: 1000 | H2: 1100 | I2: 1200 | J2: 1300 | K2: 1400 | L2: 1500 | M2: 1600 | N2: 1700 | O2: 1800 | P2: 1900 | Q2: 2000 | R2: 2100 | S2: 2200 | T2: 2300 | U2: 2400 | V2: 2500 | W2: 2600 | X2: 2700 | Y2: 2800 | Z2: 2900 | AA2: 3000
A3: 600 | B3: =ROUND(ROUND((((Coefficienti!$B$1+Coefficienti!$B$2*B$2+Coefficienti!$B$3*$A3)*Parametri!$B$1+(Coefficienti!$B$4+Coefficienti!$B$5*B$2+Coefficienti!$B$6*$A3)*Parametri!$B$2)*(1-Parametri!$B$3)+((Coefficienti!$B$7+Coefficienti!$B$8*B$2+Coefficienti!$B$9*$A3)+Coefficienti!$B$10)*(1-Parametri!$B$4))*(1+Parametri!$B$5)+FerrGriglia!B2+Coefficienti!$B$11*Parametri!$B$6,2)*(1+Parametri!$B$7),2) | C3: =ROUND(ROUND((((Coefficienti!$B$1+Coefficienti!$B$2*C$2+Coefficienti!$B$3*$A3)*Parametri!$B$1+(Coefficienti!$B$4+Coefficienti!$B$5*C$2+Coefficienti!$B$6*$A3)*Parametri!$B$2)*(1-Parametri!$B$3)+((Coefficienti!$B$7+Coefficienti!$B$8*C$2+Coefficienti!$B$9*$A3)+Coefficienti!$B$10)*(1-Parametri!$B$4))*(1+Parametri!$B$5)+FerrGriglia!C2+Coefficienti!$B$11*Parametri!$B$6,2)*(1+Parametri!$B$7),2) | D3: =ROUND(ROUND((((Coefficienti!$B$1+Coefficienti!$B$2*D$2+Coefficienti!$B$3*$A3)*Parametri!$B$1+(Coefficienti!$B$4+Coefficienti!$B$5*D$2+Coefficienti!$B$6*$A3)*Parametri!$B$2)*(1-Parametri!$B$3)+((Coefficienti!$B$7+Coefficienti!$B$8*D$2+Coefficienti!$B$9*$A3)+Coefficienti!$B$10)*(1-Parametri!$B$4))*(1+Parametri!$B$5)+FerrGriglia!D2+Coefficienti!$B$11*Parametri!$B$6,2)*(1+Parametri!$B$7),2) | E3: =ROUND(ROUND((((Coefficienti!$B$1+Coefficienti!$B$2*E$2+Coefficienti!$B$3*$A3)*Parametri!$B$1+(Coefficienti!$B$4+Coefficienti!$B$5*E$2+Coefficienti!$B$6*$A3)*Parametri!$B$2)*(1-Parametri!$B$3)+((Coefficienti!$B$7+Coefficienti!$B$8*E$2+Coefficienti!$B$9*$A3)+Coefficienti!$B$10)*(1-Parametri!$B$4))*(1+Parametri!$B$5)+FerrGriglia!E2+Coefficienti!$B$11*Parametri!$B$6,2)*(1+Parametri!$B$7),2) | F3: =ROUND(ROUND((((Coefficienti!$B$1+Coefficienti!$B$2*F$2+Coefficienti!$B$3*$A3)*Parametri!$B$1+(Coefficienti!$B$4+Coefficienti!$B$5*F$2+Coefficienti!$B$6*$A3)*Parametri!$B$2)*(1-Parametri!$B$3)+((Coefficienti!$B$7+Coefficienti!$B$8*F$2+Coefficienti!$B$9*$A3)+Coefficienti!$B$10)*(1-Parametri!$B$4))*(1+Parametri!$B$5)+FerrGriglia!F2+Coefficienti!$B$11*Parametri!$B$6,2)*(1+Parametri!$B$7),2) | G3: =ROUND(ROUND((((Coefficienti!$B$1+Coefficienti!$B$2*G$2+Coefficienti!$B$3*$A3)*Parametri!$B$1+(Coefficienti!$B$4+Coefficienti!$B$5*G$2+Coefficienti!$B$6*$A3)*Parametri!$B$2)*(1-Parametri!$B$3)+((Coefficienti!$B$7+Coefficienti!$B$8*G$2+Coefficienti!$B$9*$A3)+Coefficienti!$B$10)*(1-Parametri!$B$4))*(1+Parametri!$B$5)+FerrGriglia!G2+Coefficienti!$B$11*Parametri!$B$6,2)*(1+Parametri!$B$7),2) | H3: =ROUND(ROUND((((Coefficienti!$B$1+Coefficienti!$B$2*H$2+Coefficienti!$B$3*$A3)*Parametri!$B$1+(Coefficienti!$B$4+Coefficienti!$B$5*H$2+Coefficienti!$B$6*$A3)*Parametri!$B$2)*(1-Parametri!$B$3)+((Coefficienti!$B$7+Coefficienti!$B$8*H$2+Coefficienti!$B$9*$A3)+Coefficienti!$B$10)*(1-Parametri!$B$4))*(1+Parametri!$B$5)+FerrGriglia!H2+Coefficienti!$B$11*Parametri!$B$6,2)*(1+Parametri!$B$7),2) | I3: =ROUND(ROUND((((Coefficienti!$B$1+Coefficienti!$B$2*I$2+Coefficienti!$B$3*$A3)*Parametri!$B$1+(Coefficienti!$B$4+Coefficienti!$B$5*I$2+Coefficienti!$B$6*$A3)*Parametri!$B$2)*(1-Parametri!$B$3)+((Coefficienti!$B$7+Coefficienti!$B$8*I$2+Coefficienti!$B$9*$A3)+Coefficienti!$B$10)*(1-Parametri!$B$4))*(1+Parametri!$B$5)+FerrGriglia!I2+Coefficienti!$B$11*Parametri!$B$6,2)*(1+Parametri!$B$7),2) | ... AA3: =ROUND(ROUND((((Coefficienti!$B$1+Coefficienti!$B$2*AA$2+Coefficienti!$B$3*$A3)*Parametri!$B$1+(Coefficienti!$B$4+Coefficienti!$B$5*AA$2+Coefficienti!$B$6*$A3)*Parametri!$B$2)*(1-Parametri!$B$3)+((Coefficienti!$B$7+Coefficienti!$B$8*AA$2+Coefficienti!$B$9*$A3)+Coefficienti!$B$10)*(1-Parametri!$B$4))*(1+Parametri!$B$5)+FerrGriglia!AA2+Coefficienti!$B$11*Parametri!$B$6,2)*(1+Parametri!$B$7),2)
A4: 700 | B4: =ROUND(ROUND((((Coefficienti!$B$1+Coefficienti!$B$2*B$2+Coefficienti!$B$3*$A4)*Parametri!$B$1+(Coefficienti!$B$4+Coefficienti!$B$5*B$2+Coefficienti!$B$6*$A4)*Parametri!$B$2)*(1-Parametri!$B$3)+((Coefficienti!$B$7+Coefficienti!$B$8*B$2+Coefficienti!$B$9*$A4)+Coefficienti!$B$10)*(1-Parametri!$B$4))*(1+Parametri!$B$5)+FerrGriglia!B3+Coefficienti!$B$11*Parametri!$B$6,2)*(1+Parametri!$B$7),2) | C4: =ROUND(ROUND((((Coefficienti!$B$1+Coefficienti!$B$2*C$2+Coefficienti!$B$3*$A4)*Parametri!$B$1+(Coefficienti!$B$4+Coefficienti!$B$5*C$2+Coefficienti!$B$6*$A4)*Parametri!$B$2)*(1-Parametri!$B$3)+((Coefficienti!$B$7+Coefficienti!$B$8*C$2+Coefficienti!$B$9*$A4)+Coefficienti!$B$10)*(1-Parametri!$B$4))*(1+Parametri!$B$5)+FerrGriglia!C3+Coefficienti!$B$11*Parametri!$B$6,2)*(1+Parametri!$B$7),2) | D4: =ROUND(ROUND((((Coefficienti!$B$1+Coefficienti!$B$2*D$2+Coefficienti!$B$3*$A4)*Parametri!$B$1+(Coefficienti!$B$4+Coefficienti!$B$5*D$2+Coefficienti!$B$6*$A4)*Parametri!$B$2)*(1-Parametri!$B$3)+((Coefficienti!$B$7+Coefficienti!$B$8*D$2+Coefficienti!$B$9*$A4)+Coefficienti!$B$10)*(1-Parametri!$B$4))*(1+Parametri!$B$5)+FerrGriglia!D3+Coefficienti!$B$11*Parametri!$B$6,2)*(1+Parametri!$B$7),2) | E4: =ROUND(ROUND((((Coefficienti!$B$1+Coefficienti!$B$2*E$2+Coefficienti!$B$3*$A4)*Parametri!$B$1+(Coefficienti!$B$4+Coefficienti!$B$5*E$2+Coefficienti!$B$6*$A4)*Parametri!$B$2)*(1-Parametri!$B$3)+((Coefficienti!$B$7+Coefficienti!$B$8*E$2+Coefficienti!$B$9*$A4)+Coefficienti!$B$10)*(1-Parametri!$B$4))*(1+Parametri!$B$5)+FerrGriglia!E3+Coefficienti!$B$11*Parametri!$B$6,2)*(1+Parametri!$B$7),2) | F4: =ROUND(ROUND((((Coefficienti!$B$1+Coefficienti!$B$2*F$2+Coefficienti!$B$3*$A4)*Parametri!$B$1+(Coefficienti!$B$4+Coefficienti!$B$5*F$2+Coefficienti!$B$6*$A4)*Parametri!$B$2)*(1-Parametri!$B$3)+((Coefficienti!$B$7+Coefficienti!$B$8*F$2+Coefficienti!$B$9*$A4)+Coefficienti!$B$10)*(1-Parametri!$B$4))*(1+Parametri!$B$5)+FerrGriglia!F3+Coefficienti!$B$11*Parametri!$B$6,2)*(1+Parametri!$B$7),2) | G4: =ROUND(ROUND((((Coefficienti!$B$1+Coefficienti!$B$2*G$2+Coefficienti!$B$3*$A4)*Parametri!$B$1+(Coefficienti!$B$4+Coefficienti!$B$5*G$2+Coefficienti!$B$6*$A4)*Parametri!$B$2)*(1-Parametri!$B$3)+((Coefficienti!$B$7+Coefficienti!$B$8*G$2+Coefficienti!$B$9*$A4)+Coefficienti!$B$10)*(1-Parametri!$B$4))*(1+Parametri!$B$5)+FerrGriglia!G3+Coefficienti!$B$11*Parametri!$B$6,2)*(1+Parametri!$B$7),2) | H4: =ROUND(ROUND((((Coefficienti!$B$1+Coefficienti!$B$2*H$2+Coefficienti!$B$3*$A4)*Parametri!$B$1+(Coefficienti!$B$4+Coefficienti!$B$5*H$2+Coefficienti!$B$6*$A4)*Parametri!$B$2)*(1-Parametri!$B$3)+((Coefficienti!$B$7+Coefficienti!$B$8*H$2+Coefficienti!$B$9*$A4)+Coefficienti!$B$10)*(1-Parametri!$B$4))*(1+Parametri!$B$5)+FerrGriglia!H3+Coefficienti!$B$11*Parametri!$B$6,2)*(1+Parametri!$B$7),2) | I4: =ROUND(ROUND((((Coefficienti!$B$1+Coefficienti!$B$2*I$2+Coefficienti!$B$3*$A4)*Parametri!$B$1+(Coefficienti!$B$4+Coefficienti!$B$5*I$2+Coefficienti!$B$6*$A4)*Parametri!$B$2)*(1-Parametri!$B$3)+((Coefficienti!$B$7+Coefficienti!$B$8*I$2+Coefficienti!$B$9*$A4)+Coefficienti!$B$10)*(1-Parametri!$B$4))*(1+Parametri!$B$5)+FerrGriglia!I3+Coefficienti!$B$11*Parametri!$B$6,2)*(1+Parametri!$B$7),2) | ... AA4: =ROUND(ROUND((((Coefficienti!$B$1+Coefficienti!$B$2*AA$2+Coefficienti!$B$3*$A4)*Parametri!$B$1+(Coefficienti!$B$4+Coefficienti!$B$5*AA$2+Coefficienti!$B$6*$A4)*Parametri!$B$2)*(1-Parametri!$B$3)+((Coefficienti!$B$7+Coefficienti!$B$8*AA$2+Coefficienti!$B$9*$A4)+Coefficienti!$B$10)*(1-Parametri!$B$4))*(1+Parametri!$B$5)+FerrGriglia!AA3+Coefficienti!$B$11*Parametri!$B$6,2)*(1+Parametri!$B$7),2)
A5: 800 | B5: =ROUND(ROUND((((Coefficienti!$B$1+Coefficienti!$B$2*B$2+Coefficienti!$B$3*$A5)*Parametri!$B$1+(Coefficienti!$B$4+Coefficienti!$B$5*B$2+Coefficienti!$B$6*$A5)*Parametri!$B$2)*(1-Parametri!$B$3)+((Coefficienti!$B$7+Coefficienti!$B$8*B$2+Coefficienti!$B$9*$A5)+Coefficienti!$B$10)*(1-Parametri!$B$4))*(1+Parametri!$B$5)+FerrGriglia!B4+Coefficienti!$B$11*Parametri!$B$6,2)*(1+Parametri!$B$7),2) | C5: =ROUND(ROUND((((Coefficienti!$B$1+Coefficienti!$B$2*C$2+Coefficienti!$B$3*$A5)*Parametri!$B$1+(Coefficienti!$B$4+Coefficienti!$B$5*C$2+Coefficienti!$B$6*$A5)*Parametri!$B$2)*(1-Parametri!$B$3)+((Coefficienti!$B$7+Coefficienti!$B$8*C$2+Coefficienti!$B$9*$A5)+Coefficienti!$B$10)*(1-Parametri!$B$4))*(1+Parametri!$B$5)+FerrGriglia!C4+Coefficienti!$B$11*Parametri!$B$6,2)*(1+Parametri!$B$7),2) | D5: =ROUND(ROUND((((Coefficienti!$B$1+Coefficienti!$B$2*D$2+Coefficienti!$B$3*$A5)*Parametri!$B$1+(Coefficienti!$B$4+Coefficienti!$B$5*D$2+Coefficienti!$B$6*$A5)*Parametri!$B$2)*(1-Parametri!$B$3)+((Coefficienti!$B$7+Coefficienti!$B$8*D$2+Coefficienti!$B$9*$A5)+Coefficienti!$B$10)*(1-Parametri!$B$4))*(1+Parametri!$B$5)+FerrGriglia!D4+Coefficienti!$B$11*Parametri!$B$6,2)*(1+Parametri!$B$7),2) | E5: =ROUND(ROUND((((Coefficienti!$B$1+Coefficienti!$B$2*E$2+Coefficienti!$B$3*$A5)*Parametri!$B$1+(Coefficienti!$B$4+Coefficienti!$B$5*E$2+Coefficienti!$B$6*$A5)*Parametri!$B$2)*(1-Parametri!$B$3)+((Coefficienti!$B$7+Coefficienti!$B$8*E$2+Coefficienti!$B$9*$A5)+Coefficienti!$B$10)*(1-Parametri!$B$4))*(1+Parametri!$B$5)+FerrGriglia!E4+Coefficienti!$B$11*Parametri!$B$6,2)*(1+Parametri!$B$7),2) | F5: =ROUND(ROUND((((Coefficienti!$B$1+Coefficienti!$B$2*F$2+Coefficienti!$B$3*$A5)*Parametri!$B$1+(Coefficienti!$B$4+Coefficienti!$B$5*F$2+Coefficienti!$B$6*$A5)*Parametri!$B$2)*(1-Parametri!$B$3)+((Coefficienti!$B$7+Coefficienti!$B$8*F$2+Coefficienti!$B$9*$A5)+Coefficienti!$B$10)*(1-Parametri!$B$4))*(1+Parametri!$B$5)+FerrGriglia!F4+Coefficienti!$B$11*Parametri!$B$6,2)*(1+Parametri!$B$7),2) | G5: =ROUND(ROUND((((Coefficienti!$B$1+Coefficienti!$B$2*G$2+Coefficienti!$B$3*$A5)*Parametri!$B$1+(Coefficienti!$B$4+Coefficienti!$B$5*G$2+Coefficienti!$B$6*$A5)*Parametri!$B$2)*(1-Parametri!$B$3)+((Coefficienti!$B$7+Coefficienti!$B$8*G$2+Coefficienti!$B$9*$A5)+Coefficienti!$B$10)*(1-Parametri!$B$4))*(1+Parametri!$B$5)+FerrGriglia!G4+Coefficienti!$B$11*Parametri!$B$6,2)*(1+Parametri!$B$7),2) | H5: =ROUND(ROUND((((Coefficienti!$B$1+Coefficienti!$B$2*H$2+Coefficienti!$B$3*$A5)*Parametri!$B$1+(Coefficienti!$B$4+Coefficienti!$B$5*H$2+Coefficienti!$B$6*$A5)*Parametri!$B$2)*(1-Parametri!$B$3)+((Coefficienti!$B$7+Coefficienti!$B$8*H$2+Coefficienti!$B$9*$A5)+Coefficienti!$B$10)*(1-Parametri!$B$4))*(1+Parametri!$B$5)+FerrGriglia!H4+Coefficienti!$B$11*Parametri!$B$6,2)*(1+Parametri!$B$7),2) | I5: =ROUND(ROUND((((Coefficienti!$B$1+Coefficienti!$B$2*I$2+Coefficienti!$B$3*$A5)*Parametri!$B$1+(Coefficienti!$B$4+Coefficienti!$B$5*I$2+Coefficienti!$B$6*$A5)*Parametri!$B$2)*(1-Parametri!$B$3)+((Coefficienti!$B$7+Coefficienti!$B$8*I$2+Coefficienti!$B$9*$A5)+Coefficienti!$B$10)*(1-Parametri!$B$4))*(1+Parametri!$B$5)+FerrGriglia!I4+Coefficienti!$B$11*Parametri!$B$6,2)*(1+Parametri!$B$7),2) | ... AA5: =ROUND(ROUND((((Coefficienti!$B$1+Coefficienti!$B$2*AA$2+Coefficienti!$B$3*$A5)*Parametri!$B$1+(Coefficienti!$B$4+Coefficienti!$B$5*AA$2+Coefficienti!$B$6*$A5)*Parametri!$B$2)*(1-Parametri!$B$3)+((Coefficienti!$B$7+Coefficienti!$B$8*AA$2+Coefficienti!$B$9*$A5)+Coefficienti!$B$10)*(1-Parametri!$B$4))*(1+Parametri!$B$5)+FerrGriglia!AA4+Coefficienti!$B$11*Parametri!$B$6,2)*(1+Parametri!$B$7),2)
A6: 900 | B6: =ROUND(ROUND((((Coefficienti!$B$1+Coefficienti!$B$2*B$2+Coefficienti!$B$3*$A6)*Parametri!$B$1+(Coefficienti!$B$4+Coefficienti!$B$5*B$2+Coefficienti!$B$6*$A6)*Parametri!$B$2)*(1-Parametri!$B$3)+((Coefficienti!$B$7+Coefficienti!$B$8*B$2+Coefficienti!$B$9*$A6)+Coefficienti!$B$10)*(1-Parametri!$B$4))*(1+Parametri!$B$5)+FerrGriglia!B5+Coefficienti!$B$11*Parametri!$B$6,2)*(1+Parametri!$B$7),2) | C6: =ROUND(ROUND((((Coefficienti!$B$1+Coefficienti!$B$2*C$2+Coefficienti!$B$3*$A6)*Parametri!$B$1+(Coefficienti!$B$4+Coefficienti!$B$5*C$2+Coefficienti!$B$6*$A6)*Parametri!$B$2)*(1-Parametri!$B$3)+((Coefficienti!$B$7+Coefficienti!$B$8*C$2+Coefficienti!$B$9*$A6)+Coefficienti!$B$10)*(1-Parametri!$B$4))*(1+Parametri!$B$5)+FerrGriglia!C5+Coefficienti!$B$11*Parametri!$B$6,2)*(1+Parametri!$B$7),2) | D6: =ROUND(ROUND((((Coefficienti!$B$1+Coefficienti!$B$2*D$2+Coefficienti!$B$3*$A6)*Parametri!$B$1+(Coefficienti!$B$4+Coefficienti!$B$5*D$2+Coefficienti!$B$6*$A6)*Parametri!$B$2)*(1-Parametri!$B$3)+((Coefficienti!$B$7+Coefficienti!$B$8*D$2+Coefficienti!$B$9*$A6)+Coefficienti!$B$10)*(1-Parametri!$B$4))*(1+Parametri!$B$5)+FerrGriglia!D5+Coefficienti!$B$11*Parametri!$B$6,2)*(1+Parametri!$B$7),2) | E6: =ROUND(ROUND((((Coefficienti!$B$1+Coefficienti!$B$2*E$2+Coefficienti!$B$3*$A6)*Parametri!$B$1+(Coefficienti!$B$4+Coefficienti!$B$5*E$2+Coefficienti!$B$6*$A6)*Parametri!$B$2)*(1-Parametri!$B$3)+((Coefficienti!$B$7+Coefficienti!$B$8*E$2+Coefficienti!$B$9*$A6)+Coefficienti!$B$10)*(1-Parametri!$B$4))*(1+Parametri!$B$5)+FerrGriglia!E5+Coefficienti!$B$11*Parametri!$B$6,2)*(1+Parametri!$B$7),2) | F6: =ROUND(ROUND((((Coefficienti!$B$1+Coefficienti!$B$2*F$2+Coefficienti!$B$3*$A6)*Parametri!$B$1+(Coefficienti!$B$4+Coefficienti!$B$5*F$2+Coefficienti!$B$6*$A6)*Parametri!$B$2)*(1-Parametri!$B$3)+((Coefficienti!$B$7+Coefficienti!$B$8*F$2+Coefficienti!$B$9*$A6)+Coefficienti!$B$10)*(1-Parametri!$B$4))*(1+Parametri!$B$5)+FerrGriglia!F5+Coefficienti!$B$11*Parametri!$B$6,2)*(1+Parametri!$B$7),2) | G6: =ROUND(ROUND((((Coefficienti!$B$1+Coefficienti!$B$2*G$2+Coefficienti!$B$3*$A6)*Parametri!$B$1+(Coefficienti!$B$4+Coefficienti!$B$5*G$2+Coefficienti!$B$6*$A6)*Parametri!$B$2)*(1-Parametri!$B$3)+((Coefficienti!$B$7+Coefficienti!$B$8*G$2+Coefficienti!$B$9*$A6)+Coefficienti!$B$10)*(1-Parametri!$B$4))*(1+Parametri!$B$5)+FerrGriglia!G5+Coefficienti!$B$11*Parametri!$B$6,2)*(1+Parametri!$B$7),2) | H6: =ROUND(ROUND((((Coefficienti!$B$1+Coefficienti!$B$2*H$2+Coefficienti!$B$3*$A6)*Parametri!$B$1+(Coefficienti!$B$4+Coefficienti!$B$5*H$2+Coefficienti!$B$6*$A6)*Parametri!$B$2)*(1-Parametri!$B$3)+((Coefficienti!$B$7+Coefficienti!$B$8*H$2+Coefficienti!$B$9*$A6)+Coefficienti!$B$10)*(1-Parametri!$B$4))*(1+Parametri!$B$5)+FerrGriglia!H5+Coefficienti!$B$11*Parametri!$B$6,2)*(1+Parametri!$B$7),2) | I6: =ROUND(ROUND((((Coefficienti!$B$1+Coefficienti!$B$2*I$2+Coefficienti!$B$3*$A6)*Parametri!$B$1+(Coefficienti!$B$4+Coefficienti!$B$5*I$2+Coefficienti!$B$6*$A6)*Parametri!$B$2)*(1-Parametri!$B$3)+((Coefficienti!$B$7+Coefficienti!$B$8*I$2+Coefficienti!$B$9*$A6)+Coefficienti!$B$10)*(1-Parametri!$B$4))*(1+Parametri!$B$5)+FerrGriglia!I5+Coefficienti!$B$11*Parametri!$B$6,2)*(1+Parametri!$B$7),2) | ... AA6: =ROUND(ROUND((((Coefficienti!$B$1+Coefficienti!$B$2*AA$2+Coefficienti!$B$3*$A6)*Parametri!$B$1+(Coefficienti!$B$4+Coefficienti!$B$5*AA$2+Coefficienti!$B$6*$A6)*Parametri!$B$2)*(1-Parametri!$B$3)+((Coefficienti!$B$7+Coefficienti!$B$8*AA$2+Coefficienti!$B$9*$A6)+Coefficienti!$B$10)*(1-Parametri!$B$4))*(1+Parametri!$B$5)+FerrGriglia!AA5+Coefficienti!$B$11*Parametri!$B$6,2)*(1+Parametri!$B$7),2)
A7: 1000 | B7: =ROUND(ROUND((((Coefficienti!$B$1+Coefficienti!$B$2*B$2+Coefficienti!$B$3*$A7)*Parametri!$B$1+(Coefficienti!$B$4+Coefficienti!$B$5*B$2+Coefficienti!$B$6*$A7)*Parametri!$B$2)*(1-Parametri!$B$3)+((Coefficienti!$B$7+Coefficienti!$B$8*B$2+Coefficienti!$B$9*$A7)+Coefficienti!$B$10)*(1-Parametri!$B$4))*(1+Parametri!$B$5)+FerrGriglia!B6+Coefficienti!$B$11*Parametri!$B$6,2)*(1+Parametri!$B$7),2) | C7: =ROUND(ROUND((((Coefficienti!$B$1+Coefficienti!$B$2*C$2+Coefficienti!$B$3*$A7)*Parametri!$B$1+(Coefficienti!$B$4+Coefficienti!$B$5*C$2+Coefficienti!$B$6*$A7)*Parametri!$B$2)*(1-Parametri!$B$3)+((Coefficienti!$B$7+Coefficienti!$B$8*C$2+Coefficienti!$B$9*$A7)+Coefficienti!$B$10)*(1-Parametri!$B$4))*(1+Parametri!$B$5)+FerrGriglia!C6+Coefficienti!$B$11*Parametri!$B$6,2)*(1+Parametri!$B$7),2) | D7: =ROUND(ROUND((((Coefficienti!$B$1+Coefficienti!$B$2*D$2+Coefficienti!$B$3*$A7)*Parametri!$B$1+(Coefficienti!$B$4+Coefficienti!$B$5*D$2+Coefficienti!$B$6*$A7)*Parametri!$B$2)*(1-Parametri!$B$3)+((Coefficienti!$B$7+Coefficienti!$B$8*D$2+Coefficienti!$B$9*$A7)+Coefficienti!$B$10)*(1-Parametri!$B$4))*(1+Parametri!$B$5)+FerrGriglia!D6+Coefficienti!$B$11*Parametri!$B$6,2)*(1+Parametri!$B$7),2) | E7: =ROUND(ROUND((((Coefficienti!$B$1+Coefficienti!$B$2*E$2+Coefficienti!$B$3*$A7)*Parametri!$B$1+(Coefficienti!$B$4+Coefficienti!$B$5*E$2+Coefficienti!$B$6*$A7)*Parametri!$B$2)*(1-Parametri!$B$3)+((Coefficienti!$B$7+Coefficienti!$B$8*E$2+Coefficienti!$B$9*$A7)+Coefficienti!$B$10)*(1-Parametri!$B$4))*(1+Parametri!$B$5)+FerrGriglia!E6+Coefficienti!$B$11*Parametri!$B$6,2)*(1+Parametri!$B$7),2) | F7: =ROUND(ROUND((((Coefficienti!$B$1+Coefficienti!$B$2*F$2+Coefficienti!$B$3*$A7)*Parametri!$B$1+(Coefficienti!$B$4+Coefficienti!$B$5*F$2+Coefficienti!$B$6*$A7)*Parametri!$B$2)*(1-Parametri!$B$3)+((Coefficienti!$B$7+Coefficienti!$B$8*F$2+Coefficienti!$B$9*$A7)+Coefficienti!$B$10)*(1-Parametri!$B$4))*(1+Parametri!$B$5)+FerrGriglia!F6+Coefficienti!$B$11*Parametri!$B$6,2)*(1+Parametri!$B$7),2) | G7: =ROUND(ROUND((((Coefficienti!$B$1+Coefficienti!$B$2*G$2+Coefficienti!$B$3*$A7)*Parametri!$B$1+(Coefficienti!$B$4+Coefficienti!$B$5*G$2+Coefficienti!$B$6*$A7)*Parametri!$B$2)*(1-Parametri!$B$3)+((Coefficienti!$B$7+Coefficienti!$B$8*G$2+Coefficienti!$B$9*$A7)+Coefficienti!$B$10)*(1-Parametri!$B$4))*(1+Parametri!$B$5)+FerrGriglia!G6+Coefficienti!$B$11*Parametri!$B$6,2)*(1+Parametri!$B$7),2) | H7: =ROUND(ROUND((((Coefficienti!$B$1+Coefficienti!$B$2*H$2+Coefficienti!$B$3*$A7)*Parametri!$B$1+(Coefficienti!$B$4+Coefficienti!$B$5*H$2+Coefficienti!$B$6*$A7)*Parametri!$B$2)*(1-Parametri!$B$3)+((Coefficienti!$B$7+Coefficienti!$B$8*H$2+Coefficienti!$B$9*$A7)+Coefficienti!$B$10)*(1-Parametri!$B$4))*(1+Parametri!$B$5)+FerrGriglia!H6+Coefficienti!$B$11*Parametri!$B$6,2)*(1+Parametri!$B$7),2) | I7: =ROUND(ROUND((((Coefficienti!$B$1+Coefficienti!$B$2*I$2+Coefficienti!$B$3*$A7)*Parametri!$B$1+(Coefficienti!$B$4+Coefficienti!$B$5*I$2+Coefficienti!$B$6*$A7)*Parametri!$B$2)*(1-Parametri!$B$3)+((Coefficienti!$B$7+Coefficienti!$B$8*I$2+Coefficienti!$B$9*$A7)+Coefficienti!$B$10)*(1-Parametri!$B$4))*(1+Parametri!$B$5)+FerrGriglia!I6+Coefficienti!$B$11*Parametri!$B$6,2)*(1+Parametri!$B$7),2) | ... AA7: =ROUND(ROUND((((Coefficienti!$B$1+Coefficienti!$B$2*AA$2+Coefficienti!$B$3*$A7)*Parametri!$B$1+(Coefficienti!$B$4+Coefficienti!$B$5*AA$2+Coefficienti!$B$6*$A7)*Parametri!$B$2)*(1-Parametri!$B$3)+((Coefficienti!$B$7+Coefficienti!$B$8*AA$2+Coefficienti!$B$9*$A7)+Coefficienti!$B$10)*(1-Parametri!$B$4))*(1+Parametri!$B$5)+FerrGriglia!AA6+Coefficienti!$B$11*Parametri!$B$6,2)*(1+Parametri!$B$7),2)
A8: 1100 | B8: =ROUND(ROUND((((Coefficienti!$B$1+Coefficienti!$B$2*B$2+Coefficienti!$B$3*$A8)*Parametri!$B$1+(Coefficienti!$B$4+Coefficienti!$B$5*B$2+Coefficienti!$B$6*$A8)*Parametri!$B$2)*(1-Parametri!$B$3)+((Coefficienti!$B$7+Coefficienti!$B$8*B$2+Coefficienti!$B$9*$A8)+Coefficienti!$B$10)*(1-Parametri!$B$4))*(1+Parametri!$B$5)+FerrGriglia!B7+Coefficienti!$B$11*Parametri!$B$6,2)*(1+Parametri!$B$7),2) | C8: =ROUND(ROUND((((Coefficienti!$B$1+Coefficienti!$B$2*C$2+Coefficienti!$B$3*$A8)*Parametri!$B$1+(Coefficienti!$B$4+Coefficienti!$B$5*C$2+Coefficienti!$B$6*$A8)*Parametri!$B$2)*(1-Parametri!$B$3)+((Coefficienti!$B$7+Coefficienti!$B$8*C$2+Coefficienti!$B$9*$A8)+Coefficienti!$B$10)*(1-Parametri!$B$4))*(1+Parametri!$B$5)+FerrGriglia!C7+Coefficienti!$B$11*Parametri!$B$6,2)*(1+Parametri!$B$7),2) | D8: =ROUND(ROUND((((Coefficienti!$B$1+Coefficienti!$B$2*D$2+Coefficienti!$B$3*$A8)*Parametri!$B$1+(Coefficienti!$B$4+Coefficienti!$B$5*D$2+Coefficienti!$B$6*$A8)*Parametri!$B$2)*(1-Parametri!$B$3)+((Coefficienti!$B$7+Coefficienti!$B$8*D$2+Coefficienti!$B$9*$A8)+Coefficienti!$B$10)*(1-Parametri!$B$4))*(1+Parametri!$B$5)+FerrGriglia!D7+Coefficienti!$B$11*Parametri!$B$6,2)*(1+Parametri!$B$7),2) | E8: =ROUND(ROUND((((Coefficienti!$B$1+Coefficienti!$B$2*E$2+Coefficienti!$B$3*$A8)*Parametri!$B$1+(Coefficienti!$B$4+Coefficienti!$B$5*E$2+Coefficienti!$B$6*$A8)*Parametri!$B$2)*(1-Parametri!$B$3)+((Coefficienti!$B$7+Coefficienti!$B$8*E$2+Coefficienti!$B$9*$A8)+Coefficienti!$B$10)*(1-Parametri!$B$4))*(1+Parametri!$B$5)+FerrGriglia!E7+Coefficienti!$B$11*Parametri!$B$6,2)*(1+Parametri!$B$7),2) | F8: =ROUND(ROUND((((Coefficienti!$B$1+Coefficienti!$B$2*F$2+Coefficienti!$B$3*$A8)*Parametri!$B$1+(Coefficienti!$B$4+Coefficienti!$B$5*F$2+Coefficienti!$B$6*$A8)*Parametri!$B$2)*(1-Parametri!$B$3)+((Coefficienti!$B$7+Coefficienti!$B$8*F$2+Coefficienti!$B$9*$A8)+Coefficienti!$B$10)*(1-Parametri!$B$4))*(1+Parametri!$B$5)+FerrGriglia!F7+Coefficienti!$B$11*Parametri!$B$6,2)*(1+Parametri!$B$7),2) | G8: =ROUND(ROUND((((Coefficienti!$B$1+Coefficienti!$B$2*G$2+Coefficienti!$B$3*$A8)*Parametri!$B$1+(Coefficienti!$B$4+Coefficienti!$B$5*G$2+Coefficienti!$B$6*$A8)*Parametri!$B$2)*(1-Parametri!$B$3)+((Coefficienti!$B$7+Coefficienti!$B$8*G$2+Coefficienti!$B$9*$A8)+Coefficienti!$B$10)*(1-Parametri!$B$4))*(1+Parametri!$B$5)+FerrGriglia!G7+Coefficienti!$B$11*Parametri!$B$6,2)*(1+Parametri!$B$7),2) | H8: =ROUND(ROUND((((Coefficienti!$B$1+Coefficienti!$B$2*H$2+Coefficienti!$B$3*$A8)*Parametri!$B$1+(Coefficienti!$B$4+Coefficienti!$B$5*H$2+Coefficienti!$B$6*$A8)*Parametri!$B$2)*(1-Parametri!$B$3)+((Coefficienti!$B$7+Coefficienti!$B$8*H$2+Coefficienti!$B$9*$A8)+Coefficienti!$B$10)*(1-Parametri!$B$4))*(1+Parametri!$B$5)+FerrGriglia!H7+Coefficienti!$B$11*Parametri!$B$6,2)*(1+Parametri!$B$7),2) | I8: =ROUND(ROUND((((Coefficienti!$B$1+Coefficienti!$B$2*I$2+Coefficienti!$B$3*$A8)*Parametri!$B$1+(Coefficienti!$B$4+Coefficienti!$B$5*I$2+Coefficienti!$B$6*$A8)*Parametri!$B$2)*(1-Parametri!$B$3)+((Coefficienti!$B$7+Coefficienti!$B$8*I$2+Coefficienti!$B$9*$A8)+Coefficienti!$B$10)*(1-Parametri!$B$4))*(1+Parametri!$B$5)+FerrGriglia!I7+Coefficienti!$B$11*Parametri!$B$6,2)*(1+Parametri!$B$7),2) | ... AA8: =ROUND(ROUND((((Coefficienti!$B$1+Coefficienti!$B$2*AA$2+Coefficienti!$B$3*$A8)*Parametri!$B$1+(Coefficienti!$B$4+Coefficienti!$B$5*AA$2+Coefficienti!$B$6*$A8)*Parametri!$B$2)*(1-Parametri!$B$3)+((Coefficienti!$B$7+Coefficienti!$B$8*AA$2+Coefficienti!$B$9*$A8)+Coefficienti!$B$10)*(1-Parametri!$B$4))*(1+Parametri!$B$5)+FerrGriglia!AA7+Coefficienti!$B$11*Parametri!$B$6,2)*(1+Parametri!$B$7),2)
A9: 1200 | B9: =ROUND(ROUND((((Coefficienti!$B$1+Coefficienti!$B$2*B$2+Coefficienti!$B$3*$A9)*Parametri!$B$1+(Coefficienti!$B$4+Coefficienti!$B$5*B$2+Coefficienti!$B$6*$A9)*Parametri!$B$2)*(1-Parametri!$B$3)+((Coefficienti!$B$7+Coefficienti!$B$8*B$2+Coefficienti!$B$9*$A9)+Coefficienti!$B$10)*(1-Parametri!$B$4))*(1+Parametri!$B$5)+FerrGriglia!B8+Coefficienti!$B$11*Parametri!$B$6,2)*(1+Parametri!$B$7),2) | C9: =ROUND(ROUND((((Coefficienti!$B$1+Coefficienti!$B$2*C$2+Coefficienti!$B$3*$A9)*Parametri!$B$1+(Coefficienti!$B$4+Coefficienti!$B$5*C$2+Coefficienti!$B$6*$A9)*Parametri!$B$2)*(1-Parametri!$B$3)+((Coefficienti!$B$7+Coefficienti!$B$8*C$2+Coefficienti!$B$9*$A9)+Coefficienti!$B$10)*(1-Parametri!$B$4))*(1+Parametri!$B$5)+FerrGriglia!C8+Coefficienti!$B$11*Parametri!$B$6,2)*(1+Parametri!$B$7),2) | D9: =ROUND(ROUND((((Coefficienti!$B$1+Coefficienti!$B$2*D$2+Coefficienti!$B$3*$A9)*Parametri!$B$1+(Coefficienti!$B$4+Coefficienti!$B$5*D$2+Coefficienti!$B$6*$A9)*Parametri!$B$2)*(1-Parametri!$B$3)+((Coefficienti!$B$7+Coefficienti!$B$8*D$2+Coefficienti!$B$9*$A9)+Coefficienti!$B$10)*(1-Parametri!$B$4))*(1+Parametri!$B$5)+FerrGriglia!D8+Coefficienti!$B$11*Parametri!$B$6,2)*(1+Parametri!$B$7),2) | E9: =ROUND(ROUND((((Coefficienti!$B$1+Coefficienti!$B$2*E$2+Coefficienti!$B$3*$A9)*Parametri!$B$1+(Coefficienti!$B$4+Coefficienti!$B$5*E$2+Coefficienti!$B$6*$A9)*Parametri!$B$2)*(1-Parametri!$B$3)+((Coefficienti!$B$7+Coefficienti!$B$8*E$2+Coefficienti!$B$9*$A9)+Coefficienti!$B$10)*(1-Parametri!$B$4))*(1+Parametri!$B$5)+FerrGriglia!E8+Coefficienti!$B$11*Parametri!$B$6,2)*(1+Parametri!$B$7),2) | F9: =ROUND(ROUND((((Coefficienti!$B$1+Coefficienti!$B$2*F$2+Coefficienti!$B$3*$A9)*Parametri!$B$1+(Coefficienti!$B$4+Coefficienti!$B$5*F$2+Coefficienti!$B$6*$A9)*Parametri!$B$2)*(1-Parametri!$B$3)+((Coefficienti!$B$7+Coefficienti!$B$8*F$2+Coefficienti!$B$9*$A9)+Coefficienti!$B$10)*(1-Parametri!$B$4))*(1+Parametri!$B$5)+FerrGriglia!F8+Coefficienti!$B$11*Parametri!$B$6,2)*(1+Parametri!$B$7),2) | G9: =ROUND(ROUND((((Coefficienti!$B$1+Coefficienti!$B$2*G$2+Coefficienti!$B$3*$A9)*Parametri!$B$1+(Coefficienti!$B$4+Coefficienti!$B$5*G$2+Coefficienti!$B$6*$A9)*Parametri!$B$2)*(1-Parametri!$B$3)+((Coefficienti!$B$7+Coefficienti!$B$8*G$2+Coefficienti!$B$9*$A9)+Coefficienti!$B$10)*(1-Parametri!$B$4))*(1+Parametri!$B$5)+FerrGriglia!G8+Coefficienti!$B$11*Parametri!$B$6,2)*(1+Parametri!$B$7),2) | H9: =ROUND(ROUND((((Coefficienti!$B$1+Coefficienti!$B$2*H$2+Coefficienti!$B$3*$A9)*Parametri!$B$1+(Coefficienti!$B$4+Coefficienti!$B$5*H$2+Coefficienti!$B$6*$A9)*Parametri!$B$2)*(1-Parametri!$B$3)+((Coefficienti!$B$7+Coefficienti!$B$8*H$2+Coefficienti!$B$9*$A9)+Coefficienti!$B$10)*(1-Parametri!$B$4))*(1+Parametri!$B$5)+FerrGriglia!H8+Coefficienti!$B$11*Parametri!$B$6,2)*(1+Parametri!$B$7),2) | I9: =ROUND(ROUND((((Coefficienti!$B$1+Coefficienti!$B$2*I$2+Coefficienti!$B$3*$A9)*Parametri!$B$1+(Coefficienti!$B$4+Coefficienti!$B$5*I$2+Coefficienti!$B$6*$A9)*Parametri!$B$2)*(1-Parametri!$B$3)+((Coefficienti!$B$7+Coefficienti!$B$8*I$2+Coefficienti!$B$9*$A9)+Coefficienti!$B$10)*(1-Parametri!$B$4))*(1+Parametri!$B$5)+FerrGriglia!I8+Coefficienti!$B$11*Parametri!$B$6,2)*(1+Parametri!$B$7),2) | ... AA9: =ROUND(ROUND((((Coefficienti!$B$1+Coefficienti!$B$2*AA$2+Coefficienti!$B$3*$A9)*Parametri!$B$1+(Coefficienti!$B$4+Coefficienti!$B$5*AA$2+Coefficienti!$B$6*$A9)*Parametri!$B$2)*(1-Parametri!$B$3)+((Coefficienti!$B$7+Coefficienti!$B$8*AA$2+Coefficienti!$B$9*$A9)+Coefficienti!$B$10)*(1-Parametri!$B$4))*(1+Parametri!$B$5)+FerrGriglia!AA8+Coefficienti!$B$11*Parametri!$B$6,2)*(1+Parametri!$B$7),2)
A10: 1300 | B10: =ROUND(ROUND((((Coefficienti!$B$1+Coefficienti!$B$2*B$2+Coefficienti!$B$3*$A10)*Parametri!$B$1+(Coefficienti!$B$4+Coefficienti!$B$5*B$2+Coefficienti!$B$6*$A10)*Parametri!$B$2)*(1-Parametri!$B$3)+((Coefficienti!$B$7+Coefficienti!$B$8*B$2+Coefficienti!$B$9*$A10)+Coefficienti!$B$10)*(1-Parametri!$B$4))*(1+Parametri!$B$5)+FerrGriglia!B9+Coefficienti!$B$11*Parametri!$B$6,2)*(1+Parametri!$B$7),2) | C10: =ROUND(ROUND((((Coefficienti!$B$1+Coefficienti!$B$2*C$2+Coefficienti!$B$3*$A10)*Parametri!$B$1+(Coefficienti!$B$4+Coefficienti!$B$5*C$2+Coefficienti!$B$6*$A10)*Parametri!$B$2)*(1-Parametri!$B$3)+((Coefficienti!$B$7+Coefficienti!$B$8*C$2+Coefficienti!$B$9*$A10)+Coefficienti!$B$10)*(1-Parametri!$B$4))*(1+Parametri!$B$5)+FerrGriglia!C9+Coefficienti!$B$11*Parametri!$B$6,2)*(1+Parametri!$B$7),2) | D10: =ROUND(ROUND((((Coefficienti!$B$1+Coefficienti!$B$2*D$2+Coefficienti!$B$3*$A10)*Parametri!$B$1+(Coefficienti!$B$4+Coefficienti!$B$5*D$2+Coefficienti!$B$6*$A10)*Parametri!$B$2)*(1-Parametri!$B$3)+((Coefficienti!$B$7+Coefficienti!$B$8*D$2+Coefficienti!$B$9*$A10)+Coefficienti!$B$10)*(1-Parametri!$B$4))*(1+Parametri!$B$5)+FerrGriglia!D9+Coefficienti!$B$11*Parametri!$B$6,2)*(1+Parametri!$B$7),2) | E10: =ROUND(ROUND((((Coefficienti!$B$1+Coefficienti!$B$2*E$2+Coefficienti!$B$3*$A10)*Parametri!$B$1+(Coefficienti!$B$4+Coefficienti!$B$5*E$2+Coefficienti!$B$6*$A10)*Parametri!$B$2)*(1-Parametri!$B$3)+((Coefficienti!$B$7+Coefficienti!$B$8*E$2+Coefficienti!$B$9*$A10)+Coefficienti!$B$10)*(1-Parametri!$B$4))*(1+Parametri!$B$5)+FerrGriglia!E9+Coefficienti!$B$11*Parametri!$B$6,2)*(1+Parametri!$B$7),2) | F10: =ROUND(ROUND((((Coefficienti!$B$1+Coefficienti!$B$2*F$2+Coefficienti!$B$3*$A10)*Parametri!$B$1+(Coefficienti!$B$4+Coefficienti!$B$5*F$2+Coefficienti!$B$6*$A10)*Parametri!$B$2)*(1-Parametri!$B$3)+((Coefficienti!$B$7+Coefficienti!$B$8*F$2+Coefficienti!$B$9*$A10)+Coefficienti!$B$10)*(1-Parametri!$B$4))*(1+Parametri!$B$5)+FerrGriglia!F9+Coefficienti!$B$11*Parametri!$B$6,2)*(1+Parametri!$B$7),2) | G10: =ROUND(ROUND((((Coefficienti!$B$1+Coefficienti!$B$2*G$2+Coefficienti!$B$3*$A10)*Parametri!$B$1+(Coefficienti!$B$4+Coefficienti!$B$5*G$2+Coefficienti!$B$6*$A10)*Parametri!$B$2)*(1-Parametri!$B$3)+((Coefficienti!$B$7+Coefficienti!$B$8*G$2+Coefficienti!$B$9*$A10)+Coefficienti!$B$10)*(1-Parametri!$B$4))*(1+Parametri!$B$5)+FerrGriglia!G9+Coefficienti!$B$11*Parametri!$B$6,2)*(1+Parametri!$B$7),2) | H10: =ROUND(ROUND((((Coefficienti!$B$1+Coefficienti!$B$2*H$2+Coefficienti!$B$3*$A10)*Parametri!$B$1+(Coefficienti!$B$4+Coefficienti!$B$5*H$2+Coefficienti!$B$6*$A10)*Parametri!$B$2)*(1-Parametri!$B$3)+((Coefficienti!$B$7+Coefficienti!$B$8*H$2+Coefficienti!$B$9*$A10)+Coefficienti!$B$10)*(1-Parametri!$B$4))*(1+Parametri!$B$5)+FerrGriglia!H9+Coefficienti!$B$11*Parametri!$B$6,2)*(1+Parametri!$B$7),2) | I10: =ROUND(ROUND((((Coefficienti!$B$1+Coefficienti!$B$2*I$2+Coefficienti!$B$3*$A10)*Parametri!$B$1+(Coefficienti!$B$4+Coefficienti!$B$5*I$2+Coefficienti!$B$6*$A10)*Parametri!$B$2)*(1-Parametri!$B$3)+((Coefficienti!$B$7+Coefficienti!$B$8*I$2+Coefficienti!$B$9*$A10)+Coefficienti!$B$10)*(1-Parametri!$B$4))*(1+Parametri!$B$5)+FerrGriglia!I9+Coefficienti!$B$11*Parametri!$B$6,2)*(1+Parametri!$B$7),2) | ... AA10: =ROUND(ROUND((((Coefficienti!$B$1+Coefficienti!$B$2*AA$2+Coefficienti!$B$3*$A10)*Parametri!$B$1+(Coefficienti!$B$4+Coefficienti!$B$5*AA$2+Coefficienti!$B$6*$A10)*Parametri!$B$2)*(1-Parametri!$B$3)+((Coefficienti!$B$7+Coefficienti!$B$8*AA$2+Coefficienti!$B$9*$A10)+Coefficienti!$B$10)*(1-Parametri!$B$4))*(1+Parametri!$B$5)+FerrGriglia!AA9+Coefficienti!$B$11*Parametri!$B$6,2)*(1+Parametri!$B$7),2)
A11: 1400 | B11: =ROUND(ROUND((((Coefficienti!$B$1+Coefficienti!$B$2*B$2+Coefficienti!$B$3*$A11)*Parametri!$B$1+(Coefficienti!$B$4+Coefficienti!$B$5*B$2+Coefficienti!$B$6*$A11)*Parametri!$B$2)*(1-Parametri!$B$3)+((Coefficienti!$B$7+Coefficienti!$B$8*B$2+Coefficienti!$B$9*$A11)+Coefficienti!$B$10)*(1-Parametri!$B$4))*(1+Parametri!$B$5)+FerrGriglia!B10+Coefficienti!$B$11*Parametri!$B$6,2)*(1+Parametri!$B$7),2) | C11: =ROUND(ROUND((((Coefficienti!$B$1+Coefficienti!$B$2*C$2+Coefficienti!$B$3*$A11)*Parametri!$B$1+(Coefficienti!$B$4+Coefficienti!$B$5*C$2+Coefficienti!$B$6*$A11)*Parametri!$B$2)*(1-Parametri!$B$3)+((Coefficienti!$B$7+Coefficienti!$B$8*C$2+Coefficienti!$B$9*$A11)+Coefficienti!$B$10)*(1-Parametri!$B$4))*(1+Parametri!$B$5)+FerrGriglia!C10+Coefficienti!$B$11*Parametri!$B$6,2)*(1+Parametri!$B$7),2) | D11: =ROUND(ROUND((((Coefficienti!$B$1+Coefficienti!$B$2*D$2+Coefficienti!$B$3*$A11)*Parametri!$B$1+(Coefficienti!$B$4+Coefficienti!$B$5*D$2+Coefficienti!$B$6*$A11)*Parametri!$B$2)*(1-Parametri!$B$3)+((Coefficienti!$B$7+Coefficienti!$B$8*D$2+Coefficienti!$B$9*$A11)+Coefficienti!$B$10)*(1-Parametri!$B$4))*(1+Parametri!$B$5)+FerrGriglia!D10+Coefficienti!$B$11*Parametri!$B$6,2)*(1+Parametri!$B$7),2) | E11: =ROUND(ROUND((((Coefficienti!$B$1+Coefficienti!$B$2*E$2+Coefficienti!$B$3*$A11)*Parametri!$B$1+(Coefficienti!$B$4+Coefficienti!$B$5*E$2+Coefficienti!$B$6*$A11)*Parametri!$B$2)*(1-Parametri!$B$3)+((Coefficienti!$B$7+Coefficienti!$B$8*E$2+Coefficienti!$B$9*$A11)+Coefficienti!$B$10)*(1-Parametri!$B$4))*(1+Parametri!$B$5)+FerrGriglia!E10+Coefficienti!$B$11*Parametri!$B$6,2)*(1+Parametri!$B$7),2) | F11: =ROUND(ROUND((((Coefficienti!$B$1+Coefficienti!$B$2*F$2+Coefficienti!$B$3*$A11)*Parametri!$B$1+(Coefficienti!$B$4+Coefficienti!$B$5*F$2+Coefficienti!$B$6*$A11)*Parametri!$B$2)*(1-Parametri!$B$3)+((Coefficienti!$B$7+Coefficienti!$B$8*F$2+Coefficienti!$B$9*$A11)+Coefficienti!$B$10)*(1-Parametri!$B$4))*(1+Parametri!$B$5)+FerrGriglia!F10+Coefficienti!$B$11*Parametri!$B$6,2)*(1+Parametri!$B$7),2) | G11: =ROUND(ROUND((((Coefficienti!$B$1+Coefficienti!$B$2*G$2+Coefficienti!$B$3*$A11)*Parametri!$B$1+(Coefficienti!$B$4+Coefficienti!$B$5*G$2+Coefficienti!$B$6*$A11)*Parametri!$B$2)*(1-Parametri!$B$3)+((Coefficienti!$B$7+Coefficienti!$B$8*G$2+Coefficienti!$B$9*$A11)+Coefficienti!$B$10)*(1-Parametri!$B$4))*(1+Parametri!$B$5)+FerrGriglia!G10+Coefficienti!$B$11*Parametri!$B$6,2)*(1+Parametri!$B$7),2) | H11: =ROUND(ROUND((((Coefficienti!$B$1+Coefficienti!$B$2*H$2+Coefficienti!$B$3*$A11)*Parametri!$B$1+(Coefficienti!$B$4+Coefficienti!$B$5*H$2+Coefficienti!$B$6*$A11)*Parametri!$B$2)*(1-Parametri!$B$3)+((Coefficienti!$B$7+Coefficienti!$B$8*H$2+Coefficienti!$B$9*$A11)+Coefficienti!$B$10)*(1-Parametri!$B$4))*(1+Parametri!$B$5)+FerrGriglia!H10+Coefficienti!$B$11*Parametri!$B$6,2)*(1+Parametri!$B$7),2) | I11: =ROUND(ROUND((((Coefficienti!$B$1+Coefficienti!$B$2*I$2+Coefficienti!$B$3*$A11)*Parametri!$B$1+(Coefficienti!$B$4+Coefficienti!$B$5*I$2+Coefficienti!$B$6*$A11)*Parametri!$B$2)*(1-Parametri!$B$3)+((Coefficienti!$B$7+Coefficienti!$B$8*I$2+Coefficienti!$B$9*$A11)+Coefficienti!$B$10)*(1-Parametri!$B$4))*(1+Parametri!$B$5)+FerrGriglia!I10+Coefficienti!$B$11*Parametri!$B$6,2)*(1+Parametri!$B$7),2) | ... AA11: =ROUND(ROUND((((Coefficienti!$B$1+Coefficienti!$B$2*AA$2+Coefficienti!$B$3*$A11)*Parametri!$B$1+(Coefficienti!$B$4+Coefficienti!$B$5*AA$2+Coefficienti!$B$6*$A11)*Parametri!$B$2)*(1-Parametri!$B$3)+((Coefficienti!$B$7+Coefficienti!$B$8*AA$2+Coefficienti!$B$9*$A11)+Coefficienti!$B$10)*(1-Parametri!$B$4))*(1+Parametri!$B$5)+FerrGriglia!AA10+Coefficienti!$B$11*Parametri!$B$6,2)*(1+Parametri!$B$7),2)
A12: 1500 | B12: =ROUND(ROUND((((Coefficienti!$B$1+Coefficienti!$B$2*B$2+Coefficienti!$B$3*$A12)*Parametri!$B$1+(Coefficienti!$B$4+Coefficienti!$B$5*B$2+Coefficienti!$B$6*$A12)*Parametri!$B$2)*(1-Parametri!$B$3)+((Coefficienti!$B$7+Coefficienti!$B$8*B$2+Coefficienti!$B$9*$A12)+Coefficienti!$B$10)*(1-Parametri!$B$4))*(1+Parametri!$B$5)+FerrGriglia!B11+Coefficienti!$B$11*Parametri!$B$6,2)*(1+Parametri!$B$7),2) | C12: =ROUND(ROUND((((Coefficienti!$B$1+Coefficienti!$B$2*C$2+Coefficienti!$B$3*$A12)*Parametri!$B$1+(Coefficienti!$B$4+Coefficienti!$B$5*C$2+Coefficienti!$B$6*$A12)*Parametri!$B$2)*(1-Parametri!$B$3)+((Coefficienti!$B$7+Coefficienti!$B$8*C$2+Coefficienti!$B$9*$A12)+Coefficienti!$B$10)*(1-Parametri!$B$4))*(1+Parametri!$B$5)+FerrGriglia!C11+Coefficienti!$B$11*Parametri!$B$6,2)*(1+Parametri!$B$7),2) | D12: =ROUND(ROUND((((Coefficienti!$B$1+Coefficienti!$B$2*D$2+Coefficienti!$B$3*$A12)*Parametri!$B$1+(Coefficienti!$B$4+Coefficienti!$B$5*D$2+Coefficienti!$B$6*$A12)*Parametri!$B$2)*(1-Parametri!$B$3)+((Coefficienti!$B$7+Coefficienti!$B$8*D$2+Coefficienti!$B$9*$A12)+Coefficienti!$B$10)*(1-Parametri!$B$4))*(1+Parametri!$B$5)+FerrGriglia!D11+Coefficienti!$B$11*Parametri!$B$6,2)*(1+Parametri!$B$7),2) | E12: =ROUND(ROUND((((Coefficienti!$B$1+Coefficienti!$B$2*E$2+Coefficienti!$B$3*$A12)*Parametri!$B$1+(Coefficienti!$B$4+Coefficienti!$B$5*E$2+Coefficienti!$B$6*$A12)*Parametri!$B$2)*(1-Parametri!$B$3)+((Coefficienti!$B$7+Coefficienti!$B$8*E$2+Coefficienti!$B$9*$A12)+Coefficienti!$B$10)*(1-Parametri!$B$4))*(1+Parametri!$B$5)+FerrGriglia!E11+Coefficienti!$B$11*Parametri!$B$6,2)*(1+Parametri!$B$7),2) | F12: =ROUND(ROUND((((Coefficienti!$B$1+Coefficienti!$B$2*F$2+Coefficienti!$B$3*$A12)*Parametri!$B$1+(Coefficienti!$B$4+Coefficienti!$B$5*F$2+Coefficienti!$B$6*$A12)*Parametri!$B$2)*(1-Parametri!$B$3)+((Coefficienti!$B$7+Coefficienti!$B$8*F$2+Coefficienti!$B$9*$A12)+Coefficienti!$B$10)*(1-Parametri!$B$4))*(1+Parametri!$B$5)+FerrGriglia!F11+Coefficienti!$B$11*Parametri!$B$6,2)*(1+Parametri!$B$7),2) | G12: =ROUND(ROUND((((Coefficienti!$B$1+Coefficienti!$B$2*G$2+Coefficienti!$B$3*$A12)*Parametri!$B$1+(Coefficienti!$B$4+Coefficienti!$B$5*G$2+Coefficienti!$B$6*$A12)*Parametri!$B$2)*(1-Parametri!$B$3)+((Coefficienti!$B$7+Coefficienti!$B$8*G$2+Coefficienti!$B$9*$A12)+Coefficienti!$B$10)*(1-Parametri!$B$4))*(1+Parametri!$B$5)+FerrGriglia!G11+Coefficienti!$B$11*Parametri!$B$6,2)*(1+Parametri!$B$7),2) | H12: =ROUND(ROUND((((Coefficienti!$B$1+Coefficienti!$B$2*H$2+Coefficienti!$B$3*$A12)*Parametri!$B$1+(Coefficienti!$B$4+Coefficienti!$B$5*H$2+Coefficienti!$B$6*$A12)*Parametri!$B$2)*(1-Parametri!$B$3)+((Coefficienti!$B$7+Coefficienti!$B$8*H$2+Coefficienti!$B$9*$A12)+Coefficienti!$B$10)*(1-Parametri!$B$4))*(1+Parametri!$B$5)+FerrGriglia!H11+Coefficienti!$B$11*Parametri!$B$6,2)*(1+Parametri!$B$7),2) | I12: =ROUND(ROUND((((Coefficienti!$B$1+Coefficienti!$B$2*I$2+Coefficienti!$B$3*$A12)*Parametri!$B$1+(Coefficienti!$B$4+Coefficienti!$B$5*I$2+Coefficienti!$B$6*$A12)*Parametri!$B$2)*(1-Parametri!$B$3)+((Coefficienti!$B$7+Coefficienti!$B$8*I$2+Coefficienti!$B$9*$A12)+Coefficienti!$B$10)*(1-Parametri!$B$4))*(1+Parametri!$B$5)+FerrGriglia!I11+Coefficienti!$B$11*Parametri!$B$6,2)*(1+Parametri!$B$7),2) | ... AA12: =ROUND(ROUND((((Coefficienti!$B$1+Coefficienti!$B$2*AA$2+Coefficienti!$B$3*$A12)*Parametri!$B$1+(Coefficienti!$B$4+Coefficienti!$B$5*AA$2+Coefficienti!$B$6*$A12)*Parametri!$B$2)*(1-Parametri!$B$3)+((Coefficienti!$B$7+Coefficienti!$B$8*AA$2+Coefficienti!$B$9*$A12)+Coefficienti!$B$10)*(1-Parametri!$B$4))*(1+Parametri!$B$5)+FerrGriglia!AA11+Coefficienti!$B$11*Parametri!$B$6,2)*(1+Parametri!$B$7),2)
A13: 1600 | B13: =ROUND(ROUND((((Coefficienti!$B$1+Coefficienti!$B$2*B$2+Coefficienti!$B$3*$A13)*Parametri!$B$1+(Coefficienti!$B$4+Coefficienti!$B$5*B$2+Coefficienti!$B$6*$A13)*Parametri!$B$2)*(1-Parametri!$B$3)+((Coefficienti!$B$7+Coefficienti!$B$8*B$2+Coefficienti!$B$9*$A13)+Coefficienti!$B$10)*(1-Parametri!$B$4))*(1+Parametri!$B$5)+FerrGriglia!B12+Coefficienti!$B$11*Parametri!$B$6,2)*(1+Parametri!$B$7),2) | C13: =ROUND(ROUND((((Coefficienti!$B$1+Coefficienti!$B$2*C$2+Coefficienti!$B$3*$A13)*Parametri!$B$1+(Coefficienti!$B$4+Coefficienti!$B$5*C$2+Coefficienti!$B$6*$A13)*Parametri!$B$2)*(1-Parametri!$B$3)+((Coefficienti!$B$7+Coefficienti!$B$8*C$2+Coefficienti!$B$9*$A13)+Coefficienti!$B$10)*(1-Parametri!$B$4))*(1+Parametri!$B$5)+FerrGriglia!C12+Coefficienti!$B$11*Parametri!$B$6,2)*(1+Parametri!$B$7),2) | D13: =ROUND(ROUND((((Coefficienti!$B$1+Coefficienti!$B$2*D$2+Coefficienti!$B$3*$A13)*Parametri!$B$1+(Coefficienti!$B$4+Coefficienti!$B$5*D$2+Coefficienti!$B$6*$A13)*Parametri!$B$2)*(1-Parametri!$B$3)+((Coefficienti!$B$7+Coefficienti!$B$8*D$2+Coefficienti!$B$9*$A13)+Coefficienti!$B$10)*(1-Parametri!$B$4))*(1+Parametri!$B$5)+FerrGriglia!D12+Coefficienti!$B$11*Parametri!$B$6,2)*(1+Parametri!$B$7),2) | E13: =ROUND(ROUND((((Coefficienti!$B$1+Coefficienti!$B$2*E$2+Coefficienti!$B$3*$A13)*Parametri!$B$1+(Coefficienti!$B$4+Coefficienti!$B$5*E$2+Coefficienti!$B$6*$A13)*Parametri!$B$2)*(1-Parametri!$B$3)+((Coefficienti!$B$7+Coefficienti!$B$8*E$2+Coefficienti!$B$9*$A13)+Coefficienti!$B$10)*(1-Parametri!$B$4))*(1+Parametri!$B$5)+FerrGriglia!E12+Coefficienti!$B$11*Parametri!$B$6,2)*(1+Parametri!$B$7),2) | F13: =ROUND(ROUND((((Coefficienti!$B$1+Coefficienti!$B$2*F$2+Coefficienti!$B$3*$A13)*Parametri!$B$1+(Coefficienti!$B$4+Coefficienti!$B$5*F$2+Coefficienti!$B$6*$A13)*Parametri!$B$2)*(1-Parametri!$B$3)+((Coefficienti!$B$7+Coefficienti!$B$8*F$2+Coefficienti!$B$9*$A13)+Coefficienti!$B$10)*(1-Parametri!$B$4))*(1+Parametri!$B$5)+FerrGriglia!F12+Coefficienti!$B$11*Parametri!$B$6,2)*(1+Parametri!$B$7),2) | G13: =ROUND(ROUND((((Coefficienti!$B$1+Coefficienti!$B$2*G$2+Coefficienti!$B$3*$A13)*Parametri!$B$1+(Coefficienti!$B$4+Coefficienti!$B$5*G$2+Coefficienti!$B$6*$A13)*Parametri!$B$2)*(1-Parametri!$B$3)+((Coefficienti!$B$7+Coefficienti!$B$8*G$2+Coefficienti!$B$9*$A13)+Coefficienti!$B$10)*(1-Parametri!$B$4))*(1+Parametri!$B$5)+FerrGriglia!G12+Coefficienti!$B$11*Parametri!$B$6,2)*(1+Parametri!$B$7),2) | H13: =ROUND(ROUND((((Coefficienti!$B$1+Coefficienti!$B$2*H$2+Coefficienti!$B$3*$A13)*Parametri!$B$1+(Coefficienti!$B$4+Coefficienti!$B$5*H$2+Coefficienti!$B$6*$A13)*Parametri!$B$2)*(1-Parametri!$B$3)+((Coefficienti!$B$7+Coefficienti!$B$8*H$2+Coefficienti!$B$9*$A13)+Coefficienti!$B$10)*(1-Parametri!$B$4))*(1+Parametri!$B$5)+FerrGriglia!H12+Coefficienti!$B$11*Parametri!$B$6,2)*(1+Parametri!$B$7),2) | I13: =ROUND(ROUND((((Coefficienti!$B$1+Coefficienti!$B$2*I$2+Coefficienti!$B$3*$A13)*Parametri!$B$1+(Coefficienti!$B$4+Coefficienti!$B$5*I$2+Coefficienti!$B$6*$A13)*Parametri!$B$2)*(1-Parametri!$B$3)+((Coefficienti!$B$7+Coefficienti!$B$8*I$2+Coefficienti!$B$9*$A13)+Coefficienti!$B$10)*(1-Parametri!$B$4))*(1+Parametri!$B$5)+FerrGriglia!I12+Coefficienti!$B$11*Parametri!$B$6,2)*(1+Parametri!$B$7),2) | ... AA13: =ROUND(ROUND((((Coefficienti!$B$1+Coefficienti!$B$2*AA$2+Coefficienti!$B$3*$A13)*Parametri!$B$1+(Coefficienti!$B$4+Coefficienti!$B$5*AA$2+Coefficienti!$B$6*$A13)*Parametri!$B$2)*(1-Parametri!$B$3)+((Coefficienti!$B$7+Coefficienti!$B$8*AA$2+Coefficienti!$B$9*$A13)+Coefficienti!$B$10)*(1-Parametri!$B$4))*(1+Parametri!$B$5)+FerrGriglia!AA12+Coefficienti!$B$11*Parametri!$B$6,2)*(1+Parametri!$B$7),2)
A14: 1700 | B14: =ROUND(ROUND((((Coefficienti!$B$1+Coefficienti!$B$2*B$2+Coefficienti!$B$3*$A14)*Parametri!$B$1+(Coefficienti!$B$4+Coefficienti!$B$5*B$2+Coefficienti!$B$6*$A14)*Parametri!$B$2)*(1-Parametri!$B$3)+((Coefficienti!$B$7+Coefficienti!$B$8*B$2+Coefficienti!$B$9*$A14)+Coefficienti!$B$10)*(1-Parametri!$B$4))*(1+Parametri!$B$5)+FerrGriglia!B13+Coefficienti!$B$11*Parametri!$B$6,2)*(1+Parametri!$B$7),2) | C14: =ROUND(ROUND((((Coefficienti!$B$1+Coefficienti!$B$2*C$2+Coefficienti!$B$3*$A14)*Parametri!$B$1+(Coefficienti!$B$4+Coefficienti!$B$5*C$2+Coefficienti!$B$6*$A14)*Parametri!$B$2)*(1-Parametri!$B$3)+((Coefficienti!$B$7+Coefficienti!$B$8*C$2+Coefficienti!$B$9*$A14)+Coefficienti!$B$10)*(1-Parametri!$B$4))*(1+Parametri!$B$5)+FerrGriglia!C13+Coefficienti!$B$11*Parametri!$B$6,2)*(1+Parametri!$B$7),2) | D14: =ROUND(ROUND((((Coefficienti!$B$1+Coefficienti!$B$2*D$2+Coefficienti!$B$3*$A14)*Parametri!$B$1+(Coefficienti!$B$4+Coefficienti!$B$5*D$2+Coefficienti!$B$6*$A14)*Parametri!$B$2)*(1-Parametri!$B$3)+((Coefficienti!$B$7+Coefficienti!$B$8*D$2+Coefficienti!$B$9*$A14)+Coefficienti!$B$10)*(1-Parametri!$B$4))*(1+Parametri!$B$5)+FerrGriglia!D13+Coefficienti!$B$11*Parametri!$B$6,2)*(1+Parametri!$B$7),2) | E14: =ROUND(ROUND((((Coefficienti!$B$1+Coefficienti!$B$2*E$2+Coefficienti!$B$3*$A14)*Parametri!$B$1+(Coefficienti!$B$4+Coefficienti!$B$5*E$2+Coefficienti!$B$6*$A14)*Parametri!$B$2)*(1-Parametri!$B$3)+((Coefficienti!$B$7+Coefficienti!$B$8*E$2+Coefficienti!$B$9*$A14)+Coefficienti!$B$10)*(1-Parametri!$B$4))*(1+Parametri!$B$5)+FerrGriglia!E13+Coefficienti!$B$11*Parametri!$B$6,2)*(1+Parametri!$B$7),2) | F14: =ROUND(ROUND((((Coefficienti!$B$1+Coefficienti!$B$2*F$2+Coefficienti!$B$3*$A14)*Parametri!$B$1+(Coefficienti!$B$4+Coefficienti!$B$5*F$2+Coefficienti!$B$6*$A14)*Parametri!$B$2)*(1-Parametri!$B$3)+((Coefficienti!$B$7+Coefficienti!$B$8*F$2+Coefficienti!$B$9*$A14)+Coefficienti!$B$10)*(1-Parametri!$B$4))*(1+Parametri!$B$5)+FerrGriglia!F13+Coefficienti!$B$11*Parametri!$B$6,2)*(1+Parametri!$B$7),2) | G14: =ROUND(ROUND((((Coefficienti!$B$1+Coefficienti!$B$2*G$2+Coefficienti!$B$3*$A14)*Parametri!$B$1+(Coefficienti!$B$4+Coefficienti!$B$5*G$2+Coefficienti!$B$6*$A14)*Parametri!$B$2)*(1-Parametri!$B$3)+((Coefficienti!$B$7+Coefficienti!$B$8*G$2+Coefficienti!$B$9*$A14)+Coefficienti!$B$10)*(1-Parametri!$B$4))*(1+Parametri!$B$5)+FerrGriglia!G13+Coefficienti!$B$11*Parametri!$B$6,2)*(1+Parametri!$B$7),2) | H14: =ROUND(ROUND((((Coefficienti!$B$1+Coefficienti!$B$2*H$2+Coefficienti!$B$3*$A14)*Parametri!$B$1+(Coefficienti!$B$4+Coefficienti!$B$5*H$2+Coefficienti!$B$6*$A14)*Parametri!$B$2)*(1-Parametri!$B$3)+((Coefficienti!$B$7+Coefficienti!$B$8*H$2+Coefficienti!$B$9*$A14)+Coefficienti!$B$10)*(1-Parametri!$B$4))*(1+Parametri!$B$5)+FerrGriglia!H13+Coefficienti!$B$11*Parametri!$B$6,2)*(1+Parametri!$B$7),2) | I14: =ROUND(ROUND((((Coefficienti!$B$1+Coefficienti!$B$2*I$2+Coefficienti!$B$3*$A14)*Parametri!$B$1+(Coefficienti!$B$4+Coefficienti!$B$5*I$2+Coefficienti!$B$6*$A14)*Parametri!$B$2)*(1-Parametri!$B$3)+((Coefficienti!$B$7+Coefficienti!$B$8*I$2+Coefficienti!$B$9*$A14)+Coefficienti!$B$10)*(1-Parametri!$B$4))*(1+Parametri!$B$5)+FerrGriglia!I13+Coefficienti!$B$11*Parametri!$B$6,2)*(1+Parametri!$B$7),2) | ... AA14: =ROUND(ROUND((((Coefficienti!$B$1+Coefficienti!$B$2*AA$2+Coefficienti!$B$3*$A14)*Parametri!$B$1+(Coefficienti!$B$4+Coefficienti!$B$5*AA$2+Coefficienti!$B$6*$A14)*Parametri!$B$2)*(1-Parametri!$B$3)+((Coefficienti!$B$7+Coefficienti!$B$8*AA$2+Coefficienti!$B$9*$A14)+Coefficienti!$B$10)*(1-Parametri!$B$4))*(1+Parametri!$B$5)+FerrGriglia!AA13+Coefficienti!$B$11*Parametri!$B$6,2)*(1+Parametri!$B$7),2)
... A24: 2700 | B24: =ROUND(ROUND((((Coefficienti!$B$1+Coefficienti!$B$2*B$2+Coefficienti!$B$3*$A24)*Parametri!$B$1+(Coefficienti!$B$4+Coefficienti!$B$5*B$2+Coefficienti!$B$6*$A24)*Parametri!$B$2)*(1-Parametri!$B$3)+((Coefficienti!$B$7+Coefficienti!$B$8*B$2+Coefficienti!$B$9*$A24)+Coefficienti!$B$10)*(1-Parametri!$B$4))*(1+Parametri!$B$5)+FerrGriglia!B23+Coefficienti!$B$11*Parametri!$B$6,2)*(1+Parametri!$B$7),2) | C24: =ROUND(ROUND((((Coefficienti!$B$1+Coefficienti!$B$2*C$2+Coefficienti!$B$3*$A24)*Parametri!$B$1+(Coefficienti!$B$4+Coefficienti!$B$5*C$2+Coefficienti!$B$6*$A24)*Parametri!$B$2)*(1-Parametri!$B$3)+((Coefficienti!$B$7+Coefficienti!$B$8*C$2+Coefficienti!$B$9*$A24)+Coefficienti!$B$10)*(1-Parametri!$B$4))*(1+Parametri!$B$5)+FerrGriglia!C23+Coefficienti!$B$11*Parametri!$B$6,2)*(1+Parametri!$B$7),2) | D24: =ROUND(ROUND((((Coefficienti!$B$1+Coefficienti!$B$2*D$2+Coefficienti!$B$3*$A24)*Parametri!$B$1+(Coefficienti!$B$4+Coefficienti!$B$5*D$2+Coefficienti!$B$6*$A24)*Parametri!$B$2)*(1-Parametri!$B$3)+((Coefficienti!$B$7+Coefficienti!$B$8*D$2+Coefficienti!$B$9*$A24)+Coefficienti!$B$10)*(1-Parametri!$B$4))*(1+Parametri!$B$5)+FerrGriglia!D23+Coefficienti!$B$11*Parametri!$B$6,2)*(1+Parametri!$B$7),2) | E24: =ROUND(ROUND((((Coefficienti!$B$1+Coefficienti!$B$2*E$2+Coefficienti!$B$3*$A24)*Parametri!$B$1+(Coefficienti!$B$4+Coefficienti!$B$5*E$2+Coefficienti!$B$6*$A24)*Parametri!$B$2)*(1-Parametri!$B$3)+((Coefficienti!$B$7+Coefficienti!$B$8*E$2+Coefficienti!$B$9*$A24)+Coefficienti!$B$10)*(1-Parametri!$B$4))*(1+Parametri!$B$5)+FerrGriglia!E23+Coefficienti!$B$11*Parametri!$B$6,2)*(1+Parametri!$B$7),2) | F24: =ROUND(ROUND((((Coefficienti!$B$1+Coefficienti!$B$2*F$2+Coefficienti!$B$3*$A24)*Parametri!$B$1+(Coefficienti!$B$4+Coefficienti!$B$5*F$2+Coefficienti!$B$6*$A24)*Parametri!$B$2)*(1-Parametri!$B$3)+((Coefficienti!$B$7+Coefficienti!$B$8*F$2+Coefficienti!$B$9*$A24)+Coefficienti!$B$10)*(1-Parametri!$B$4))*(1+Parametri!$B$5)+FerrGriglia!F23+Coefficienti!$B$11*Parametri!$B$6,2)*(1+Parametri!$B$7),2) | G24: =ROUND(ROUND((((Coefficienti!$B$1+Coefficienti!$B$2*G$2+Coefficienti!$B$3*$A24)*Parametri!$B$1+(Coefficienti!$B$4+Coefficienti!$B$5*G$2+Coefficienti!$B$6*$A24)*Parametri!$B$2)*(1-Parametri!$B$3)+((Coefficienti!$B$7+Coefficienti!$B$8*G$2+Coefficienti!$B$9*$A24)+Coefficienti!$B$10)*(1-Parametri!$B$4))*(1+Parametri!$B$5)+FerrGriglia!G23+Coefficienti!$B$11*Parametri!$B$6,2)*(1+Parametri!$B$7),2) | H24: =ROUND(ROUND((((Coefficienti!$B$1+Coefficienti!$B$2*H$2+Coefficienti!$B$3*$A24)*Parametri!$B$1+(Coefficienti!$B$4+Coefficienti!$B$5*H$2+Coefficienti!$B$6*$A24)*Parametri!$B$2)*(1-Parametri!$B$3)+((Coefficienti!$B$7+Coefficienti!$B$8*H$2+Coefficienti!$B$9*$A24)+Coefficienti!$B$10)*(1-Parametri!$B$4))*(1+Parametri!$B$5)+FerrGriglia!H23+Coefficienti!$B$11*Parametri!$B$6,2)*(1+Parametri!$B$7),2) | I24: =ROUND(ROUND((((Coefficienti!$B$1+Coefficienti!$B$2*I$2+Coefficienti!$B$3*$A24)*Parametri!$B$1+(Coefficienti!$B$4+Coefficienti!$B$5*I$2+Coefficienti!$B$6*$A24)*Parametri!$B$2)*(1-Parametri!$B$3)+((Coefficienti!$B$7+Coefficienti!$B$8*I$2+Coefficienti!$B$9*$A24)+Coefficienti!$B$10)*(1-Parametri!$B$4))*(1+Parametri!$B$5)+FerrGriglia!I23+Coefficienti!$B$11*Parametri!$B$6,2)*(1+Parametri!$B$7),2) | ... AA24: =ROUND(ROUND((((Coefficienti!$B$1+Coefficienti!$B$2*AA$2+Coefficienti!$B$3*$A24)*Parametri!$B$1+(Coefficienti!$B$4+Coefficienti!$B$5*AA$2+Coefficienti!$B$6*$A24)*Parametri!$B$2)*(1-Parametri!$B$3)+((Coefficienti!$B$7+Coefficienti!$B$8*AA$2+Coefficienti!$B$9*$A24)+Coefficienti!$B$10)*(1-Parametri!$B$4))*(1+Parametri!$B$5)+FerrGriglia!AA23+Coefficienti!$B$11*Parametri!$B$6,2)*(1+Parametri!$B$7),2)
A27: COSTO SERRAMENTO (materiale scontato + sfrido + manodopera)
A28: H/L | B28: 500 | C28: 600 | D28: 700 | E28: 800 | F28: 900 | G28: 1000 | H28: 1100 | I28: 1200 | J28: 1300 | K28: 1400 | L28: 1500 | M28: 1600 | N28: 1700 | O28: 1800 | P28: 1900 | Q28: 2000 | R28: 2100 | S28: 2200 | T28: 2300 | U28: 2400 | V28: 2500 | W28: 2600 | X28: 2700 | Y28: 2800 | Z28: 2900 | AA28: 3000
A29: 600 | B29: =ROUND((((Coefficienti!$B$1+Coefficienti!$B$2*B$28+Coefficienti!$B$3*$A29)*Parametri!$B$1+(Coefficienti!$B$4+Coefficienti!$B$5*B$28+Coefficienti!$B$6*$A29)*Parametri!$B$2)*(1-Parametri!$B$3)+((Coefficienti!$B$7+Coefficienti!$B$8*B$28+Coefficienti!$B$9*$A29)+Coefficienti!$B$10)*(1-Parametri!$B$4))*(1+Parametri!$B$5)+FerrGriglia!B2+Coefficienti!$B$11*Parametri!$B$6,2) | C29: =ROUND((((Coefficienti!$B$1+Coefficienti!$B$2*C$28+Coefficienti!$B$3*$A29)*Parametri!$B$1+(Coefficienti!$B$4+Coefficienti!$B$5*C$28+Coefficienti!$B$6*$A29)*Parametri!$B$2)*(1-Parametri!$B$3)+((Coefficienti!$B$7+Coefficienti!$B$8*C$28+Coefficienti!$B$9*$A29)+Coefficienti!$B$10)*(1-Parametri!$B$4))*(1+Parametri!$B$5)+FerrGriglia!C2+Coefficienti!$B$11*Parametri!$B$6,2) | D29: =ROUND((((Coefficienti!$B$1+Coefficienti!$B$2*D$28+Coefficienti!$B$3*$A29)*Parametri!$B$1+(Coefficienti!$B$4+Coefficienti!$B$5*D$28+Coefficienti!$B$6*$A29)*Parametri!$B$2)*(1-Parametri!$B$3)+((Coefficienti!$B$7+Coefficienti!$B$8*D$28+Coefficienti!$B$9*$A29)+Coefficienti!$B$10)*(1-Parametri!$B$4))*(1+Parametri!$B$5)+FerrGriglia!D2+Coefficienti!$B$11*Parametri!$B$6,2) | E29: =ROUND((((Coefficienti!$B$1+Coefficienti!$B$2*E$28+Coefficienti!$B$3*$A29)*Parametri!$B$1+(Coefficienti!$B$4+Coefficienti!$B$5*E$28+Coefficienti!$B$6*$A29)*Parametri!$B$2)*(1-Parametri!$B$3)+((Coefficienti!$B$7+Coefficienti!$B$8*E$28+Coefficienti!$B$9*$A29)+Coefficienti!$B$10)*(1-Parametri!$B$4))*(1+Parametri!$B$5)+FerrGriglia!E2+Coefficienti!$B$11*Parametri!$B$6,2) | F29: =ROUND((((Coefficienti!$B$1+Coefficienti!$B$2*F$28+Coefficienti!$B$3*$A29)*Parametri!$B$1+(Coefficienti!$B$4+Coefficienti!$B$5*F$28+Coefficienti!$B$6*$A29)*Parametri!$B$2)*(1-Parametri!$B$3)+((Coefficienti!$B$7+Coefficienti!$B$8*F$28+Coefficienti!$B$9*$A29)+Coefficienti!$B$10)*(1-Parametri!$B$4))*(1+Parametri!$B$5)+FerrGriglia!F2+Coefficienti!$B$11*Parametri!$B$6,2) | G29: =ROUND((((Coefficienti!$B$1+Coefficienti!$B$2*G$28+Coefficienti!$B$3*$A29)*Parametri!$B$1+(Coefficienti!$B$4+Coefficienti!$B$5*G$28+Coefficienti!$B$6*$A29)*Parametri!$B$2)*(1-Parametri!$B$3)+((Coefficienti!$B$7+Coefficienti!$B$8*G$28+Coefficienti!$B$9*$A29)+Coefficienti!$B$10)*(1-Parametri!$B$4))*(1+Parametri!$B$5)+FerrGriglia!G2+Coefficienti!$B$11*Parametri!$B$6,2) | H29: =ROUND((((Coefficienti!$B$1+Coefficienti!$B$2*H$28+Coefficienti!$B$3*$A29)*Parametri!$B$1+(Coefficienti!$B$4+Coefficienti!$B$5*H$28+Coefficienti!$B$6*$A29)*Parametri!$B$2)*(1-Parametri!$B$3)+((Coefficienti!$B$7+Coefficienti!$B$8*H$28+Coefficienti!$B$9*$A29)+Coefficienti!$B$10)*(1-Parametri!$B$4))*(1+Parametri!$B$5)+FerrGriglia!H2+Coefficienti!$B$11*Parametri!$B$6,2) | I29: =ROUND((((Coefficienti!$B$1+Coefficienti!$B$2*I$28+Coefficienti!$B$3*$A29)*Parametri!$B$1+(Coefficienti!$B$4+Coefficienti!$B$5*I$28+Coefficienti!$B$6*$A29)*Parametri!$B$2)*(1-Parametri!$B$3)+((Coefficienti!$B$7+Coefficienti!$B$8*I$28+Coefficienti!$B$9*$A29)+Coefficienti!$B$10)*(1-Parametri!$B$4))*(1+Parametri!$B$5)+FerrGriglia!I2+Coefficienti!$B$11*Parametri!$B$6,2) | ... AA29: =ROUND((((Coefficienti!$B$1+Coefficienti!$B$2*AA$28+Coefficienti!$B$3*$A29)*Parametri!$B$1+(Coefficienti!$B$4+Coefficienti!$B$5*AA$28+Coefficienti!$B$6*$A29)*Parametri!$B$2)*(1-Parametri!$B$3)+((Coefficienti!$B$7+Coefficienti!$B$8*AA$28+Coefficienti!$B$9*$A29)+Coefficienti!$B$10)*(1-Parametri!$B$4))*(1+Parametri!$B$5)+FerrGriglia!AA2+Coefficienti!$B$11*Parametri!$B$6,2)
A30: 700 | B30: =ROUND((((Coefficienti!$B$1+Coefficienti!$B$2*B$28+Coefficienti!$B$3*$A30)*Parametri!$B$1+(Coefficienti!$B$4+Coefficienti!$B$5*B$28+Coefficienti!$B$6*$A30)*Parametri!$B$2)*(1-Parametri!$B$3)+((Coefficienti!$B$7+Coefficienti!$B$8*B$28+Coefficienti!$B$9*$A30)+Coefficienti!$B$10)*(1-Parametri!$B$4))*(1+Parametri!$B$5)+FerrGriglia!B3+Coefficienti!$B$11*Parametri!$B$6,2) | C30: =ROUND((((Coefficienti!$B$1+Coefficienti!$B$2*C$28+Coefficienti!$B$3*$A30)*Parametri!$B$1+(Coefficienti!$B$4+Coefficienti!$B$5*C$28+Coefficienti!$B$6*$A30)*Parametri!$B$2)*(1-Parametri!$B$3)+((Coefficienti!$B$7+Coefficienti!$B$8*C$28+Coefficienti!$B$9*$A30)+Coefficienti!$B$10)*(1-Parametri!$B$4))*(1+Parametri!$B$5)+FerrGriglia!C3+Coefficienti!$B$11*Parametri!$B$6,2) | D30: =ROUND((((Coefficienti!$B$1+Coefficienti!$B$2*D$28+Coefficienti!$B$3*$A30)*Parametri!$B$1+(Coefficienti!$B$4+Coefficienti!$B$5*D$28+Coefficienti!$B$6*$A30)*Parametri!$B$2)*(1-Parametri!$B$3)+((Coefficienti!$B$7+Coefficienti!$B$8*D$28+Coefficienti!$B$9*$A30)+Coefficienti!$B$10)*(1-Parametri!$B$4))*(1+Parametri!$B$5)+FerrGriglia!D3+Coefficienti!$B$11*Parametri!$B$6,2) | E30: =ROUND((((Coefficienti!$B$1+Coefficienti!$B$2*E$28+Coefficienti!$B$3*$A30)*Parametri!$B$1+(Coefficienti!$B$4+Coefficienti!$B$5*E$28+Coefficienti!$B$6*$A30)*Parametri!$B$2)*(1-Parametri!$B$3)+((Coefficienti!$B$7+Coefficienti!$B$8*E$28+Coefficienti!$B$9*$A30)+Coefficienti!$B$10)*(1-Parametri!$B$4))*(1+Parametri!$B$5)+FerrGriglia!E3+Coefficienti!$B$11*Parametri!$B$6,2) | F30: =ROUND((((Coefficienti!$B$1+Coefficienti!$B$2*F$28+Coefficienti!$B$3*$A30)*Parametri!$B$1+(Coefficienti!$B$4+Coefficienti!$B$5*F$28+Coefficienti!$B$6*$A30)*Parametri!$B$2)*(1-Parametri!$B$3)+((Coefficienti!$B$7+Coefficienti!$B$8*F$28+Coefficienti!$B$9*$A30)+Coefficienti!$B$10)*(1-Parametri!$B$4))*(1+Parametri!$B$5)+FerrGriglia!F3+Coefficienti!$B$11*Parametri!$B$6,2) | G30: =ROUND((((Coefficienti!$B$1+Coefficienti!$B$2*G$28+Coefficienti!$B$3*$A30)*Parametri!$B$1+(Coefficienti!$B$4+Coefficienti!$B$5*G$28+Coefficienti!$B$6*$A30)*Parametri!$B$2)*(1-Parametri!$B$3)+((Coefficienti!$B$7+Coefficienti!$B$8*G$28+Coefficienti!$B$9*$A30)+Coefficienti!$B$10)*(1-Parametri!$B$4))*(1+Parametri!$B$5)+FerrGriglia!G3+Coefficienti!$B$11*Parametri!$B$6,2) | H30: =ROUND((((Coefficienti!$B$1+Coefficienti!$B$2*H$28+Coefficienti!$B$3*$A30)*Parametri!$B$1+(Coefficienti!$B$4+Coefficienti!$B$5*H$28+Coefficienti!$B$6*$A30)*Parametri!$B$2)*(1-Parametri!$B$3)+((Coefficienti!$B$7+Coefficienti!$B$8*H$28+Coefficienti!$B$9*$A30)+Coefficienti!$B$10)*(1-Parametri!$B$4))*(1+Parametri!$B$5)+FerrGriglia!H3+Coefficienti!$B$11*Parametri!$B$6,2) | I30: =ROUND((((Coefficienti!$B$1+Coefficienti!$B$2*I$28+Coefficienti!$B$3*$A30)*Parametri!$B$1+(Coefficienti!$B$4+Coefficienti!$B$5*I$28+Coefficienti!$B$6*$A30)*Parametri!$B$2)*(1-Parametri!$B$3)+((Coefficienti!$B$7+Coefficienti!$B$8*I$28+Coefficienti!$B$9*$A30)+Coefficienti!$B$10)*(1-Parametri!$B$4))*(1+Parametri!$B$5)+FerrGriglia!I3+Coefficienti!$B$11*Parametri!$B$6,2) | ... AA30: =ROUND((((Coefficienti!$B$1+Coefficienti!$B$2*AA$28+Coefficienti!$B$3*$A30)*Parametri!$B$1+(Coefficienti!$B$4+Coefficienti!$B$5*AA$28+Coefficienti!$B$6*$A30)*Parametri!$B$2)*(1-Parametri!$B$3)+((Coefficienti!$B$7+Coefficienti!$B$8*AA$28+Coefficienti!$B$9*$A30)+Coefficienti!$B$10)*(1-Parametri!$B$4))*(1+Parametri!$B$5)+FerrGriglia!AA3+Coefficienti!$B$11*Parametri!$B$6,2)
A31: 800 | B31: =ROUND((((Coefficienti!$B$1+Coefficienti!$B$2*B$28+Coefficienti!$B$3*$A31)*Parametri!$B$1+(Coefficienti!$B$4+Coefficienti!$B$5*B$28+Coefficienti!$B$6*$A31)*Parametri!$B$2)*(1-Parametri!$B$3)+((Coefficienti!$B$7+Coefficienti!$B$8*B$28+Coefficienti!$B$9*$A31)+Coefficienti!$B$10)*(1-Parametri!$B$4))*(1+Parametri!$B$5)+FerrGriglia!B4+Coefficienti!$B$11*Parametri!$B$6,2) | C31: =ROUND((((Coefficienti!$B$1+Coefficienti!$B$2*C$28+Coefficienti!$B$3*$A31)*Parametri!$B$1+(Coefficienti!$B$4+Coefficienti!$B$5*C$28+Coefficienti!$B$6*$A31)*Parametri!$B$2)*(1-Parametri!$B$3)+((Coefficienti!$B$7+Coefficienti!$B$8*C$28+Coefficienti!$B$9*$A31)+Coefficienti!$B$10)*(1-Parametri!$B$4))*(1+Parametri!$B$5)+FerrGriglia!C4+Coefficienti!$B$11*Parametri!$B$6,2) | D31: =ROUND((((Coefficienti!$B$1+Coefficienti!$B$2*D$28+Coefficienti!$B$3*$A31)*Parametri!$B$1+(Coefficienti!$B$4+Coefficienti!$B$5*D$28+Coefficienti!$B$6*$A31)*Parametri!$B$2)*(1-Parametri!$B$3)+((Coefficienti!$B$7+Coefficienti!$B$8*D$28+Coefficienti!$B$9*$A31)+Coefficienti!$B$10)*(1-Parametri!$B$4))*(1+Parametri!$B$5)+FerrGriglia!D4+Coefficienti!$B$11*Parametri!$B$6,2) | E31: =ROUND((((Coefficienti!$B$1+Coefficienti!$B$2*E$28+Coefficienti!$B$3*$A31)*Parametri!$B$1+(Coefficienti!$B$4+Coefficienti!$B$5*E$28+Coefficienti!$B$6*$A31)*Parametri!$B$2)*(1-Parametri!$B$3)+((Coefficienti!$B$7+Coefficienti!$B$8*E$28+Coefficienti!$B$9*$A31)+Coefficienti!$B$10)*(1-Parametri!$B$4))*(1+Parametri!$B$5)+FerrGriglia!E4+Coefficienti!$B$11*Parametri!$B$6,2) | F31: =ROUND((((Coefficienti!$B$1+Coefficienti!$B$2*F$28+Coefficienti!$B$3*$A31)*Parametri!$B$1+(Coefficienti!$B$4+Coefficienti!$B$5*F$28+Coefficienti!$B$6*$A31)*Parametri!$B$2)*(1-Parametri!$B$3)+((Coefficienti!$B$7+Coefficienti!$B$8*F$28+Coefficienti!$B$9*$A31)+Coefficienti!$B$10)*(1-Parametri!$B$4))*(1+Parametri!$B$5)+FerrGriglia!F4+Coefficienti!$B$11*Parametri!$B$6,2) | G31: =ROUND((((Coefficienti!$B$1+Coefficienti!$B$2*G$28+Coefficienti!$B$3*$A31)*Parametri!$B$1+(Coefficienti!$B$4+Coefficienti!$B$5*G$28+Coefficienti!$B$6*$A31)*Parametri!$B$2)*(1-Parametri!$B$3)+((Coefficienti!$B$7+Coefficienti!$B$8*G$28+Coefficienti!$B$9*$A31)+Coefficienti!$B$10)*(1-Parametri!$B$4))*(1+Parametri!$B$5)+FerrGriglia!G4+Coefficienti!$B$11*Parametri!$B$6,2) | H31: =ROUND((((Coefficienti!$B$1+Coefficienti!$B$2*H$28+Coefficienti!$B$3*$A31)*Parametri!$B$1+(Coefficienti!$B$4+Coefficienti!$B$5*H$28+Coefficienti!$B$6*$A31)*Parametri!$B$2)*(1-Parametri!$B$3)+((Coefficienti!$B$7+Coefficienti!$B$8*H$28+Coefficienti!$B$9*$A31)+Coefficienti!$B$10)*(1-Parametri!$B$4))*(1+Parametri!$B$5)+FerrGriglia!H4+Coefficienti!$B$11*Parametri!$B$6,2) | I31: =ROUND((((Coefficienti!$B$1+Coefficienti!$B$2*I$28+Coefficienti!$B$3*$A31)*Parametri!$B$1+(Coefficienti!$B$4+Coefficienti!$B$5*I$28+Coefficienti!$B$6*$A31)*Parametri!$B$2)*(1-Parametri!$B$3)+((Coefficienti!$B$7+Coefficienti!$B$8*I$28+Coefficienti!$B$9*$A31)+Coefficienti!$B$10)*(1-Parametri!$B$4))*(1+Parametri!$B$5)+FerrGriglia!I4+Coefficienti!$B$11*Parametri!$B$6,2) | ... AA31: =ROUND((((Coefficienti!$B$1+Coefficienti!$B$2*AA$28+Coefficienti!$B$3*$A31)*Parametri!$B$1+(Coefficienti!$B$4+Coefficienti!$B$5*AA$28+Coefficienti!$B$6*$A31)*Parametri!$B$2)*(1-Parametri!$B$3)+((Coefficienti!$B$7+Coefficienti!$B$8*AA$28+Coefficienti!$B$9*$A31)+Coefficienti!$B$10)*(1-Parametri!$B$4))*(1+Parametri!$B$5)+FerrGriglia!AA4+Coefficienti!$B$11*Parametri!$B$6,2)
A32: 900 | B32: =ROUND((((Coefficienti!$B$1+Coefficienti!$B$2*B$28+Coefficienti!$B$3*$A32)*Parametri!$B$1+(Coefficienti!$B$4+Coefficienti!$B$5*B$28+Coefficienti!$B$6*$A32)*Parametri!$B$2)*(1-Parametri!$B$3)+((Coefficienti!$B$7+Coefficienti!$B$8*B$28+Coefficienti!$B$9*$A32)+Coefficienti!$B$10)*(1-Parametri!$B$4))*(1+Parametri!$B$5)+FerrGriglia!B5+Coefficienti!$B$11*Parametri!$B$6,2) | C32: =ROUND((((Coefficienti!$B$1+Coefficienti!$B$2*C$28+Coefficienti!$B$3*$A32)*Parametri!$B$1+(Coefficienti!$B$4+Coefficienti!$B$5*C$28+Coefficienti!$B$6*$A32)*Parametri!$B$2)*(1-Parametri!$B$3)+((Coefficienti!$B$7+Coefficienti!$B$8*C$28+Coefficienti!$B$9*$A32)+Coefficienti!$B$10)*(1-Parametri!$B$4))*(1+Parametri!$B$5)+FerrGriglia!C5+Coefficienti!$B$11*Parametri!$B$6,2) | D32: =ROUND((((Coefficienti!$B$1+Coefficienti!$B$2*D$28+Coefficienti!$B$3*$A32)*Parametri!$B$1+(Coefficienti!$B$4+Coefficienti!$B$5*D$28+Coefficienti!$B$6*$A32)*Parametri!$B$2)*(1-Parametri!$B$3)+((Coefficienti!$B$7+Coefficienti!$B$8*D$28+Coefficienti!$B$9*$A32)+Coefficienti!$B$10)*(1-Parametri!$B$4))*(1+Parametri!$B$5)+FerrGriglia!D5+Coefficienti!$B$11*Parametri!$B$6,2) | E32: =ROUND((((Coefficienti!$B$1+Coefficienti!$B$2*E$28+Coefficienti!$B$3*$A32)*Parametri!$B$1+(Coefficienti!$B$4+Coefficienti!$B$5*E$28+Coefficienti!$B$6*$A32)*Parametri!$B$2)*(1-Parametri!$B$3)+((Coefficienti!$B$7+Coefficienti!$B$8*E$28+Coefficienti!$B$9*$A32)+Coefficienti!$B$10)*(1-Parametri!$B$4))*(1+Parametri!$B$5)+FerrGriglia!E5+Coefficienti!$B$11*Parametri!$B$6,2) | F32: =ROUND((((Coefficienti!$B$1+Coefficienti!$B$2*F$28+Coefficienti!$B$3*$A32)*Parametri!$B$1+(Coefficienti!$B$4+Coefficienti!$B$5*F$28+Coefficienti!$B$6*$A32)*Parametri!$B$2)*(1-Parametri!$B$3)+((Coefficienti!$B$7+Coefficienti!$B$8*F$28+Coefficienti!$B$9*$A32)+Coefficienti!$B$10)*(1-Parametri!$B$4))*(1+Parametri!$B$5)+FerrGriglia!F5+Coefficienti!$B$11*Parametri!$B$6,2) | G32: =ROUND((((Coefficienti!$B$1+Coefficienti!$B$2*G$28+Coefficienti!$B$3*$A32)*Parametri!$B$1+(Coefficienti!$B$4+Coefficienti!$B$5*G$28+Coefficienti!$B$6*$A32)*Parametri!$B$2)*(1-Parametri!$B$3)+((Coefficienti!$B$7+Coefficienti!$B$8*G$28+Coefficienti!$B$9*$A32)+Coefficienti!$B$10)*(1-Parametri!$B$4))*(1+Parametri!$B$5)+FerrGriglia!G5+Coefficienti!$B$11*Parametri!$B$6,2) | H32: =ROUND((((Coefficienti!$B$1+Coefficienti!$B$2*H$28+Coefficienti!$B$3*$A32)*Parametri!$B$1+(Coefficienti!$B$4+Coefficienti!$B$5*H$28+Coefficienti!$B$6*$A32)*Parametri!$B$2)*(1-Parametri!$B$3)+((Coefficienti!$B$7+Coefficienti!$B$8*H$28+Coefficienti!$B$9*$A32)+Coefficienti!$B$10)*(1-Parametri!$B$4))*(1+Parametri!$B$5)+FerrGriglia!H5+Coefficienti!$B$11*Parametri!$B$6,2) | I32: =ROUND((((Coefficienti!$B$1+Coefficienti!$B$2*I$28+Coefficienti!$B$3*$A32)*Parametri!$B$1+(Coefficienti!$B$4+Coefficienti!$B$5*I$28+Coefficienti!$B$6*$A32)*Parametri!$B$2)*(1-Parametri!$B$3)+((Coefficienti!$B$7+Coefficienti!$B$8*I$28+Coefficienti!$B$9*$A32)+Coefficienti!$B$10)*(1-Parametri!$B$4))*(1+Parametri!$B$5)+FerrGriglia!I5+Coefficienti!$B$11*Parametri!$B$6,2) | ... AA32: =ROUND((((Coefficienti!$B$1+Coefficienti!$B$2*AA$28+Coefficienti!$B$3*$A32)*Parametri!$B$1+(Coefficienti!$B$4+Coefficienti!$B$5*AA$28+Coefficienti!$B$6*$A32)*Parametri!$B$2)*(1-Parametri!$B$3)+((Coefficienti!$B$7+Coefficienti!$B$8*AA$28+Coefficienti!$B$9*$A32)+Coefficienti!$B$10)*(1-Parametri!$B$4))*(1+Parametri!$B$5)+FerrGriglia!AA5+Coefficienti!$B$11*Parametri!$B$6,2)
A33: 1000 | B33: =ROUND((((Coefficienti!$B$1+Coefficienti!$B$2*B$28+Coefficienti!$B$3*$A33)*Parametri!$B$1+(Coefficienti!$B$4+Coefficienti!$B$5*B$28+Coefficienti!$B$6*$A33)*Parametri!$B$2)*(1-Parametri!$B$3)+((Coefficienti!$B$7+Coefficienti!$B$8*B$28+Coefficienti!$B$9*$A33)+Coefficienti!$B$10)*(1-Parametri!$B$4))*(1+Parametri!$B$5)+FerrGriglia!B6+Coefficienti!$B$11*Parametri!$B$6,2) | C33: =ROUND((((Coefficienti!$B$1+Coefficienti!$B$2*C$28+Coefficienti!$B$3*$A33)*Parametri!$B$1+(Coefficienti!$B$4+Coefficienti!$B$5*C$28+Coefficienti!$B$6*$A33)*Parametri!$B$2)*(1-Parametri!$B$3)+((Coefficienti!$B$7+Coefficienti!$B$8*C$28+Coefficienti!$B$9*$A33)+Coefficienti!$B$10)*(1-Parametri!$B$4))*(1+Parametri!$B$5)+FerrGriglia!C6+Coefficienti!$B$11*Parametri!$B$6,2) | D33: =ROUND((((Coefficienti!$B$1+Coefficienti!$B$2*D$28+Coefficienti!$B$3*$A33)*Parametri!$B$1+(Coefficienti!$B$4+Coefficienti!$B$5*D$28+Coefficienti!$B$6*$A33)*Parametri!$B$2)*(1-Parametri!$B$3)+((Coefficienti!$B$7+Coefficienti!$B$8*D$28+Coefficienti!$B$9*$A33)+Coefficienti!$B$10)*(1-Parametri!$B$4))*(1+Parametri!$B$5)+FerrGriglia!D6+Coefficienti!$B$11*Parametri!$B$6,2) | E33: =ROUND((((Coefficienti!$B$1+Coefficienti!$B$2*E$28+Coefficienti!$B$3*$A33)*Parametri!$B$1+(Coefficienti!$B$4+Coefficienti!$B$5*E$28+Coefficienti!$B$6*$A33)*Parametri!$B$2)*(1-Parametri!$B$3)+((Coefficienti!$B$7+Coefficienti!$B$8*E$28+Coefficienti!$B$9*$A33)+Coefficienti!$B$10)*(1-Parametri!$B$4))*(1+Parametri!$B$5)+FerrGriglia!E6+Coefficienti!$B$11*Parametri!$B$6,2) | F33: =ROUND((((Coefficienti!$B$1+Coefficienti!$B$2*F$28+Coefficienti!$B$3*$A33)*Parametri!$B$1+(Coefficienti!$B$4+Coefficienti!$B$5*F$28+Coefficienti!$B$6*$A33)*Parametri!$B$2)*(1-Parametri!$B$3)+((Coefficienti!$B$7+Coefficienti!$B$8*F$28+Coefficienti!$B$9*$A33)+Coefficienti!$B$10)*(1-Parametri!$B$4))*(1+Parametri!$B$5)+FerrGriglia!F6+Coefficienti!$B$11*Parametri!$B$6,2) | G33: =ROUND((((Coefficienti!$B$1+Coefficienti!$B$2*G$28+Coefficienti!$B$3*$A33)*Parametri!$B$1+(Coefficienti!$B$4+Coefficienti!$B$5*G$28+Coefficienti!$B$6*$A33)*Parametri!$B$2)*(1-Parametri!$B$3)+((Coefficienti!$B$7+Coefficienti!$B$8*G$28+Coefficienti!$B$9*$A33)+Coefficienti!$B$10)*(1-Parametri!$B$4))*(1+Parametri!$B$5)+FerrGriglia!G6+Coefficienti!$B$11*Parametri!$B$6,2) | H33: =ROUND((((Coefficienti!$B$1+Coefficienti!$B$2*H$28+Coefficienti!$B$3*$A33)*Parametri!$B$1+(Coefficienti!$B$4+Coefficienti!$B$5*H$28+Coefficienti!$B$6*$A33)*Parametri!$B$2)*(1-Parametri!$B$3)+((Coefficienti!$B$7+Coefficienti!$B$8*H$28+Coefficienti!$B$9*$A33)+Coefficienti!$B$10)*(1-Parametri!$B$4))*(1+Parametri!$B$5)+FerrGriglia!H6+Coefficienti!$B$11*Parametri!$B$6,2) | I33: =ROUND((((Coefficienti!$B$1+Coefficienti!$B$2*I$28+Coefficienti!$B$3*$A33)*Parametri!$B$1+(Coefficienti!$B$4+Coefficienti!$B$5*I$28+Coefficienti!$B$6*$A33)*Parametri!$B$2)*(1-Parametri!$B$3)+((Coefficienti!$B$7+Coefficienti!$B$8*I$28+Coefficienti!$B$9*$A33)+Coefficienti!$B$10)*(1-Parametri!$B$4))*(1+Parametri!$B$5)+FerrGriglia!I6+Coefficienti!$B$11*Parametri!$B$6,2) | ... AA33: =ROUND((((Coefficienti!$B$1+Coefficienti!$B$2*AA$28+Coefficienti!$B$3*$A33)*Parametri!$B$1+(Coefficienti!$B$4+Coefficienti!$B$5*AA$28+Coefficienti!$B$6*$A33)*Parametri!$B$2)*(1-Parametri!$B$3)+((Coefficienti!$B$7+Coefficienti!$B$8*AA$28+Coefficienti!$B$9*$A33)+Coefficienti!$B$10)*(1-Parametri!$B$4))*(1+Parametri!$B$5)+FerrGriglia!AA6+Coefficienti!$B$11*Parametri!$B$6,2)
A34: 1100 | B34: =ROUND((((Coefficienti!$B$1+Coefficienti!$B$2*B$28+Coefficienti!$B$3*$A34)*Parametri!$B$1+(Coefficienti!$B$4+Coefficienti!$B$5*B$28+Coefficienti!$B$6*$A34)*Parametri!$B$2)*(1-Parametri!$B$3)+((Coefficienti!$B$7+Coefficienti!$B$8*B$28+Coefficienti!$B$9*$A34)+Coefficienti!$B$10)*(1-Parametri!$B$4))*(1+Parametri!$B$5)+FerrGriglia!B7+Coefficienti!$B$11*Parametri!$B$6,2) | C34: =ROUND((((Coefficienti!$B$1+Coefficienti!$B$2*C$28+Coefficienti!$B$3*$A34)*Parametri!$B$1+(Coefficienti!$B$4+Coefficienti!$B$5*C$28+Coefficienti!$B$6*$A34)*Parametri!$B$2)*(1-Parametri!$B$3)+((Coefficienti!$B$7+Coefficienti!$B$8*C$28+Coefficienti!$B$9*$A34)+Coefficienti!$B$10)*(1-Parametri!$B$4))*(1+Parametri!$B$5)+FerrGriglia!C7+Coefficienti!$B$11*Parametri!$B$6,2) | D34: =ROUND((((Coefficienti!$B$1+Coefficienti!$B$2*D$28+Coefficienti!$B$3*$A34)*Parametri!$B$1+(Coefficienti!$B$4+Coefficienti!$B$5*D$28+Coefficienti!$B$6*$A34)*Parametri!$B$2)*(1-Parametri!$B$3)+((Coefficienti!$B$7+Coefficienti!$B$8*D$28+Coefficienti!$B$9*$A34)+Coefficienti!$B$10)*(1-Parametri!$B$4))*(1+Parametri!$B$5)+FerrGriglia!D7+Coefficienti!$B$11*Parametri!$B$6,2) | E34: =ROUND((((Coefficienti!$B$1+Coefficienti!$B$2*E$28+Coefficienti!$B$3*$A34)*Parametri!$B$1+(Coefficienti!$B$4+Coefficienti!$B$5*E$28+Coefficienti!$B$6*$A34)*Parametri!$B$2)*(1-Parametri!$B$3)+((Coefficienti!$B$7+Coefficienti!$B$8*E$28+Coefficienti!$B$9*$A34)+Coefficienti!$B$10)*(1-Parametri!$B$4))*(1+Parametri!$B$5)+FerrGriglia!E7+Coefficienti!$B$11*Parametri!$B$6,2) | F34: =ROUND((((Coefficienti!$B$1+Coefficienti!$B$2*F$28+Coefficienti!$B$3*$A34)*Parametri!$B$1+(Coefficienti!$B$4+Coefficienti!$B$5*F$28+Coefficienti!$B$6*$A34)*Parametri!$B$2)*(1-Parametri!$B$3)+((Coefficienti!$B$7+Coefficienti!$B$8*F$28+Coefficienti!$B$9*$A34)+Coefficienti!$B$10)*(1-Parametri!$B$4))*(1+Parametri!$B$5)+FerrGriglia!F7+Coefficienti!$B$11*Parametri!$B$6,2) | G34: =ROUND((((Coefficienti!$B$1+Coefficienti!$B$2*G$28+Coefficienti!$B$3*$A34)*Parametri!$B$1+(Coefficienti!$B$4+Coefficienti!$B$5*G$28+Coefficienti!$B$6*$A34)*Parametri!$B$2)*(1-Parametri!$B$3)+((Coefficienti!$B$7+Coefficienti!$B$8*G$28+Coefficienti!$B$9*$A34)+Coefficienti!$B$10)*(1-Parametri!$B$4))*(1+Parametri!$B$5)+FerrGriglia!G7+Coefficienti!$B$11*Parametri!$B$6,2) | H34: =ROUND((((Coefficienti!$B$1+Coefficienti!$B$2*H$28+Coefficienti!$B$3*$A34)*Parametri!$B$1+(Coefficienti!$B$4+Coefficienti!$B$5*H$28+Coefficienti!$B$6*$A34)*Parametri!$B$2)*(1-Parametri!$B$3)+((Coefficienti!$B$7+Coefficienti!$B$8*H$28+Coefficienti!$B$9*$A34)+Coefficienti!$B$10)*(1-Parametri!$B$4))*(1+Parametri!$B$5)+FerrGriglia!H7+Coefficienti!$B$11*Parametri!$B$6,2) | I34: =ROUND((((Coefficienti!$B$1+Coefficienti!$B$2*I$28+Coefficienti!$B$3*$A34)*Parametri!$B$1+(Coefficienti!$B$4+Coefficienti!$B$5*I$28+Coefficienti!$B$6*$A34)*Parametri!$B$2)*(1-Parametri!$B$3)+((Coefficienti!$B$7+Coefficienti!$B$8*I$28+Coefficienti!$B$9*$A34)+Coefficienti!$B$10)*(1-Parametri!$B$4))*(1+Parametri!$B$5)+FerrGriglia!I7+Coefficienti!$B$11*Parametri!$B$6,2) | ... AA34: =ROUND((((Coefficienti!$B$1+Coefficienti!$B$2*AA$28+Coefficienti!$B$3*$A34)*Parametri!$B$1+(Coefficienti!$B$4+Coefficienti!$B$5*AA$28+Coefficienti!$B$6*$A34)*Parametri!$B$2)*(1-Parametri!$B$3)+((Coefficienti!$B$7+Coefficienti!$B$8*AA$28+Coefficienti!$B$9*$A34)+Coefficienti!$B$10)*(1-Parametri!$B$4))*(1+Parametri!$B$5)+FerrGriglia!AA7+Coefficienti!$B$11*Parametri!$B$6,2)
A35: 1200 | B35: =ROUND((((Coefficienti!$B$1+Coefficienti!$B$2*B$28+Coefficienti!$B$3*$A35)*Parametri!$B$1+(Coefficienti!$B$4+Coefficienti!$B$5*B$28+Coefficienti!$B$6*$A35)*Parametri!$B$2)*(1-Parametri!$B$3)+((Coefficienti!$B$7+Coefficienti!$B$8*B$28+Coefficienti!$B$9*$A35)+Coefficienti!$B$10)*(1-Parametri!$B$4))*(1+Parametri!$B$5)+FerrGriglia!B8+Coefficienti!$B$11*Parametri!$B$6,2) | C35: =ROUND((((Coefficienti!$B$1+Coefficienti!$B$2*C$28+Coefficienti!$B$3*$A35)*Parametri!$B$1+(Coefficienti!$B$4+Coefficienti!$B$5*C$28+Coefficienti!$B$6*$A35)*Parametri!$B$2)*(1-Parametri!$B$3)+((Coefficienti!$B$7+Coefficienti!$B$8*C$28+Coefficienti!$B$9*$A35)+Coefficienti!$B$10)*(1-Parametri!$B$4))*(1+Parametri!$B$5)+FerrGriglia!C8+Coefficienti!$B$11*Parametri!$B$6,2) | D35: =ROUND((((Coefficienti!$B$1+Coefficienti!$B$2*D$28+Coefficienti!$B$3*$A35)*Parametri!$B$1+(Coefficienti!$B$4+Coefficienti!$B$5*D$28+Coefficienti!$B$6*$A35)*Parametri!$B$2)*(1-Parametri!$B$3)+((Coefficienti!$B$7+Coefficienti!$B$8*D$28+Coefficienti!$B$9*$A35)+Coefficienti!$B$10)*(1-Parametri!$B$4))*(1+Parametri!$B$5)+FerrGriglia!D8+Coefficienti!$B$11*Parametri!$B$6,2) | E35: =ROUND((((Coefficienti!$B$1+Coefficienti!$B$2*E$28+Coefficienti!$B$3*$A35)*Parametri!$B$1+(Coefficienti!$B$4+Coefficienti!$B$5*E$28+Coefficienti!$B$6*$A35)*Parametri!$B$2)*(1-Parametri!$B$3)+((Coefficienti!$B$7+Coefficienti!$B$8*E$28+Coefficienti!$B$9*$A35)+Coefficienti!$B$10)*(1-Parametri!$B$4))*(1+Parametri!$B$5)+FerrGriglia!E8+Coefficienti!$B$11*Parametri!$B$6,2) | F35: =ROUND((((Coefficienti!$B$1+Coefficienti!$B$2*F$28+Coefficienti!$B$3*$A35)*Parametri!$B$1+(Coefficienti!$B$4+Coefficienti!$B$5*F$28+Coefficienti!$B$6*$A35)*Parametri!$B$2)*(1-Parametri!$B$3)+((Coefficienti!$B$7+Coefficienti!$B$8*F$28+Coefficienti!$B$9*$A35)+Coefficienti!$B$10)*(1-Parametri!$B$4))*(1+Parametri!$B$5)+FerrGriglia!F8+Coefficienti!$B$11*Parametri!$B$6,2) | G35: =ROUND((((Coefficienti!$B$1+Coefficienti!$B$2*G$28+Coefficienti!$B$3*$A35)*Parametri!$B$1+(Coefficienti!$B$4+Coefficienti!$B$5*G$28+Coefficienti!$B$6*$A35)*Parametri!$B$2)*(1-Parametri!$B$3)+((Coefficienti!$B$7+Coefficienti!$B$8*G$28+Coefficienti!$B$9*$A35)+Coefficienti!$B$10)*(1-Parametri!$B$4))*(1+Parametri!$B$5)+FerrGriglia!G8+Coefficienti!$B$11*Parametri!$B$6,2) | H35: =ROUND((((Coefficienti!$B$1+Coefficienti!$B$2*H$28+Coefficienti!$B$3*$A35)*Parametri!$B$1+(Coefficienti!$B$4+Coefficienti!$B$5*H$28+Coefficienti!$B$6*$A35)*Parametri!$B$2)*(1-Parametri!$B$3)+((Coefficienti!$B$7+Coefficienti!$B$8*H$28+Coefficienti!$B$9*$A35)+Coefficienti!$B$10)*(1-Parametri!$B$4))*(1+Parametri!$B$5)+FerrGriglia!H8+Coefficienti!$B$11*Parametri!$B$6,2) | I35: =ROUND((((Coefficienti!$B$1+Coefficienti!$B$2*I$28+Coefficienti!$B$3*$A35)*Parametri!$B$1+(Coefficienti!$B$4+Coefficienti!$B$5*I$28+Coefficienti!$B$6*$A35)*Parametri!$B$2)*(1-Parametri!$B$3)+((Coefficienti!$B$7+Coefficienti!$B$8*I$28+Coefficienti!$B$9*$A35)+Coefficienti!$B$10)*(1-Parametri!$B$4))*(1+Parametri!$B$5)+FerrGriglia!I8+Coefficienti!$B$11*Parametri!$B$6,2) | ... AA35: =ROUND((((Coefficienti!$B$1+Coefficienti!$B$2*AA$28+Coefficienti!$B$3*$A35)*Parametri!$B$1+(Coefficienti!$B$4+Coefficienti!$B$5*AA$28+Coefficienti!$B$6*$A35)*Parametri!$B$2)*(1-Parametri!$B$3)+((Coefficienti!$B$7+Coefficienti!$B$8*AA$28+Coefficienti!$B$9*$A35)+Coefficienti!$B$10)*(1-Parametri!$B$4))*(1+Parametri!$B$5)+FerrGriglia!AA8+Coefficienti!$B$11*Parametri!$B$6,2)
A36: 1300 | B36: =ROUND((((Coefficienti!$B$1+Coefficienti!$B$2*B$28+Coefficienti!$B$3*$A36)*Parametri!$B$1+(Coefficienti!$B$4+Coefficienti!$B$5*B$28+Coefficienti!$B$6*$A36)*Parametri!$B$2)*(1-Parametri!$B$3)+((Coefficienti!$B$7+Coefficienti!$B$8*B$28+Coefficienti!$B$9*$A36)+Coefficienti!$B$10)*(1-Parametri!$B$4))*(1+Parametri!$B$5)+FerrGriglia!B9+Coefficienti!$B$11*Parametri!$B$6,2) | C36: =ROUND((((Coefficienti!$B$1+Coefficienti!$B$2*C$28+Coefficienti!$B$3*$A36)*Parametri!$B$1+(Coefficienti!$B$4+Coefficienti!$B$5*C$28+Coefficienti!$B$6*$A36)*Parametri!$B$2)*(1-Parametri!$B$3)+((Coefficienti!$B$7+Coefficienti!$B$8*C$28+Coefficienti!$B$9*$A36)+Coefficienti!$B$10)*(1-Parametri!$B$4))*(1+Parametri!$B$5)+FerrGriglia!C9+Coefficienti!$B$11*Parametri!$B$6,2) | D36: =ROUND((((Coefficienti!$B$1+Coefficienti!$B$2*D$28+Coefficienti!$B$3*$A36)*Parametri!$B$1+(Coefficienti!$B$4+Coefficienti!$B$5*D$28+Coefficienti!$B$6*$A36)*Parametri!$B$2)*(1-Parametri!$B$3)+((Coefficienti!$B$7+Coefficienti!$B$8*D$28+Coefficienti!$B$9*$A36)+Coefficienti!$B$10)*(1-Parametri!$B$4))*(1+Parametri!$B$5)+FerrGriglia!D9+Coefficienti!$B$11*Parametri!$B$6,2) | E36: =ROUND((((Coefficienti!$B$1+Coefficienti!$B$2*E$28+Coefficienti!$B$3*$A36)*Parametri!$B$1+(Coefficienti!$B$4+Coefficienti!$B$5*E$28+Coefficienti!$B$6*$A36)*Parametri!$B$2)*(1-Parametri!$B$3)+((Coefficienti!$B$7+Coefficienti!$B$8*E$28+Coefficienti!$B$9*$A36)+Coefficienti!$B$10)*(1-Parametri!$B$4))*(1+Parametri!$B$5)+FerrGriglia!E9+Coefficienti!$B$11*Parametri!$B$6,2) | F36: =ROUND((((Coefficienti!$B$1+Coefficienti!$B$2*F$28+Coefficienti!$B$3*$A36)*Parametri!$B$1+(Coefficienti!$B$4+Coefficienti!$B$5*F$28+Coefficienti!$B$6*$A36)*Parametri!$B$2)*(1-Parametri!$B$3)+((Coefficienti!$B$7+Coefficienti!$B$8*F$28+Coefficienti!$B$9*$A36)+Coefficienti!$B$10)*(1-Parametri!$B$4))*(1+Parametri!$B$5)+FerrGriglia!F9+Coefficienti!$B$11*Parametri!$B$6,2) | G36: =ROUND((((Coefficienti!$B$1+Coefficienti!$B$2*G$28+Coefficienti!$B$3*$A36)*Parametri!$B$1+(Coefficienti!$B$4+Coefficienti!$B$5*G$28+Coefficienti!$B$6*$A36)*Parametri!$B$2)*(1-Parametri!$B$3)+((Coefficienti!$B$7+Coefficienti!$B$8*G$28+Coefficienti!$B$9*$A36)+Coefficienti!$B$10)*(1-Parametri!$B$4))*(1+Parametri!$B$5)+FerrGriglia!G9+Coefficienti!$B$11*Parametri!$B$6,2) | H36: =ROUND((((Coefficienti!$B$1+Coefficienti!$B$2*H$28+Coefficienti!$B$3*$A36)*Parametri!$B$1+(Coefficienti!$B$4+Coefficienti!$B$5*H$28+Coefficienti!$B$6*$A36)*Parametri!$B$2)*(1-Parametri!$B$3)+((Coefficienti!$B$7+Coefficienti!$B$8*H$28+Coefficienti!$B$9*$A36)+Coefficienti!$B$10)*(1-Parametri!$B$4))*(1+Parametri!$B$5)+FerrGriglia!H9+Coefficienti!$B$11*Parametri!$B$6,2) | I36: =ROUND((((Coefficienti!$B$1+Coefficienti!$B$2*I$28+Coefficienti!$B$3*$A36)*Parametri!$B$1+(Coefficienti!$B$4+Coefficienti!$B$5*I$28+Coefficienti!$B$6*$A36)*Parametri!$B$2)*(1-Parametri!$B$3)+((Coefficienti!$B$7+Coefficienti!$B$8*I$28+Coefficienti!$B$9*$A36)+Coefficienti!$B$10)*(1-Parametri!$B$4))*(1+Parametri!$B$5)+FerrGriglia!I9+Coefficienti!$B$11*Parametri!$B$6,2) | ... AA36: =ROUND((((Coefficienti!$B$1+Coefficienti!$B$2*AA$28+Coefficienti!$B$3*$A36)*Parametri!$B$1+(Coefficienti!$B$4+Coefficienti!$B$5*AA$28+Coefficienti!$B$6*$A36)*Parametri!$B$2)*(1-Parametri!$B$3)+((Coefficienti!$B$7+Coefficienti!$B$8*AA$28+Coefficienti!$B$9*$A36)+Coefficienti!$B$10)*(1-Parametri!$B$4))*(1+Parametri!$B$5)+FerrGriglia!AA9+Coefficienti!$B$11*Parametri!$B$6,2)
A37: 1400 | B37: =ROUND((((Coefficienti!$B$1+Coefficienti!$B$2*B$28+Coefficienti!$B$3*$A37)*Parametri!$B$1+(Coefficienti!$B$4+Coefficienti!$B$5*B$28+Coefficienti!$B$6*$A37)*Parametri!$B$2)*(1-Parametri!$B$3)+((Coefficienti!$B$7+Coefficienti!$B$8*B$28+Coefficienti!$B$9*$A37)+Coefficienti!$B$10)*(1-Parametri!$B$4))*(1+Parametri!$B$5)+FerrGriglia!B10+Coefficienti!$B$11*Parametri!$B$6,2) | C37: =ROUND((((Coefficienti!$B$1+Coefficienti!$B$2*C$28+Coefficienti!$B$3*$A37)*Parametri!$B$1+(Coefficienti!$B$4+Coefficienti!$B$5*C$28+Coefficienti!$B$6*$A37)*Parametri!$B$2)*(1-Parametri!$B$3)+((Coefficienti!$B$7+Coefficienti!$B$8*C$28+Coefficienti!$B$9*$A37)+Coefficienti!$B$10)*(1-Parametri!$B$4))*(1+Parametri!$B$5)+FerrGriglia!C10+Coefficienti!$B$11*Parametri!$B$6,2) | D37: =ROUND((((Coefficienti!$B$1+Coefficienti!$B$2*D$28+Coefficienti!$B$3*$A37)*Parametri!$B$1+(Coefficienti!$B$4+Coefficienti!$B$5*D$28+Coefficienti!$B$6*$A37)*Parametri!$B$2)*(1-Parametri!$B$3)+((Coefficienti!$B$7+Coefficienti!$B$8*D$28+Coefficienti!$B$9*$A37)+Coefficienti!$B$10)*(1-Parametri!$B$4))*(1+Parametri!$B$5)+FerrGriglia!D10+Coefficienti!$B$11*Parametri!$B$6,2) | E37: =ROUND((((Coefficienti!$B$1+Coefficienti!$B$2*E$28+Coefficienti!$B$3*$A37)*Parametri!$B$1+(Coefficienti!$B$4+Coefficienti!$B$5*E$28+Coefficienti!$B$6*$A37)*Parametri!$B$2)*(1-Parametri!$B$3)+((Coefficienti!$B$7+Coefficienti!$B$8*E$28+Coefficienti!$B$9*$A37)+Coefficienti!$B$10)*(1-Parametri!$B$4))*(1+Parametri!$B$5)+FerrGriglia!E10+Coefficienti!$B$11*Parametri!$B$6,2) | F37: =ROUND((((Coefficienti!$B$1+Coefficienti!$B$2*F$28+Coefficienti!$B$3*$A37)*Parametri!$B$1+(Coefficienti!$B$4+Coefficienti!$B$5*F$28+Coefficienti!$B$6*$A37)*Parametri!$B$2)*(1-Parametri!$B$3)+((Coefficienti!$B$7+Coefficienti!$B$8*F$28+Coefficienti!$B$9*$A37)+Coefficienti!$B$10)*(1-Parametri!$B$4))*(1+Parametri!$B$5)+FerrGriglia!F10+Coefficienti!$B$11*Parametri!$B$6,2) | G37: =ROUND((((Coefficienti!$B$1+Coefficienti!$B$2*G$28+Coefficienti!$B$3*$A37)*Parametri!$B$1+(Coefficienti!$B$4+Coefficienti!$B$5*G$28+Coefficienti!$B$6*$A37)*Parametri!$B$2)*(1-Parametri!$B$3)+((Coefficienti!$B$7+Coefficienti!$B$8*G$28+Coefficienti!$B$9*$A37)+Coefficienti!$B$10)*(1-Parametri!$B$4))*(1+Parametri!$B$5)+FerrGriglia!G10+Coefficienti!$B$11*Parametri!$B$6,2) | H37: =ROUND((((Coefficienti!$B$1+Coefficienti!$B$2*H$28+Coefficienti!$B$3*$A37)*Parametri!$B$1+(Coefficienti!$B$4+Coefficienti!$B$5*H$28+Coefficienti!$B$6*$A37)*Parametri!$B$2)*(1-Parametri!$B$3)+((Coefficienti!$B$7+Coefficienti!$B$8*H$28+Coefficienti!$B$9*$A37)+Coefficienti!$B$10)*(1-Parametri!$B$4))*(1+Parametri!$B$5)+FerrGriglia!H10+Coefficienti!$B$11*Parametri!$B$6,2) | I37: =ROUND((((Coefficienti!$B$1+Coefficienti!$B$2*I$28+Coefficienti!$B$3*$A37)*Parametri!$B$1+(Coefficienti!$B$4+Coefficienti!$B$5*I$28+Coefficienti!$B$6*$A37)*Parametri!$B$2)*(1-Parametri!$B$3)+((Coefficienti!$B$7+Coefficienti!$B$8*I$28+Coefficienti!$B$9*$A37)+Coefficienti!$B$10)*(1-Parametri!$B$4))*(1+Parametri!$B$5)+FerrGriglia!I10+Coefficienti!$B$11*Parametri!$B$6,2) | ... AA37: =ROUND((((Coefficienti!$B$1+Coefficienti!$B$2*AA$28+Coefficienti!$B$3*$A37)*Parametri!$B$1+(Coefficienti!$B$4+Coefficienti!$B$5*AA$28+Coefficienti!$B$6*$A37)*Parametri!$B$2)*(1-Parametri!$B$3)+((Coefficienti!$B$7+Coefficienti!$B$8*AA$28+Coefficienti!$B$9*$A37)+Coefficienti!$B$10)*(1-Parametri!$B$4))*(1+Parametri!$B$5)+FerrGriglia!AA10+Coefficienti!$B$11*Parametri!$B$6,2)
A38: 1500 | B38: =ROUND((((Coefficienti!$B$1+Coefficienti!$B$2*B$28+Coefficienti!$B$3*$A38)*Parametri!$B$1+(Coefficienti!$B$4+Coefficienti!$B$5*B$28+Coefficienti!$B$6*$A38)*Parametri!$B$2)*(1-Parametri!$B$3)+((Coefficienti!$B$7+Coefficienti!$B$8*B$28+Coefficienti!$B$9*$A38)+Coefficienti!$B$10)*(1-Parametri!$B$4))*(1+Parametri!$B$5)+FerrGriglia!B11+Coefficienti!$B$11*Parametri!$B$6,2) | C38: =ROUND((((Coefficienti!$B$1+Coefficienti!$B$2*C$28+Coefficienti!$B$3*$A38)*Parametri!$B$1+(Coefficienti!$B$4+Coefficienti!$B$5*C$28+Coefficienti!$B$6*$A38)*Parametri!$B$2)*(1-Parametri!$B$3)+((Coefficienti!$B$7+Coefficienti!$B$8*C$28+Coefficienti!$B$9*$A38)+Coefficienti!$B$10)*(1-Parametri!$B$4))*(1+Parametri!$B$5)+FerrGriglia!C11+Coefficienti!$B$11*Parametri!$B$6,2) | D38: =ROUND((((Coefficienti!$B$1+Coefficienti!$B$2*D$28+Coefficienti!$B$3*$A38)*Parametri!$B$1+(Coefficienti!$B$4+Coefficienti!$B$5*D$28+Coefficienti!$B$6*$A38)*Parametri!$B$2)*(1-Parametri!$B$3)+((Coefficienti!$B$7+Coefficienti!$B$8*D$28+Coefficienti!$B$9*$A38)+Coefficienti!$B$10)*(1-Parametri!$B$4))*(1+Parametri!$B$5)+FerrGriglia!D11+Coefficienti!$B$11*Parametri!$B$6,2) | E38: =ROUND((((Coefficienti!$B$1+Coefficienti!$B$2*E$28+Coefficienti!$B$3*$A38)*Parametri!$B$1+(Coefficienti!$B$4+Coefficienti!$B$5*E$28+Coefficienti!$B$6*$A38)*Parametri!$B$2)*(1-Parametri!$B$3)+((Coefficienti!$B$7+Coefficienti!$B$8*E$28+Coefficienti!$B$9*$A38)+Coefficienti!$B$10)*(1-Parametri!$B$4))*(1+Parametri!$B$5)+FerrGriglia!E11+Coefficienti!$B$11*Parametri!$B$6,2) | F38: =ROUND((((Coefficienti!$B$1+Coefficienti!$B$2*F$28+Coefficienti!$B$3*$A38)*Parametri!$B$1+(Coefficienti!$B$4+Coefficienti!$B$5*F$28+Coefficienti!$B$6*$A38)*Parametri!$B$2)*(1-Parametri!$B$3)+((Coefficienti!$B$7+Coefficienti!$B$8*F$28+Coefficienti!$B$9*$A38)+Coefficienti!$B$10)*(1-Parametri!$B$4))*(1+Parametri!$B$5)+FerrGriglia!F11+Coefficienti!$B$11*Parametri!$B$6,2) | G38: =ROUND((((Coefficienti!$B$1+Coefficienti!$B$2*G$28+Coefficienti!$B$3*$A38)*Parametri!$B$1+(Coefficienti!$B$4+Coefficienti!$B$5*G$28+Coefficienti!$B$6*$A38)*Parametri!$B$2)*(1-Parametri!$B$3)+((Coefficienti!$B$7+Coefficienti!$B$8*G$28+Coefficienti!$B$9*$A38)+Coefficienti!$B$10)*(1-Parametri!$B$4))*(1+Parametri!$B$5)+FerrGriglia!G11+Coefficienti!$B$11*Parametri!$B$6,2) | H38: =ROUND((((Coefficienti!$B$1+Coefficienti!$B$2*H$28+Coefficienti!$B$3*$A38)*Parametri!$B$1+(Coefficienti!$B$4+Coefficienti!$B$5*H$28+Coefficienti!$B$6*$A38)*Parametri!$B$2)*(1-Parametri!$B$3)+((Coefficienti!$B$7+Coefficienti!$B$8*H$28+Coefficienti!$B$9*$A38)+Coefficienti!$B$10)*(1-Parametri!$B$4))*(1+Parametri!$B$5)+FerrGriglia!H11+Coefficienti!$B$11*Parametri!$B$6,2) | I38: =ROUND((((Coefficienti!$B$1+Coefficienti!$B$2*I$28+Coefficienti!$B$3*$A38)*Parametri!$B$1+(Coefficienti!$B$4+Coefficienti!$B$5*I$28+Coefficienti!$B$6*$A38)*Parametri!$B$2)*(1-Parametri!$B$3)+((Coefficienti!$B$7+Coefficienti!$B$8*I$28+Coefficienti!$B$9*$A38)+Coefficienti!$B$10)*(1-Parametri!$B$4))*(1+Parametri!$B$5)+FerrGriglia!I11+Coefficienti!$B$11*Parametri!$B$6,2) | ... AA38: =ROUND((((Coefficienti!$B$1+Coefficienti!$B$2*AA$28+Coefficienti!$B$3*$A38)*Parametri!$B$1+(Coefficienti!$B$4+Coefficienti!$B$5*AA$28+Coefficienti!$B$6*$A38)*Parametri!$B$2)*(1-Parametri!$B$3)+((Coefficienti!$B$7+Coefficienti!$B$8*AA$28+Coefficienti!$B$9*$A38)+Coefficienti!$B$10)*(1-Parametri!$B$4))*(1+Parametri!$B$5)+FerrGriglia!AA11+Coefficienti!$B$11*Parametri!$B$6,2)
A39: 1600 | B39: =ROUND((((Coefficienti!$B$1+Coefficienti!$B$2*B$28+Coefficienti!$B$3*$A39)*Parametri!$B$1+(Coefficienti!$B$4+Coefficienti!$B$5*B$28+Coefficienti!$B$6*$A39)*Parametri!$B$2)*(1-Parametri!$B$3)+((Coefficienti!$B$7+Coefficienti!$B$8*B$28+Coefficienti!$B$9*$A39)+Coefficienti!$B$10)*(1-Parametri!$B$4))*(1+Parametri!$B$5)+FerrGriglia!B12+Coefficienti!$B$11*Parametri!$B$6,2) | C39: =ROUND((((Coefficienti!$B$1+Coefficienti!$B$2*C$28+Coefficienti!$B$3*$A39)*Parametri!$B$1+(Coefficienti!$B$4+Coefficienti!$B$5*C$28+Coefficienti!$B$6*$A39)*Parametri!$B$2)*(1-Parametri!$B$3)+((Coefficienti!$B$7+Coefficienti!$B$8*C$28+Coefficienti!$B$9*$A39)+Coefficienti!$B$10)*(1-Parametri!$B$4))*(1+Parametri!$B$5)+FerrGriglia!C12+Coefficienti!$B$11*Parametri!$B$6,2) | D39: =ROUND((((Coefficienti!$B$1+Coefficienti!$B$2*D$28+Coefficienti!$B$3*$A39)*Parametri!$B$1+(Coefficienti!$B$4+Coefficienti!$B$5*D$28+Coefficienti!$B$6*$A39)*Parametri!$B$2)*(1-Parametri!$B$3)+((Coefficienti!$B$7+Coefficienti!$B$8*D$28+Coefficienti!$B$9*$A39)+Coefficienti!$B$10)*(1-Parametri!$B$4))*(1+Parametri!$B$5)+FerrGriglia!D12+Coefficienti!$B$11*Parametri!$B$6,2) | E39: =ROUND((((Coefficienti!$B$1+Coefficienti!$B$2*E$28+Coefficienti!$B$3*$A39)*Parametri!$B$1+(Coefficienti!$B$4+Coefficienti!$B$5*E$28+Coefficienti!$B$6*$A39)*Parametri!$B$2)*(1-Parametri!$B$3)+((Coefficienti!$B$7+Coefficienti!$B$8*E$28+Coefficienti!$B$9*$A39)+Coefficienti!$B$10)*(1-Parametri!$B$4))*(1+Parametri!$B$5)+FerrGriglia!E12+Coefficienti!$B$11*Parametri!$B$6,2) | F39: =ROUND((((Coefficienti!$B$1+Coefficienti!$B$2*F$28+Coefficienti!$B$3*$A39)*Parametri!$B$1+(Coefficienti!$B$4+Coefficienti!$B$5*F$28+Coefficienti!$B$6*$A39)*Parametri!$B$2)*(1-Parametri!$B$3)+((Coefficienti!$B$7+Coefficienti!$B$8*F$28+Coefficienti!$B$9*$A39)+Coefficienti!$B$10)*(1-Parametri!$B$4))*(1+Parametri!$B$5)+FerrGriglia!F12+Coefficienti!$B$11*Parametri!$B$6,2) | G39: =ROUND((((Coefficienti!$B$1+Coefficienti!$B$2*G$28+Coefficienti!$B$3*$A39)*Parametri!$B$1+(Coefficienti!$B$4+Coefficienti!$B$5*G$28+Coefficienti!$B$6*$A39)*Parametri!$B$2)*(1-Parametri!$B$3)+((Coefficienti!$B$7+Coefficienti!$B$8*G$28+Coefficienti!$B$9*$A39)+Coefficienti!$B$10)*(1-Parametri!$B$4))*(1+Parametri!$B$5)+FerrGriglia!G12+Coefficienti!$B$11*Parametri!$B$6,2) | H39: =ROUND((((Coefficienti!$B$1+Coefficienti!$B$2*H$28+Coefficienti!$B$3*$A39)*Parametri!$B$1+(Coefficienti!$B$4+Coefficienti!$B$5*H$28+Coefficienti!$B$6*$A39)*Parametri!$B$2)*(1-Parametri!$B$3)+((Coefficienti!$B$7+Coefficienti!$B$8*H$28+Coefficienti!$B$9*$A39)+Coefficienti!$B$10)*(1-Parametri!$B$4))*(1+Parametri!$B$5)+FerrGriglia!H12+Coefficienti!$B$11*Parametri!$B$6,2) | I39: =ROUND((((Coefficienti!$B$1+Coefficienti!$B$2*I$28+Coefficienti!$B$3*$A39)*Parametri!$B$1+(Coefficienti!$B$4+Coefficienti!$B$5*I$28+Coefficienti!$B$6*$A39)*Parametri!$B$2)*(1-Parametri!$B$3)+((Coefficienti!$B$7+Coefficienti!$B$8*I$28+Coefficienti!$B$9*$A39)+Coefficienti!$B$10)*(1-Parametri!$B$4))*(1+Parametri!$B$5)+FerrGriglia!I12+Coefficienti!$B$11*Parametri!$B$6,2) | ... AA39: =ROUND((((Coefficienti!$B$1+Coefficienti!$B$2*AA$28+Coefficienti!$B$3*$A39)*Parametri!$B$1+(Coefficienti!$B$4+Coefficienti!$B$5*AA$28+Coefficienti!$B$6*$A39)*Parametri!$B$2)*(1-Parametri!$B$3)+((Coefficienti!$B$7+Coefficienti!$B$8*AA$28+Coefficienti!$B$9*$A39)+Coefficienti!$B$10)*(1-Parametri!$B$4))*(1+Parametri!$B$5)+FerrGriglia!AA12+Coefficienti!$B$11*Parametri!$B$6,2)
A40: 1700 | B40: =ROUND((((Coefficienti!$B$1+Coefficienti!$B$2*B$28+Coefficienti!$B$3*$A40)*Parametri!$B$1+(Coefficienti!$B$4+Coefficienti!$B$5*B$28+Coefficienti!$B$6*$A40)*Parametri!$B$2)*(1-Parametri!$B$3)+((Coefficienti!$B$7+Coefficienti!$B$8*B$28+Coefficienti!$B$9*$A40)+Coefficienti!$B$10)*(1-Parametri!$B$4))*(1+Parametri!$B$5)+FerrGriglia!B13+Coefficienti!$B$11*Parametri!$B$6,2) | C40: =ROUND((((Coefficienti!$B$1+Coefficienti!$B$2*C$28+Coefficienti!$B$3*$A40)*Parametri!$B$1+(Coefficienti!$B$4+Coefficienti!$B$5*C$28+Coefficienti!$B$6*$A40)*Parametri!$B$2)*(1-Parametri!$B$3)+((Coefficienti!$B$7+Coefficienti!$B$8*C$28+Coefficienti!$B$9*$A40)+Coefficienti!$B$10)*(1-Parametri!$B$4))*(1+Parametri!$B$5)+FerrGriglia!C13+Coefficienti!$B$11*Parametri!$B$6,2) | D40: =ROUND((((Coefficienti!$B$1+Coefficienti!$B$2*D$28+Coefficienti!$B$3*$A40)*Parametri!$B$1+(Coefficienti!$B$4+Coefficienti!$B$5*D$28+Coefficienti!$B$6*$A40)*Parametri!$B$2)*(1-Parametri!$B$3)+((Coefficienti!$B$7+Coefficienti!$B$8*D$28+Coefficienti!$B$9*$A40)+Coefficienti!$B$10)*(1-Parametri!$B$4))*(1+Parametri!$B$5)+FerrGriglia!D13+Coefficienti!$B$11*Parametri!$B$6,2) | E40: =ROUND((((Coefficienti!$B$1+Coefficienti!$B$2*E$28+Coefficienti!$B$3*$A40)*Parametri!$B$1+(Coefficienti!$B$4+Coefficienti!$B$5*E$28+Coefficienti!$B$6*$A40)*Parametri!$B$2)*(1-Parametri!$B$3)+((Coefficienti!$B$7+Coefficienti!$B$8*E$28+Coefficienti!$B$9*$A40)+Coefficienti!$B$10)*(1-Parametri!$B$4))*(1+Parametri!$B$5)+FerrGriglia!E13+Coefficienti!$B$11*Parametri!$B$6,2) | F40: =ROUND((((Coefficienti!$B$1+Coefficienti!$B$2*F$28+Coefficienti!$B$3*$A40)*Parametri!$B$1+(Coefficienti!$B$4+Coefficienti!$B$5*F$28+Coefficienti!$B$6*$A40)*Parametri!$B$2)*(1-Parametri!$B$3)+((Coefficienti!$B$7+Coefficienti!$B$8*F$28+Coefficienti!$B$9*$A40)+Coefficienti!$B$10)*(1-Parametri!$B$4))*(1+Parametri!$B$5)+FerrGriglia!F13+Coefficienti!$B$11*Parametri!$B$6,2) | G40: =ROUND((((Coefficienti!$B$1+Coefficienti!$B$2*G$28+Coefficienti!$B$3*$A40)*Parametri!$B$1+(Coefficienti!$B$4+Coefficienti!$B$5*G$28+Coefficienti!$B$6*$A40)*Parametri!$B$2)*(1-Parametri!$B$3)+((Coefficienti!$B$7+Coefficienti!$B$8*G$28+Coefficienti!$B$9*$A40)+Coefficienti!$B$10)*(1-Parametri!$B$4))*(1+Parametri!$B$5)+FerrGriglia!G13+Coefficienti!$B$11*Parametri!$B$6,2) | H40: =ROUND((((Coefficienti!$B$1+Coefficienti!$B$2*H$28+Coefficienti!$B$3*$A40)*Parametri!$B$1+(Coefficienti!$B$4+Coefficienti!$B$5*H$28+Coefficienti!$B$6*$A40)*Parametri!$B$2)*(1-Parametri!$B$3)+((Coefficienti!$B$7+Coefficienti!$B$8*H$28+Coefficienti!$B$9*$A40)+Coefficienti!$B$10)*(1-Parametri!$B$4))*(1+Parametri!$B$5)+FerrGriglia!H13+Coefficienti!$B$11*Parametri!$B$6,2) | I40: =ROUND((((Coefficienti!$B$1+Coefficienti!$B$2*I$28+Coefficienti!$B$3*$A40)*Parametri!$B$1+(Coefficienti!$B$4+Coefficienti!$B$5*I$28+Coefficienti!$B$6*$A40)*Parametri!$B$2)*(1-Parametri!$B$3)+((Coefficienti!$B$7+Coefficienti!$B$8*I$28+Coefficienti!$B$9*$A40)+Coefficienti!$B$10)*(1-Parametri!$B$4))*(1+Parametri!$B$5)+FerrGriglia!I13+Coefficienti!$B$11*Parametri!$B$6,2) | ... AA40: =ROUND((((Coefficienti!$B$1+Coefficienti!$B$2*AA$28+Coefficienti!$B$3*$A40)*Parametri!$B$1+(Coefficienti!$B$4+Coefficienti!$B$5*AA$28+Coefficienti!$B$6*$A40)*Parametri!$B$2)*(1-Parametri!$B$3)+((Coefficienti!$B$7+Coefficienti!$B$8*AA$28+Coefficienti!$B$9*$A40)+Coefficienti!$B$10)*(1-Parametri!$B$4))*(1+Parametri!$B$5)+FerrGriglia!AA13+Coefficienti!$B$11*Parametri!$B$6,2)
... A50: 2700 | B50: =ROUND((((Coefficienti!$B$1+Coefficienti!$B$2*B$28+Coefficienti!$B$3*$A50)*Parametri!$B$1+(Coefficienti!$B$4+Coefficienti!$B$5*B$28+Coefficienti!$B$6*$A50)*Parametri!$B$2)*(1-Parametri!$B$3)+((Coefficienti!$B$7+Coefficienti!$B$8*B$28+Coefficienti!$B$9*$A50)+Coefficienti!$B$10)*(1-Parametri!$B$4))*(1+Parametri!$B$5)+FerrGriglia!B23+Coefficienti!$B$11*Parametri!$B$6,2) | C50: =ROUND((((Coefficienti!$B$1+Coefficienti!$B$2*C$28+Coefficienti!$B$3*$A50)*Parametri!$B$1+(Coefficienti!$B$4+Coefficienti!$B$5*C$28+Coefficienti!$B$6*$A50)*Parametri!$B$2)*(1-Parametri!$B$3)+((Coefficienti!$B$7+Coefficienti!$B$8*C$28+Coefficienti!$B$9*$A50)+Coefficienti!$B$10)*(1-Parametri!$B$4))*(1+Parametri!$B$5)+FerrGriglia!C23+Coefficienti!$B$11*Parametri!$B$6,2) | D50: =ROUND((((Coefficienti!$B$1+Coefficienti!$B$2*D$28+Coefficienti!$B$3*$A50)*Parametri!$B$1+(Coefficienti!$B$4+Coefficienti!$B$5*D$28+Coefficienti!$B$6*$A50)*Parametri!$B$2)*(1-Parametri!$B$3)+((Coefficienti!$B$7+Coefficienti!$B$8*D$28+Coefficienti!$B$9*$A50)+Coefficienti!$B$10)*(1-Parametri!$B$4))*(1+Parametri!$B$5)+FerrGriglia!D23+Coefficienti!$B$11*Parametri!$B$6,2) | E50: =ROUND((((Coefficienti!$B$1+Coefficienti!$B$2*E$28+Coefficienti!$B$3*$A50)*Parametri!$B$1+(Coefficienti!$B$4+Coefficienti!$B$5*E$28+Coefficienti!$B$6*$A50)*Parametri!$B$2)*(1-Parametri!$B$3)+((Coefficienti!$B$7+Coefficienti!$B$8*E$28+Coefficienti!$B$9*$A50)+Coefficienti!$B$10)*(1-Parametri!$B$4))*(1+Parametri!$B$5)+FerrGriglia!E23+Coefficienti!$B$11*Parametri!$B$6,2) | F50: =ROUND((((Coefficienti!$B$1+Coefficienti!$B$2*F$28+Coefficienti!$B$3*$A50)*Parametri!$B$1+(Coefficienti!$B$4+Coefficienti!$B$5*F$28+Coefficienti!$B$6*$A50)*Parametri!$B$2)*(1-Parametri!$B$3)+((Coefficienti!$B$7+Coefficienti!$B$8*F$28+Coefficienti!$B$9*$A50)+Coefficienti!$B$10)*(1-Parametri!$B$4))*(1+Parametri!$B$5)+FerrGriglia!F23+Coefficienti!$B$11*Parametri!$B$6,2) | G50: =ROUND((((Coefficienti!$B$1+Coefficienti!$B$2*G$28+Coefficienti!$B$3*$A50)*Parametri!$B$1+(Coefficienti!$B$4+Coefficienti!$B$5*G$28+Coefficienti!$B$6*$A50)*Parametri!$B$2)*(1-Parametri!$B$3)+((Coefficienti!$B$7+Coefficienti!$B$8*G$28+Coefficienti!$B$9*$A50)+Coefficienti!$B$10)*(1-Parametri!$B$4))*(1+Parametri!$B$5)+FerrGriglia!G23+Coefficienti!$B$11*Parametri!$B$6,2) | H50: =ROUND((((Coefficienti!$B$1+Coefficienti!$B$2*H$28+Coefficienti!$B$3*$A50)*Parametri!$B$1+(Coefficienti!$B$4+Coefficienti!$B$5*H$28+Coefficienti!$B$6*$A50)*Parametri!$B$2)*(1-Parametri!$B$3)+((Coefficienti!$B$7+Coefficienti!$B$8*H$28+Coefficienti!$B$9*$A50)+Coefficienti!$B$10)*(1-Parametri!$B$4))*(1+Parametri!$B$5)+FerrGriglia!H23+Coefficienti!$B$11*Parametri!$B$6,2) | I50: =ROUND((((Coefficienti!$B$1+Coefficienti!$B$2*I$28+Coefficienti!$B$3*$A50)*Parametri!$B$1+(Coefficienti!$B$4+Coefficienti!$B$5*I$28+Coefficienti!$B$6*$A50)*Parametri!$B$2)*(1-Parametri!$B$3)+((Coefficienti!$B$7+Coefficienti!$B$8*I$28+Coefficienti!$B$9*$A50)+Coefficienti!$B$10)*(1-Parametri!$B$4))*(1+Parametri!$B$5)+FerrGriglia!I23+Coefficienti!$B$11*Parametri!$B$6,2) | ... AA50: =ROUND((((Coefficienti!$B$1+Coefficienti!$B$2*AA$28+Coefficienti!$B$3*$A50)*Parametri!$B$1+(Coefficienti!$B$4+Coefficienti!$B$5*AA$28+Coefficienti!$B$6*$A50)*Parametri!$B$2)*(1-Parametri!$B$3)+((Coefficienti!$B$7+Coefficienti!$B$8*AA$28+Coefficienti!$B$9*$A50)+Coefficienti!$B$10)*(1-Parametri!$B$4))*(1+Parametri!$B$5)+FerrGriglia!AA23+Coefficienti!$B$11*Parametri!$B$6,2)

Sheet Parametri
A1: Prezzo profili taglio termico €/kg (33320 CAT.B +ADD — RAL 7016) | B1: 19.93
A2: Prezzo profili normali €/kg (10820 CAT.B +ADD — fermavetri, aggiuntivi, gocciolatoio) | B2: 14.82
A3: Sconto profili su listino AluK C75S/C82S-CS | B3: 0.43
A4: Sconto accessori/guarnizioni su listino AluK | B4: 0.2
A5: Sfrido | B5: 0.09
A6: Tariffa oraria manodopera €/h | B6: 65
A7: Ricarico su costo totale | B7: 2.13
A9: Celle gialle = valori modificabili: tutte le griglie si ricalcolano.
A10: Prezzi: listino AluK C75S/C82S-CS decorrenza 2026-06-15 (listini-db). Ferramenta: prezzi nel foglio dedicato.

Sheet Coefficienti
A1: Peso profili taglio termico costante (kg) | B1: 0
A2: Peso taglio termico per mm di L (kg/mm) | B2: 0.00276
A3: Peso taglio termico per mm di H (kg/mm) | B3: 0.00276
A4: Peso profili normali costante (kg) | B4: -0.16864
A5: Peso normali per mm di L (kg/mm) | B5: 0.00124
A6: Peso normali per mm di H (kg/mm) | B6: 0.00124
A7: Guarnizioni costante (€ listino) | B7: 0.007576
A8: Guarnizioni per mm di L (€/mm) | B8: 0.001894
A9: Guarnizioni per mm di H (€/mm) | B9: 0.001894
A10: Accessori totale (€ listino) | B10: 14.324
A11: Ore manodopera | B11: 1.3333333
A13: Derivati dalle distinte catalogo AluK C75S sez. 8 e pesi kg/m catalogo v3.
A14: Assunzioni: supporti vetro V62008 = 4 per vetro; mascherine V51015 = 2 pz;
A15: fermavetro battenti N45860 (0,37 kg/m), fisso coppia N45856 (0,62 kg/m);
A16: squadrette V40022/V40037 prezzate come V40022 (0,607 €).
A17: Manodopera: 1h telaio + 1h/anta + 20' ferramenta/anta + 20'/vetro.
A18: Taglio termico = codici B (stipite, anta, battuta centrale, soglia); normali = N/K (aggiuntivo, gocciolatoio, fermavetri).
A19: Prezzi unitari accessori e guarnizioni (pre-sconto): listino AluK C75S/C82S-CS decorrenza 2026-06-15 (listini-db).

Sheet Ferramenta
A1: Componente | B1: Q.tà | C1: Prezzo €/pz | D1: Subtotale € | E1: Fonte | G1: Kit Maico per la misura di riferimento 1000x1500 (FFB/FFH = anta-20). Le griglie usano il foglio FerrGriglia (kit per ogni misura).
A2: Nessuna ferramenta (telaio fisso) | D2: 0
A4: Celle gialle modificabili. Prezzi a 0 = da inserire: il listino li ignora finché vuoti.

Sheet FerrGriglia
A1: H/L | B1: 500 | C1: 600 | D1: 700 | E1: 800 | F1: 900 | G1: 1000 | H1: 1100 | I1: 1200 | J1: 1300 | K1: 1400 | L1: 1500 | M1: 1600 | N1: 1700 | O1: 1800 | P1: 1900 | Q1: 2000 | R1: 2100 | S1: 2200 | T1: 2300 | U1: 2400 | V1: 2500 | W1: 2600 | X1: 2700 | Y1: 2800 | Z1: 2900 | AA1: 3000
A2: 600 | B2: 0 | C2: 0 | D2: 0 | E2: 0 | F2: 0 | G2: 0 | H2: 0 | I2: 0 | J2: 0 | K2: 0 | L2: 0 | M2: 0 | N2: 0 | O2: 0 | P2: 0 | Q2: 0 | R2: 0 | S2: 0 | T2: 0 | U2: 0 | V2: 0 | W2: 0 | X2: 0 | Y2: 0 | Z2: 0 | AA2: 0
A3: 700 | B3: 0 | C3: 0 | D3: 0 | E3: 0 | F3: 0 | G3: 0 | H3: 0 | I3: 0 | J3: 0 | K3: 0 | L3: 0 | M3: 0 | N3: 0 | O3: 0 | P3: 0 | Q3: 0 | R3: 0 | S3: 0 | T3: 0 | U3: 0 | V3: 0 | W3: 0 | X3: 0 | Y3: 0 | Z3: 0 | AA3: 0
A4: 800 | B4: 0 | C4: 0 | D4: 0 | E4: 0 | F4: 0 | G4: 0 | H4: 0 | I4: 0 | J4: 0 | K4: 0 | L4: 0 | M4: 0 | N4: 0 | O4: 0 | P4: 0 | Q4: 0 | R4: 0 | S4: 0 | T4: 0 | U4: 0 | V4: 0 | W4: 0 | X4: 0 | Y4: 0 | Z4: 0 | AA4: 0
A5: 900 | B5: 0 | C5: 0 | D5: 0 | E5: 0 | F5: 0 | G5: 0 | H5: 0 | I5: 0 | J5: 0 | K5: 0 | L5: 0 | M5: 0 | N5: 0 | O5: 0 | P5: 0 | Q5: 0 | R5: 0 | S5: 0 | T5: 0 | U5: 0 | V5: 0 | W5: 0 | X5: 0 | Y5: 0 | Z5: 0 | AA5: 0
A6: 1000 | B6: 0 | C6: 0 | D6: 0 | E6: 0 | F6: 0 | G6: 0 | H6: 0 | I6: 0 | J6: 0 | K6: 0 | L6: 0 | M6: 0 | N6: 0 | O6: 0 | P6: 0 | Q6: 0 | R6: 0 | S6: 0 | T6: 0 | U6: 0 | V6: 0 | W6: 0 | X6: 0 | Y6: 0 | Z6: 0 | AA6: 0
A7: 1100 | B7: 0 | C7: 0 | D7: 0 | E7: 0 | F7: 0 | G7: 0 | H7: 0 | I7: 0 | J7: 0 | K7: 0 | L7: 0 | M7: 0 | N7: 0 | O7: 0 | P7: 0 | Q7: 0 | R7: 0 | S7: 0 | T7: 0 | U7: 0 | V7: 0 | W7: 0 | X7: 0 | Y7: 0 | Z7: 0 | AA7: 0
A8: 1200 | B8: 0 | C8: 0 | D8: 0 | E8: 0 | F8: 0 | G8: 0 | H8: 0 | I8: 0 | J8: 0 | K8: 0 | L8: 0 | M8: 0 | N8: 0 | O8: 0 | P8: 0 | Q8: 0 | R8: 0 | S8: 0 | T8: 0 | U8: 0 | V8: 0 | W8: 0 | X8: 0 | Y8: 0 | Z8: 0 | AA8: 0
A9: 1300 | B9: 0 | C9: 0 | D9: 0 | E9: 0 | F9: 0 | G9: 0 | H9: 0 | I9: 0 | J9: 0 | K9: 0 | L9: 0 | M9: 0 | N9: 0 | O9: 0 | P9: 0 | Q9: 0 | R9: 0 | S9: 0 | T9: 0 | U9: 0 | V9: 0 | W9: 0 | X9: 0 | Y9: 0 | Z9: 0 | AA9: 0
A10: 1400 | B10: 0 | C10: 0 | D10: 0 | E10: 0 | F10: 0 | G10: 0 | H10: 0 | I10: 0 | J10: 0 | K10: 0 | L10: 0 | M10: 0 | N10: 0 | O10: 0 | P10: 0 | Q10: 0 | R10: 0 | S10: 0 | T10: 0 | U10: 0 | V10: 0 | W10: 0 | X10: 0 | Y10: 0 | Z10: 0 | AA10: 0
A11: 1500 | B11: 0 | C11: 0 | D11: 0 | E11: 0 | F11: 0 | G11: 0 | H11: 0 | I11: 0 | J11: 0 | K11: 0 | L11: 0 | M11: 0 | N11: 0 | O11: 0 | P11: 0 | Q11: 0 | R11: 0 | S11: 0 | T11: 0 | U11: 0 | V11: 0 | W11: 0 | X11: 0 | Y11: 0 | Z11: 0 | AA11: 0
A12: 1600 | B12: 0 | C12: 0 | D12: 0 | E12: 0 | F12: 0 | G12: 0 | H12: 0 | I12: 0 | J12: 0 | K12: 0 | L12: 0 | M12: 0 | N12: 0 | O12: 0 | P12: 0 | Q12: 0 | R12: 0 | S12: 0 | T12: 0 | U12: 0 | V12: 0 | W12: 0 | X12: 0 | Y12: 0 | Z12: 0 | AA12: 0
A13: 1700 | B13: 0 | C13: 0 | D13: 0 | E13: 0 | F13: 0 | G13: 0 | H13: 0 | I13: 0 | J13: 0 | K13: 0 | L13: 0 | M13: 0 | N13: 0 | O13: 0 | P13: 0 | Q13: 0 | R13: 0 | S13: 0 | T13: 0 | U13: 0 | V13: 0 | W13: 0 | X13: 0 | Y13: 0 | Z13: 0 | AA13: 0
... A23: 2700 | B23: 0 | C23: 0 | D23: 0 | E23: 0 | F23: 0 | G23: 0 | H23: 0 | I23: 0 | J23: 0 | K23: 0 | L23: 0 | M23: 0 | N23: 0 | O23: 0 | P23: 0 | Q23: 0 | R23: 0 | S23: 0 | T23: 0 | U23: 0 | V23: 0 | W23: 0 | X23: 0 | Y23: 0 | Z23: 0 | AA23: 0
A26: Costo ferramenta Maico per misura (kit da regole WinPlus + voci fisse del foglio Ferramenta). Valori, non formule: rigenerare con genera_listini.py.
