Workbook

Sheet Prezzo
A1: LISTINO — FINESTRA 1 ANTA (1A75) — C75S SENZA VETRO — RAL 7016 (costo +213%)
A2: H/L | B2: 500 | C2: 600 | D2: 700 | E2: 800 | F2: 900 | G2: 1000 | H2: 1100 | I2: 1200
A3: 500 | B3: =ROUND(ROUND((((Coefficienti!$B$1+Coefficienti!$B$2*B$2+Coefficienti!$B$3*$A3)*Parametri!$B$1+(Coefficienti!$B$4+Coefficienti!$B$5*B$2+Coefficienti!$B$6*$A3)*Parametri!$B$2)*(1-Parametri!$B$3)+((Coefficienti!$B$7+Coefficienti!$B$8*B$2+Coefficienti!$B$9*$A3)+Coefficienti!$B$10)*(1-Parametri!$B$4))*(1+Parametri!$B$5)+FerrGriglia!B2+Coefficienti!$B$11*Parametri!$B$6,2)*(1+Parametri!$B$7),2) | C3: =ROUND(ROUND((((Coefficienti!$B$1+Coefficienti!$B$2*C$2+Coefficienti!$B$3*$A3)*Parametri!$B$1+(Coefficienti!$B$4+Coefficienti!$B$5*C$2+Coefficienti!$B$6*$A3)*Parametri!$B$2)*(1-Parametri!$B$3)+((Coefficienti!$B$7+Coefficienti!$B$8*C$2+Coefficienti!$B$9*$A3)+Coefficienti!$B$10)*(1-Parametri!$B$4))*(1+Parametri!$B$5)+FerrGriglia!C2+Coefficienti!$B$11*Parametri!$B$6,2)*(1+Parametri!$B$7),2) | D3: =ROUND(ROUND((((Coefficienti!$B$1+Coefficienti!$B$2*D$2+Coefficienti!$B$3*$A3)*Parametri!$B$1+(Coefficienti!$B$4+Coefficienti!$B$5*D$2+Coefficienti!$B$6*$A3)*Parametri!$B$2)*(1-Parametri!$B$3)+((Coefficienti!$B$7+Coefficienti!$B$8*D$2+Coefficienti!$B$9*$A3)+Coefficienti!$B$10)*(1-Parametri!$B$4))*(1+Parametri!$B$5)+FerrGriglia!D2+Coefficienti!$B$11*Parametri!$B$6,2)*(1+Parametri!$B$7),2) | E3: =ROUND(ROUND((((Coefficienti!$B$1+Coefficienti!$B$2*E$2+Coefficienti!$B$3*$A3)*Parametri!$B$1+(Coefficienti!$B$4+Coefficienti!$B$5*E$2+Coefficienti!$B$6*$A3)*Parametri!$B$2)*(1-Parametri!$B$3)+((Coefficienti!$B$7+Coefficienti!$B$8*E$2+Coefficienti!$B$9*$A3)+Coefficienti!$B$10)*(1-Parametri!$B$4))*(1+Parametri!$B$5)+FerrGriglia!E2+Coefficienti!$B$11*Parametri!$B$6,2)*(1+Parametri!$B$7),2) | F3: =ROUND(ROUND((((Coefficienti!$B$1+Coefficienti!$B$2*F$2+Coefficienti!$B$3*$A3)*Parametri!$B$1+(Coefficienti!$B$4+Coefficienti!$B$5*F$2+Coefficienti!$B$6*$A3)*Parametri!$B$2)*(1-Parametri!$B$3)+((Coefficienti!$B$7+Coefficienti!$B$8*F$2+Coefficienti!$B$9*$A3)+Coefficienti!$B$10)*(1-Parametri!$B$4))*(1+Parametri!$B$5)+FerrGriglia!F2+Coefficienti!$B$11*Parametri!$B$6,2)*(1+Parametri!$B$7),2) | G3: =ROUND(ROUND((((Coefficienti!$B$1+Coefficienti!$B$2*G$2+Coefficienti!$B$3*$A3)*Parametri!$B$1+(Coefficienti!$B$4+Coefficienti!$B$5*G$2+Coefficienti!$B$6*$A3)*Parametri!$B$2)*(1-Parametri!$B$3)+((Coefficienti!$B$7+Coefficienti!$B$8*G$2+Coefficienti!$B$9*$A3)+Coefficienti!$B$10)*(1-Parametri!$B$4))*(1+Parametri!$B$5)+FerrGriglia!G2+Coefficienti!$B$11*Parametri!$B$6,2)*(1+Parametri!$B$7),2) | H3: =ROUND(ROUND((((Coefficienti!$B$1+Coefficienti!$B$2*H$2+Coefficienti!$B$3*$A3)*Parametri!$B$1+(Coefficienti!$B$4+Coefficienti!$B$5*H$2+Coefficienti!$B$6*$A3)*Parametri!$B$2)*(1-Parametri!$B$3)+((Coefficienti!$B$7+Coefficienti!$B$8*H$2+Coefficienti!$B$9*$A3)+Coefficienti!$B$10)*(1-Parametri!$B$4))*(1+Parametri!$B$5)+FerrGriglia!H2+Coefficienti!$B$11*Parametri!$B$6,2)*(1+Parametri!$B$7),2) | I3: =ROUND(ROUND((((Coefficienti!$B$1+Coefficienti!$B$2*I$2+Coefficienti!$B$3*$A3)*Parametri!$B$1+(Coefficienti!$B$4+Coefficienti!$B$5*I$2+Coefficienti!$B$6*$A3)*Parametri!$B$2)*(1-Parametri!$B$3)+((Coefficienti!$B$7+Coefficienti!$B$8*I$2+Coefficienti!$B$9*$A3)+Coefficienti!$B$10)*(1-Parametri!$B$4))*(1+Parametri!$B$5)+FerrGriglia!I2+Coefficienti!$B$11*Parametri!$B$6,2)*(1+Parametri!$B$7),2)
A4: 600 | B4: =ROUND(ROUND((((Coefficienti!$B$1+Coefficienti!$B$2*B$2+Coefficienti!$B$3*$A4)*Parametri!$B$1+(Coefficienti!$B$4+Coefficienti!$B$5*B$2+Coefficienti!$B$6*$A4)*Parametri!$B$2)*(1-Parametri!$B$3)+((Coefficienti!$B$7+Coefficienti!$B$8*B$2+Coefficienti!$B$9*$A4)+Coefficienti!$B$10)*(1-Parametri!$B$4))*(1+Parametri!$B$5)+FerrGriglia!B3+Coefficienti!$B$11*Parametri!$B$6,2)*(1+Parametri!$B$7),2) | C4: =ROUND(ROUND((((Coefficienti!$B$1+Coefficienti!$B$2*C$2+Coefficienti!$B$3*$A4)*Parametri!$B$1+(Coefficienti!$B$4+Coefficienti!$B$5*C$2+Coefficienti!$B$6*$A4)*Parametri!$B$2)*(1-Parametri!$B$3)+((Coefficienti!$B$7+Coefficienti!$B$8*C$2+Coefficienti!$B$9*$A4)+Coefficienti!$B$10)*(1-Parametri!$B$4))*(1+Parametri!$B$5)+FerrGriglia!C3+Coefficienti!$B$11*Parametri!$B$6,2)*(1+Parametri!$B$7),2) | D4: =ROUND(ROUND((((Coefficienti!$B$1+Coefficienti!$B$2*D$2+Coefficienti!$B$3*$A4)*Parametri!$B$1+(Coefficienti!$B$4+Coefficienti!$B$5*D$2+Coefficienti!$B$6*$A4)*Parametri!$B$2)*(1-Parametri!$B$3)+((Coefficienti!$B$7+Coefficienti!$B$8*D$2+Coefficienti!$B$9*$A4)+Coefficienti!$B$10)*(1-Parametri!$B$4))*(1+Parametri!$B$5)+FerrGriglia!D3+Coefficienti!$B$11*Parametri!$B$6,2)*(1+Parametri!$B$7),2) | E4: =ROUND(ROUND((((Coefficienti!$B$1+Coefficienti!$B$2*E$2+Coefficienti!$B$3*$A4)*Parametri!$B$1+(Coefficienti!$B$4+Coefficienti!$B$5*E$2+Coefficienti!$B$6*$A4)*Parametri!$B$2)*(1-Parametri!$B$3)+((Coefficienti!$B$7+Coefficienti!$B$8*E$2+Coefficienti!$B$9*$A4)+Coefficienti!$B$10)*(1-Parametri!$B$4))*(1+Parametri!$B$5)+FerrGriglia!E3+Coefficienti!$B$11*Parametri!$B$6,2)*(1+Parametri!$B$7),2) | F4: =ROUND(ROUND((((Coefficienti!$B$1+Coefficienti!$B$2*F$2+Coefficienti!$B$3*$A4)*Parametri!$B$1+(Coefficienti!$B$4+Coefficienti!$B$5*F$2+Coefficienti!$B$6*$A4)*Parametri!$B$2)*(1-Parametri!$B$3)+((Coefficienti!$B$7+Coefficienti!$B$8*F$2+Coefficienti!$B$9*$A4)+Coefficienti!$B$10)*(1-Parametri!$B$4))*(1+Parametri!$B$5)+FerrGriglia!F3+Coefficienti!$B$11*Parametri!$B$6,2)*(1+Parametri!$B$7),2) | G4: =ROUND(ROUND((((Coefficienti!$B$1+Coefficienti!$B$2*G$2+Coefficienti!$B$3*$A4)*Parametri!$B$1+(Coefficienti!$B$4+Coefficienti!$B$5*G$2+Coefficienti!$B$6*$A4)*Parametri!$B$2)*(1-Parametri!$B$3)+((Coefficienti!$B$7+Coefficienti!$B$8*G$2+Coefficienti!$B$9*$A4)+Coefficienti!$B$10)*(1-Parametri!$B$4))*(1+Parametri!$B$5)+FerrGriglia!G3+Coefficienti!$B$11*Parametri!$B$6,2)*(1+Parametri!$B$7),2) | H4: =ROUND(ROUND((((Coefficienti!$B$1+Coefficienti!$B$2*H$2+Coefficienti!$B$3*$A4)*Parametri!$B$1+(Coefficienti!$B$4+Coefficienti!$B$5*H$2+Coefficienti!$B$6*$A4)*Parametri!$B$2)*(1-Parametri!$B$3)+((Coefficienti!$B$7+Coefficienti!$B$8*H$2+Coefficienti!$B$9*$A4)+Coefficienti!$B$10)*(1-Parametri!$B$4))*(1+Parametri!$B$5)+FerrGriglia!H3+Coefficienti!$B$11*Parametri!$B$6,2)*(1+Parametri!$B$7),2) | I4: =ROUND(ROUND((((Coefficienti!$B$1+Coefficienti!$B$2*I$2+Coefficienti!$B$3*$A4)*Parametri!$B$1+(Coefficienti!$B$4+Coefficienti!$B$5*I$2+Coefficienti!$B$6*$A4)*Parametri!$B$2)*(1-Parametri!$B$3)+((Coefficienti!$B$7+Coefficienti!$B$8*I$2+Coefficienti!$B$9*$A4)+Coefficienti!$B$10)*(1-Parametri!$B$4))*(1+Parametri!$B$5)+FerrGriglia!I3+Coefficienti!$B$11*Parametri!$B$6,2)*(1+Parametri!$B$7),2)
A5: 700 | B5: =ROUND(ROUND((((Coefficienti!$B$1+Coefficienti!$B$2*B$2+Coefficienti!$B$3*$A5)*Parametri!$B$1+(Coefficienti!$B$4+Coefficienti!$B$5*B$2+Coefficienti!$B$6*$A5)*Parametri!$B$2)*(1-Parametri!$B$3)+((Coefficienti!$B$7+Coefficienti!$B$8*B$2+Coefficienti!$B$9*$A5)+Coefficienti!$B$10)*(1-Parametri!$B$4))*(1+Parametri!$B$5)+FerrGriglia!B4+Coefficienti!$B$11*Parametri!$B$6,2)*(1+Parametri!$B$7),2) | C5: =ROUND(ROUND((((Coefficienti!$B$1+Coefficienti!$B$2*C$2+Coefficienti!$B$3*$A5)*Parametri!$B$1+(Coefficienti!$B$4+Coefficienti!$B$5*C$2+Coefficienti!$B$6*$A5)*Parametri!$B$2)*(1-Parametri!$B$3)+((Coefficienti!$B$7+Coefficienti!$B$8*C$2+Coefficienti!$B$9*$A5)+Coefficienti!$B$10)*(1-Parametri!$B$4))*(1+Parametri!$B$5)+FerrGriglia!C4+Coefficienti!$B$11*Parametri!$B$6,2)*(1+Parametri!$B$7),2) | D5: =ROUND(ROUND((((Coefficienti!$B$1+Coefficienti!$B$2*D$2+Coefficienti!$B$3*$A5)*Parametri!$B$1+(Coefficienti!$B$4+Coefficienti!$B$5*D$2+Coefficienti!$B$6*$A5)*Parametri!$B$2)*(1-Parametri!$B$3)+((Coefficienti!$B$7+Coefficienti!$B$8*D$2+Coefficienti!$B$9*$A5)+Coefficienti!$B$10)*(1-Parametri!$B$4))*(1+Parametri!$B$5)+FerrGriglia!D4+Coefficienti!$B$11*Parametri!$B$6,2)*(1+Parametri!$B$7),2) | E5: =ROUND(ROUND((((Coefficienti!$B$1+Coefficienti!$B$2*E$2+Coefficienti!$B$3*$A5)*Parametri!$B$1+(Coefficienti!$B$4+Coefficienti!$B$5*E$2+Coefficienti!$B$6*$A5)*Parametri!$B$2)*(1-Parametri!$B$3)+((Coefficienti!$B$7+Coefficienti!$B$8*E$2+Coefficienti!$B$9*$A5)+Coefficienti!$B$10)*(1-Parametri!$B$4))*(1+Parametri!$B$5)+FerrGriglia!E4+Coefficienti!$B$11*Parametri!$B$6,2)*(1+Parametri!$B$7),2) | F5: =ROUND(ROUND((((Coefficienti!$B$1+Coefficienti!$B$2*F$2+Coefficienti!$B$3*$A5)*Parametri!$B$1+(Coefficienti!$B$4+Coefficienti!$B$5*F$2+Coefficienti!$B$6*$A5)*Parametri!$B$2)*(1-Parametri!$B$3)+((Coefficienti!$B$7+Coefficienti!$B$8*F$2+Coefficienti!$B$9*$A5)+Coefficienti!$B$10)*(1-Parametri!$B$4))*(1+Parametri!$B$5)+FerrGriglia!F4+Coefficienti!$B$11*Parametri!$B$6,2)*(1+Parametri!$B$7),2) | G5: =ROUND(ROUND((((Coefficienti!$B$1+Coefficienti!$B$2*G$2+Coefficienti!$B$3*$A5)*Parametri!$B$1+(Coefficienti!$B$4+Coefficienti!$B$5*G$2+Coefficienti!$B$6*$A5)*Parametri!$B$2)*(1-Parametri!$B$3)+((Coefficienti!$B$7+Coefficienti!$B$8*G$2+Coefficienti!$B$9*$A5)+Coefficienti!$B$10)*(1-Parametri!$B$4))*(1+Parametri!$B$5)+FerrGriglia!G4+Coefficienti!$B$11*Parametri!$B$6,2)*(1+Parametri!$B$7),2) | H5: =ROUND(ROUND((((Coefficienti!$B$1+Coefficienti!$B$2*H$2+Coefficienti!$B$3*$A5)*Parametri!$B$1+(Coefficienti!$B$4+Coefficienti!$B$5*H$2+Coefficienti!$B$6*$A5)*Parametri!$B$2)*(1-Parametri!$B$3)+((Coefficienti!$B$7+Coefficienti!$B$8*H$2+Coefficienti!$B$9*$A5)+Coefficienti!$B$10)*(1-Parametri!$B$4))*(1+Parametri!$B$5)+FerrGriglia!H4+Coefficienti!$B$11*Parametri!$B$6,2)*(1+Parametri!$B$7),2) | I5: =ROUND(ROUND((((Coefficienti!$B$1+Coefficienti!$B$2*I$2+Coefficienti!$B$3*$A5)*Parametri!$B$1+(Coefficienti!$B$4+Coefficienti!$B$5*I$2+Coefficienti!$B$6*$A5)*Parametri!$B$2)*(1-Parametri!$B$3)+((Coefficienti!$B$7+Coefficienti!$B$8*I$2+Coefficienti!$B$9*$A5)+Coefficienti!$B$10)*(1-Parametri!$B$4))*(1+Parametri!$B$5)+FerrGriglia!I4+Coefficienti!$B$11*Parametri!$B$6,2)*(1+Parametri!$B$7),2)
A6: 800 | B6: =ROUND(ROUND((((Coefficienti!$B$1+Coefficienti!$B$2*B$2+Coefficienti!$B$3*$A6)*Parametri!$B$1+(Coefficienti!$B$4+Coefficienti!$B$5*B$2+Coefficienti!$B$6*$A6)*Parametri!$B$2)*(1-Parametri!$B$3)+((Coefficienti!$B$7+Coefficienti!$B$8*B$2+Coefficienti!$B$9*$A6)+Coefficienti!$B$10)*(1-Parametri!$B$4))*(1+Parametri!$B$5)+FerrGriglia!B5+Coefficienti!$B$11*Parametri!$B$6,2)*(1+Parametri!$B$7),2) | C6: =ROUND(ROUND((((Coefficienti!$B$1+Coefficienti!$B$2*C$2+Coefficienti!$B$3*$A6)*Parametri!$B$1+(Coefficienti!$B$4+Coefficienti!$B$5*C$2+Coefficienti!$B$6*$A6)*Parametri!$B$2)*(1-Parametri!$B$3)+((Coefficienti!$B$7+Coefficienti!$B$8*C$2+Coefficienti!$B$9*$A6)+Coefficienti!$B$10)*(1-Parametri!$B$4))*(1+Parametri!$B$5)+FerrGriglia!C5+Coefficienti!$B$11*Parametri!$B$6,2)*(1+Parametri!$B$7),2) | D6: =ROUND(ROUND((((Coefficienti!$B$1+Coefficienti!$B$2*D$2+Coefficienti!$B$3*$A6)*Parametri!$B$1+(Coefficienti!$B$4+Coefficienti!$B$5*D$2+Coefficienti!$B$6*$A6)*Parametri!$B$2)*(1-Parametri!$B$3)+((Coefficienti!$B$7+Coefficienti!$B$8*D$2+Coefficienti!$B$9*$A6)+Coefficienti!$B$10)*(1-Parametri!$B$4))*(1+Parametri!$B$5)+FerrGriglia!D5+Coefficienti!$B$11*Parametri!$B$6,2)*(1+Parametri!$B$7),2) | E6: =ROUND(ROUND((((Coefficienti!$B$1+Coefficienti!$B$2*E$2+Coefficienti!$B$3*$A6)*Parametri!$B$1+(Coefficienti!$B$4+Coefficienti!$B$5*E$2+Coefficienti!$B$6*$A6)*Parametri!$B$2)*(1-Parametri!$B$3)+((Coefficienti!$B$7+Coefficienti!$B$8*E$2+Coefficienti!$B$9*$A6)+Coefficienti!$B$10)*(1-Parametri!$B$4))*(1+Parametri!$B$5)+FerrGriglia!E5+Coefficienti!$B$11*Parametri!$B$6,2)*(1+Parametri!$B$7),2) | F6: =ROUND(ROUND((((Coefficienti!$B$1+Coefficienti!$B$2*F$2+Coefficienti!$B$3*$A6)*Parametri!$B$1+(Coefficienti!$B$4+Coefficienti!$B$5*F$2+Coefficienti!$B$6*$A6)*Parametri!$B$2)*(1-Parametri!$B$3)+((Coefficienti!$B$7+Coefficienti!$B$8*F$2+Coefficienti!$B$9*$A6)+Coefficienti!$B$10)*(1-Parametri!$B$4))*(1+Parametri!$B$5)+FerrGriglia!F5+Coefficienti!$B$11*Parametri!$B$6,2)*(1+Parametri!$B$7),2) | G6: =ROUND(ROUND((((Coefficienti!$B$1+Coefficienti!$B$2*G$2+Coefficienti!$B$3*$A6)*Parametri!$B$1+(Coefficienti!$B$4+Coefficienti!$B$5*G$2+Coefficienti!$B$6*$A6)*Parametri!$B$2)*(1-Parametri!$B$3)+((Coefficienti!$B$7+Coefficienti!$B$8*G$2+Coefficienti!$B$9*$A6)+Coefficienti!$B$10)*(1-Parametri!$B$4))*(1+Parametri!$B$5)+FerrGriglia!G5+Coefficienti!$B$11*Parametri!$B$6,2)*(1+Parametri!$B$7),2) | H6: =ROUND(ROUND((((Coefficienti!$B$1+Coefficienti!$B$2*H$2+Coefficienti!$B$3*$A6)*Parametri!$B$1+(Coefficienti!$B$4+Coefficienti!$B$5*H$2+Coefficienti!$B$6*$A6)*Parametri!$B$2)*(1-Parametri!$B$3)+((Coefficienti!$B$7+Coefficienti!$B$8*H$2+Coefficienti!$B$9*$A6)+Coefficienti!$B$10)*(1-Parametri!$B$4))*(1+Parametri!$B$5)+FerrGriglia!H5+Coefficienti!$B$11*Parametri!$B$6,2)*(1+Parametri!$B$7),2) | I6: =ROUND(ROUND((((Coefficienti!$B$1+Coefficienti!$B$2*I$2+Coefficienti!$B$3*$A6)*Parametri!$B$1+(Coefficienti!$B$4+Coefficienti!$B$5*I$2+Coefficienti!$B$6*$A6)*Parametri!$B$2)*(1-Parametri!$B$3)+((Coefficienti!$B$7+Coefficienti!$B$8*I$2+Coefficienti!$B$9*$A6)+Coefficienti!$B$10)*(1-Parametri!$B$4))*(1+Parametri!$B$5)+FerrGriglia!I5+Coefficienti!$B$11*Parametri!$B$6,2)*(1+Parametri!$B$7),2)
A7: 900 | B7: =ROUND(ROUND((((Coefficienti!$B$1+Coefficienti!$B$2*B$2+Coefficienti!$B$3*$A7)*Parametri!$B$1+(Coefficienti!$B$4+Coefficienti!$B$5*B$2+Coefficienti!$B$6*$A7)*Parametri!$B$2)*(1-Parametri!$B$3)+((Coefficienti!$B$7+Coefficienti!$B$8*B$2+Coefficienti!$B$9*$A7)+Coefficienti!$B$10)*(1-Parametri!$B$4))*(1+Parametri!$B$5)+FerrGriglia!B6+Coefficienti!$B$11*Parametri!$B$6,2)*(1+Parametri!$B$7),2) | C7: =ROUND(ROUND((((Coefficienti!$B$1+Coefficienti!$B$2*C$2+Coefficienti!$B$3*$A7)*Parametri!$B$1+(Coefficienti!$B$4+Coefficienti!$B$5*C$2+Coefficienti!$B$6*$A7)*Parametri!$B$2)*(1-Parametri!$B$3)+((Coefficienti!$B$7+Coefficienti!$B$8*C$2+Coefficienti!$B$9*$A7)+Coefficienti!$B$10)*(1-Parametri!$B$4))*(1+Parametri!$B$5)+FerrGriglia!C6+Coefficienti!$B$11*Parametri!$B$6,2)*(1+Parametri!$B$7),2) | D7: =ROUND(ROUND((((Coefficienti!$B$1+Coefficienti!$B$2*D$2+Coefficienti!$B$3*$A7)*Parametri!$B$1+(Coefficienti!$B$4+Coefficienti!$B$5*D$2+Coefficienti!$B$6*$A7)*Parametri!$B$2)*(1-Parametri!$B$3)+((Coefficienti!$B$7+Coefficienti!$B$8*D$2+Coefficienti!$B$9*$A7)+Coefficienti!$B$10)*(1-Parametri!$B$4))*(1+Parametri!$B$5)+FerrGriglia!D6+Coefficienti!$B$11*Parametri!$B$6,2)*(1+Parametri!$B$7),2) | E7: =ROUND(ROUND((((Coefficienti!$B$1+Coefficienti!$B$2*E$2+Coefficienti!$B$3*$A7)*Parametri!$B$1+(Coefficienti!$B$4+Coefficienti!$B$5*E$2+Coefficienti!$B$6*$A7)*Parametri!$B$2)*(1-Parametri!$B$3)+((Coefficienti!$B$7+Coefficienti!$B$8*E$2+Coefficienti!$B$9*$A7)+Coefficienti!$B$10)*(1-Parametri!$B$4))*(1+Parametri!$B$5)+FerrGriglia!E6+Coefficienti!$B$11*Parametri!$B$6,2)*(1+Parametri!$B$7),2) | F7: =ROUND(ROUND((((Coefficienti!$B$1+Coefficienti!$B$2*F$2+Coefficienti!$B$3*$A7)*Parametri!$B$1+(Coefficienti!$B$4+Coefficienti!$B$5*F$2+Coefficienti!$B$6*$A7)*Parametri!$B$2)*(1-Parametri!$B$3)+((Coefficienti!$B$7+Coefficienti!$B$8*F$2+Coefficienti!$B$9*$A7)+Coefficienti!$B$10)*(1-Parametri!$B$4))*(1+Parametri!$B$5)+FerrGriglia!F6+Coefficienti!$B$11*Parametri!$B$6,2)*(1+Parametri!$B$7),2) | G7: =ROUND(ROUND((((Coefficienti!$B$1+Coefficienti!$B$2*G$2+Coefficienti!$B$3*$A7)*Parametri!$B$1+(Coefficienti!$B$4+Coefficienti!$B$5*G$2+Coefficienti!$B$6*$A7)*Parametri!$B$2)*(1-Parametri!$B$3)+((Coefficienti!$B$7+Coefficienti!$B$8*G$2+Coefficienti!$B$9*$A7)+Coefficienti!$B$10)*(1-Parametri!$B$4))*(1+Parametri!$B$5)+FerrGriglia!G6+Coefficienti!$B$11*Parametri!$B$6,2)*(1+Parametri!$B$7),2) | H7: =ROUND(ROUND((((Coefficienti!$B$1+Coefficienti!$B$2*H$2+Coefficienti!$B$3*$A7)*Parametri!$B$1+(Coefficienti!$B$4+Coefficienti!$B$5*H$2+Coefficienti!$B$6*$A7)*Parametri!$B$2)*(1-Parametri!$B$3)+((Coefficienti!$B$7+Coefficienti!$B$8*H$2+Coefficienti!$B$9*$A7)+Coefficienti!$B$10)*(1-Parametri!$B$4))*(1+Parametri!$B$5)+FerrGriglia!H6+Coefficienti!$B$11*Parametri!$B$6,2)*(1+Parametri!$B$7),2) | I7: =ROUND(ROUND((((Coefficienti!$B$1+Coefficienti!$B$2*I$2+Coefficienti!$B$3*$A7)*Parametri!$B$1+(Coefficienti!$B$4+Coefficienti!$B$5*I$2+Coefficienti!$B$6*$A7)*Parametri!$B$2)*(1-Parametri!$B$3)+((Coefficienti!$B$7+Coefficienti!$B$8*I$2+Coefficienti!$B$9*$A7)+Coefficienti!$B$10)*(1-Parametri!$B$4))*(1+Parametri!$B$5)+FerrGriglia!I6+Coefficienti!$B$11*Parametri!$B$6,2)*(1+Parametri!$B$7),2)
A8: 1000 | B8: =ROUND(ROUND((((Coefficienti!$B$1+Coefficienti!$B$2*B$2+Coefficienti!$B$3*$A8)*Parametri!$B$1+(Coefficienti!$B$4+Coefficienti!$B$5*B$2+Coefficienti!$B$6*$A8)*Parametri!$B$2)*(1-Parametri!$B$3)+((Coefficienti!$B$7+Coefficienti!$B$8*B$2+Coefficienti!$B$9*$A8)+Coefficienti!$B$10)*(1-Parametri!$B$4))*(1+Parametri!$B$5)+FerrGriglia!B7+Coefficienti!$B$11*Parametri!$B$6,2)*(1+Parametri!$B$7),2) | C8: =ROUND(ROUND((((Coefficienti!$B$1+Coefficienti!$B$2*C$2+Coefficienti!$B$3*$A8)*Parametri!$B$1+(Coefficienti!$B$4+Coefficienti!$B$5*C$2+Coefficienti!$B$6*$A8)*Parametri!$B$2)*(1-Parametri!$B$3)+((Coefficienti!$B$7+Coefficienti!$B$8*C$2+Coefficienti!$B$9*$A8)+Coefficienti!$B$10)*(1-Parametri!$B$4))*(1+Parametri!$B$5)+FerrGriglia!C7+Coefficienti!$B$11*Parametri!$B$6,2)*(1+Parametri!$B$7),2) | D8: =ROUND(ROUND((((Coefficienti!$B$1+Coefficienti!$B$2*D$2+Coefficienti!$B$3*$A8)*Parametri!$B$1+(Coefficienti!$B$4+Coefficienti!$B$5*D$2+Coefficienti!$B$6*$A8)*Parametri!$B$2)*(1-Parametri!$B$3)+((Coefficienti!$B$7+Coefficienti!$B$8*D$2+Coefficienti!$B$9*$A8)+Coefficienti!$B$10)*(1-Parametri!$B$4))*(1+Parametri!$B$5)+FerrGriglia!D7+Coefficienti!$B$11*Parametri!$B$6,2)*(1+Parametri!$B$7),2) | E8: =ROUND(ROUND((((Coefficienti!$B$1+Coefficienti!$B$2*E$2+Coefficienti!$B$3*$A8)*Parametri!$B$1+(Coefficienti!$B$4+Coefficienti!$B$5*E$2+Coefficienti!$B$6*$A8)*Parametri!$B$2)*(1-Parametri!$B$3)+((Coefficienti!$B$7+Coefficienti!$B$8*E$2+Coefficienti!$B$9*$A8)+Coefficienti!$B$10)*(1-Parametri!$B$4))*(1+Parametri!$B$5)+FerrGriglia!E7+Coefficienti!$B$11*Parametri!$B$6,2)*(1+Parametri!$B$7),2) | F8: =ROUND(ROUND((((Coefficienti!$B$1+Coefficienti!$B$2*F$2+Coefficienti!$B$3*$A8)*Parametri!$B$1+(Coefficienti!$B$4+Coefficienti!$B$5*F$2+Coefficienti!$B$6*$A8)*Parametri!$B$2)*(1-Parametri!$B$3)+((Coefficienti!$B$7+Coefficienti!$B$8*F$2+Coefficienti!$B$9*$A8)+Coefficienti!$B$10)*(1-Parametri!$B$4))*(1+Parametri!$B$5)+FerrGriglia!F7+Coefficienti!$B$11*Parametri!$B$6,2)*(1+Parametri!$B$7),2) | G8: =ROUND(ROUND((((Coefficienti!$B$1+Coefficienti!$B$2*G$2+Coefficienti!$B$3*$A8)*Parametri!$B$1+(Coefficienti!$B$4+Coefficienti!$B$5*G$2+Coefficienti!$B$6*$A8)*Parametri!$B$2)*(1-Parametri!$B$3)+((Coefficienti!$B$7+Coefficienti!$B$8*G$2+Coefficienti!$B$9*$A8)+Coefficienti!$B$10)*(1-Parametri!$B$4))*(1+Parametri!$B$5)+FerrGriglia!G7+Coefficienti!$B$11*Parametri!$B$6,2)*(1+Parametri!$B$7),2) | H8: =ROUND(ROUND((((Coefficienti!$B$1+Coefficienti!$B$2*H$2+Coefficienti!$B$3*$A8)*Parametri!$B$1+(Coefficienti!$B$4+Coefficienti!$B$5*H$2+Coefficienti!$B$6*$A8)*Parametri!$B$2)*(1-Parametri!$B$3)+((Coefficienti!$B$7+Coefficienti!$B$8*H$2+Coefficienti!$B$9*$A8)+Coefficienti!$B$10)*(1-Parametri!$B$4))*(1+Parametri!$B$5)+FerrGriglia!H7+Coefficienti!$B$11*Parametri!$B$6,2)*(1+Parametri!$B$7),2) | I8: =ROUND(ROUND((((Coefficienti!$B$1+Coefficienti!$B$2*I$2+Coefficienti!$B$3*$A8)*Parametri!$B$1+(Coefficienti!$B$4+Coefficienti!$B$5*I$2+Coefficienti!$B$6*$A8)*Parametri!$B$2)*(1-Parametri!$B$3)+((Coefficienti!$B$7+Coefficienti!$B$8*I$2+Coefficienti!$B$9*$A8)+Coefficienti!$B$10)*(1-Parametri!$B$4))*(1+Parametri!$B$5)+FerrGriglia!I7+Coefficienti!$B$11*Parametri!$B$6,2)*(1+Parametri!$B$7),2)
A9: 1100 | B9: =ROUND(ROUND((((Coefficienti!$B$1+Coefficienti!$B$2*B$2+Coefficienti!$B$3*$A9)*Parametri!$B$1+(Coefficienti!$B$4+Coefficienti!$B$5*B$2+Coefficienti!$B$6*$A9)*Parametri!$B$2)*(1-Parametri!$B$3)+((Coefficienti!$B$7+Coefficienti!$B$8*B$2+Coefficienti!$B$9*$A9)+Coefficienti!$B$10)*(1-Parametri!$B$4))*(1+Parametri!$B$5)+FerrGriglia!B8+Coefficienti!$B$11*Parametri!$B$6,2)*(1+Parametri!$B$7),2) | C9: =ROUND(ROUND((((Coefficienti!$B$1+Coefficienti!$B$2*C$2+Coefficienti!$B$3*$A9)*Parametri!$B$1+(Coefficienti!$B$4+Coefficienti!$B$5*C$2+Coefficienti!$B$6*$A9)*Parametri!$B$2)*(1-Parametri!$B$3)+((Coefficienti!$B$7+Coefficienti!$B$8*C$2+Coefficienti!$B$9*$A9)+Coefficienti!$B$10)*(1-Parametri!$B$4))*(1+Parametri!$B$5)+FerrGriglia!C8+Coefficienti!$B$11*Parametri!$B$6,2)*(1+Parametri!$B$7),2) | D9: =ROUND(ROUND((((Coefficienti!$B$1+Coefficienti!$B$2*D$2+Coefficienti!$B$3*$A9)*Parametri!$B$1+(Coefficienti!$B$4+Coefficienti!$B$5*D$2+Coefficienti!$B$6*$A9)*Parametri!$B$2)*(1-Parametri!$B$3)+((Coefficienti!$B$7+Coefficienti!$B$8*D$2+Coefficienti!$B$9*$A9)+Coefficienti!$B$10)*(1-Parametri!$B$4))*(1+Parametri!$B$5)+FerrGriglia!D8+Coefficienti!$B$11*Parametri!$B$6,2)*(1+Parametri!$B$7),2) | E9: =ROUND(ROUND((((Coefficienti!$B$1+Coefficienti!$B$2*E$2+Coefficienti!$B$3*$A9)*Parametri!$B$1+(Coefficienti!$B$4+Coefficienti!$B$5*E$2+Coefficienti!$B$6*$A9)*Parametri!$B$2)*(1-Parametri!$B$3)+((Coefficienti!$B$7+Coefficienti!$B$8*E$2+Coefficienti!$B$9*$A9)+Coefficienti!$B$10)*(1-Parametri!$B$4))*(1+Parametri!$B$5)+FerrGriglia!E8+Coefficienti!$B$11*Parametri!$B$6,2)*(1+Parametri!$B$7),2) | F9: =ROUND(ROUND((((Coefficienti!$B$1+Coefficienti!$B$2*F$2+Coefficienti!$B$3*$A9)*Parametri!$B$1+(Coefficienti!$B$4+Coefficienti!$B$5*F$2+Coefficienti!$B$6*$A9)*Parametri!$B$2)*(1-Parametri!$B$3)+((Coefficienti!$B$7+Coefficienti!$B$8*F$2+Coefficienti!$B$9*$A9)+Coefficienti!$B$10)*(1-Parametri!$B$4))*(1+Parametri!$B$5)+FerrGriglia!F8+Coefficienti!$B$11*Parametri!$B$6,2)*(1+Parametri!$B$7),2) | G9: =ROUND(ROUND((((Coefficienti!$B$1+Coefficienti!$B$2*G$2+Coefficienti!$B$3*$A9)*Parametri!$B$1+(Coefficienti!$B$4+Coefficienti!$B$5*G$2+Coefficienti!$B$6*$A9)*Parametri!$B$2)*(1-Parametri!$B$3)+((Coefficienti!$B$7+Coefficienti!$B$8*G$2+Coefficienti!$B$9*$A9)+Coefficienti!$B$10)*(1-Parametri!$B$4))*(1+Parametri!$B$5)+FerrGriglia!G8+Coefficienti!$B$11*Parametri!$B$6,2)*(1+Parametri!$B$7),2) | H9: =ROUND(ROUND((((Coefficienti!$B$1+Coefficienti!$B$2*H$2+Coefficienti!$B$3*$A9)*Parametri!$B$1+(Coefficienti!$B$4+Coefficienti!$B$5*H$2+Coefficienti!$B$6*$A9)*Parametri!$B$2)*(1-Parametri!$B$3)+((Coefficienti!$B$7+Coefficienti!$B$8*H$2+Coefficienti!$B$9*$A9)+Coefficienti!$B$10)*(1-Parametri!$B$4))*(1+Parametri!$B$5)+FerrGriglia!H8+Coefficienti!$B$11*Parametri!$B$6,2)*(1+Parametri!$B$7),2) | I9: =ROUND(ROUND((((Coefficienti!$B$1+Coefficienti!$B$2*I$2+Coefficienti!$B$3*$A9)*Parametri!$B$1+(Coefficienti!$B$4+Coefficienti!$B$5*I$2+Coefficienti!$B$6*$A9)*Parametri!$B$2)*(1-Parametri!$B$3)+((Coefficienti!$B$7+Coefficienti!$B$8*I$2+Coefficienti!$B$9*$A9)+Coefficienti!$B$10)*(1-Parametri!$B$4))*(1+Parametri!$B$5)+FerrGriglia!I8+Coefficienti!$B$11*Parametri!$B$6,2)*(1+Parametri!$B$7),2)
A10: 1200 | B10: =ROUND(ROUND((((Coefficienti!$B$1+Coefficienti!$B$2*B$2+Coefficienti!$B$3*$A10)*Parametri!$B$1+(Coefficienti!$B$4+Coefficienti!$B$5*B$2+Coefficienti!$B$6*$A10)*Parametri!$B$2)*(1-Parametri!$B$3)+((Coefficienti!$B$7+Coefficienti!$B$8*B$2+Coefficienti!$B$9*$A10)+Coefficienti!$B$10)*(1-Parametri!$B$4))*(1+Parametri!$B$5)+FerrGriglia!B9+Coefficienti!$B$11*Parametri!$B$6,2)*(1+Parametri!$B$7),2) | C10: =ROUND(ROUND((((Coefficienti!$B$1+Coefficienti!$B$2*C$2+Coefficienti!$B$3*$A10)*Parametri!$B$1+(Coefficienti!$B$4+Coefficienti!$B$5*C$2+Coefficienti!$B$6*$A10)*Parametri!$B$2)*(1-Parametri!$B$3)+((Coefficienti!$B$7+Coefficienti!$B$8*C$2+Coefficienti!$B$9*$A10)+Coefficienti!$B$10)*(1-Parametri!$B$4))*(1+Parametri!$B$5)+FerrGriglia!C9+Coefficienti!$B$11*Parametri!$B$6,2)*(1+Parametri!$B$7),2) | D10: =ROUND(ROUND((((Coefficienti!$B$1+Coefficienti!$B$2*D$2+Coefficienti!$B$3*$A10)*Parametri!$B$1+(Coefficienti!$B$4+Coefficienti!$B$5*D$2+Coefficienti!$B$6*$A10)*Parametri!$B$2)*(1-Parametri!$B$3)+((Coefficienti!$B$7+Coefficienti!$B$8*D$2+Coefficienti!$B$9*$A10)+Coefficienti!$B$10)*(1-Parametri!$B$4))*(1+Parametri!$B$5)+FerrGriglia!D9+Coefficienti!$B$11*Parametri!$B$6,2)*(1+Parametri!$B$7),2) | E10: =ROUND(ROUND((((Coefficienti!$B$1+Coefficienti!$B$2*E$2+Coefficienti!$B$3*$A10)*Parametri!$B$1+(Coefficienti!$B$4+Coefficienti!$B$5*E$2+Coefficienti!$B$6*$A10)*Parametri!$B$2)*(1-Parametri!$B$3)+((Coefficienti!$B$7+Coefficienti!$B$8*E$2+Coefficienti!$B$9*$A10)+Coefficienti!$B$10)*(1-Parametri!$B$4))*(1+Parametri!$B$5)+FerrGriglia!E9+Coefficienti!$B$11*Parametri!$B$6,2)*(1+Parametri!$B$7),2) | F10: =ROUND(ROUND((((Coefficienti!$B$1+Coefficienti!$B$2*F$2+Coefficienti!$B$3*$A10)*Parametri!$B$1+(Coefficienti!$B$4+Coefficienti!$B$5*F$2+Coefficienti!$B$6*$A10)*Parametri!$B$2)*(1-Parametri!$B$3)+((Coefficienti!$B$7+Coefficienti!$B$8*F$2+Coefficienti!$B$9*$A10)+Coefficienti!$B$10)*(1-Parametri!$B$4))*(1+Parametri!$B$5)+FerrGriglia!F9+Coefficienti!$B$11*Parametri!$B$6,2)*(1+Parametri!$B$7),2) | G10: =ROUND(ROUND((((Coefficienti!$B$1+Coefficienti!$B$2*G$2+Coefficienti!$B$3*$A10)*Parametri!$B$1+(Coefficienti!$B$4+Coefficienti!$B$5*G$2+Coefficienti!$B$6*$A10)*Parametri!$B$2)*(1-Parametri!$B$3)+((Coefficienti!$B$7+Coefficienti!$B$8*G$2+Coefficienti!$B$9*$A10)+Coefficienti!$B$10)*(1-Parametri!$B$4))*(1+Parametri!$B$5)+FerrGriglia!G9+Coefficienti!$B$11*Parametri!$B$6,2)*(1+Parametri!$B$7),2) | H10: =ROUND(ROUND((((Coefficienti!$B$1+Coefficienti!$B$2*H$2+Coefficienti!$B$3*$A10)*Parametri!$B$1+(Coefficienti!$B$4+Coefficienti!$B$5*H$2+Coefficienti!$B$6*$A10)*Parametri!$B$2)*(1-Parametri!$B$3)+((Coefficienti!$B$7+Coefficienti!$B$8*H$2+Coefficienti!$B$9*$A10)+Coefficienti!$B$10)*(1-Parametri!$B$4))*(1+Parametri!$B$5)+FerrGriglia!H9+Coefficienti!$B$11*Parametri!$B$6,2)*(1+Parametri!$B$7),2) | I10: =ROUND(ROUND((((Coefficienti!$B$1+Coefficienti!$B$2*I$2+Coefficienti!$B$3*$A10)*Parametri!$B$1+(Coefficienti!$B$4+Coefficienti!$B$5*I$2+Coefficienti!$B$6*$A10)*Parametri!$B$2)*(1-Parametri!$B$3)+((Coefficienti!$B$7+Coefficienti!$B$8*I$2+Coefficienti!$B$9*$A10)+Coefficienti!$B$10)*(1-Parametri!$B$4))*(1+Parametri!$B$5)+FerrGriglia!I9+Coefficienti!$B$11*Parametri!$B$6,2)*(1+Parametri!$B$7),2)
A11: 1300 | B11: =ROUND(ROUND((((Coefficienti!$B$1+Coefficienti!$B$2*B$2+Coefficienti!$B$3*$A11)*Parametri!$B$1+(Coefficienti!$B$4+Coefficienti!$B$5*B$2+Coefficienti!$B$6*$A11)*Parametri!$B$2)*(1-Parametri!$B$3)+((Coefficienti!$B$7+Coefficienti!$B$8*B$2+Coefficienti!$B$9*$A11)+Coefficienti!$B$10)*(1-Parametri!$B$4))*(1+Parametri!$B$5)+FerrGriglia!B10+Coefficienti!$B$11*Parametri!$B$6,2)*(1+Parametri!$B$7),2) | C11: =ROUND(ROUND((((Coefficienti!$B$1+Coefficienti!$B$2*C$2+Coefficienti!$B$3*$A11)*Parametri!$B$1+(Coefficienti!$B$4+Coefficienti!$B$5*C$2+Coefficienti!$B$6*$A11)*Parametri!$B$2)*(1-Parametri!$B$3)+((Coefficienti!$B$7+Coefficienti!$B$8*C$2+Coefficienti!$B$9*$A11)+Coefficienti!$B$10)*(1-Parametri!$B$4))*(1+Parametri!$B$5)+FerrGriglia!C10+Coefficienti!$B$11*Parametri!$B$6,2)*(1+Parametri!$B$7),2) | D11: =ROUND(ROUND((((Coefficienti!$B$1+Coefficienti!$B$2*D$2+Coefficienti!$B$3*$A11)*Parametri!$B$1+(Coefficienti!$B$4+Coefficienti!$B$5*D$2+Coefficienti!$B$6*$A11)*Parametri!$B$2)*(1-Parametri!$B$3)+((Coefficienti!$B$7+Coefficienti!$B$8*D$2+Coefficienti!$B$9*$A11)+Coefficienti!$B$10)*(1-Parametri!$B$4))*(1+Parametri!$B$5)+FerrGriglia!D10+Coefficienti!$B$11*Parametri!$B$6,2)*(1+Parametri!$B$7),2) | E11: =ROUND(ROUND((((Coefficienti!$B$1+Coefficienti!$B$2*E$2+Coefficienti!$B$3*$A11)*Parametri!$B$1+(Coefficienti!$B$4+Coefficienti!$B$5*E$2+Coefficienti!$B$6*$A11)*Parametri!$B$2)*(1-Parametri!$B$3)+((Coefficienti!$B$7+Coefficienti!$B$8*E$2+Coefficienti!$B$9*$A11)+Coefficienti!$B$10)*(1-Parametri!$B$4))*(1+Parametri!$B$5)+FerrGriglia!E10+Coefficienti!$B$11*Parametri!$B$6,2)*(1+Parametri!$B$7),2) | F11: =ROUND(ROUND((((Coefficienti!$B$1+Coefficienti!$B$2*F$2+Coefficienti!$B$3*$A11)*Parametri!$B$1+(Coefficienti!$B$4+Coefficienti!$B$5*F$2+Coefficienti!$B$6*$A11)*Parametri!$B$2)*(1-Parametri!$B$3)+((Coefficienti!$B$7+Coefficienti!$B$8*F$2+Coefficienti!$B$9*$A11)+Coefficienti!$B$10)*(1-Parametri!$B$4))*(1+Parametri!$B$5)+FerrGriglia!F10+Coefficienti!$B$11*Parametri!$B$6,2)*(1+Parametri!$B$7),2) | G11: =ROUND(ROUND((((Coefficienti!$B$1+Coefficienti!$B$2*G$2+Coefficienti!$B$3*$A11)*Parametri!$B$1+(Coefficienti!$B$4+Coefficienti!$B$5*G$2+Coefficienti!$B$6*$A11)*Parametri!$B$2)*(1-Parametri!$B$3)+((Coefficienti!$B$7+Coefficienti!$B$8*G$2+Coefficienti!$B$9*$A11)+Coefficienti!$B$10)*(1-Parametri!$B$4))*(1+Parametri!$B$5)+FerrGriglia!G10+Coefficienti!$B$11*Parametri!$B$6,2)*(1+Parametri!$B$7),2) | H11: =ROUND(ROUND((((Coefficienti!$B$1+Coefficienti!$B$2*H$2+Coefficienti!$B$3*$A11)*Parametri!$B$1+(Coefficienti!$B$4+Coefficienti!$B$5*H$2+Coefficienti!$B$6*$A11)*Parametri!$B$2)*(1-Parametri!$B$3)+((Coefficienti!$B$7+Coefficienti!$B$8*H$2+Coefficienti!$B$9*$A11)+Coefficienti!$B$10)*(1-Parametri!$B$4))*(1+Parametri!$B$5)+FerrGriglia!H10+Coefficienti!$B$11*Parametri!$B$6,2)*(1+Parametri!$B$7),2) | I11: =ROUND(ROUND((((Coefficienti!$B$1+Coefficienti!$B$2*I$2+Coefficienti!$B$3*$A11)*Parametri!$B$1+(Coefficienti!$B$4+Coefficienti!$B$5*I$2+Coefficienti!$B$6*$A11)*Parametri!$B$2)*(1-Parametri!$B$3)+((Coefficienti!$B$7+Coefficienti!$B$8*I$2+Coefficienti!$B$9*$A11)+Coefficienti!$B$10)*(1-Parametri!$B$4))*(1+Parametri!$B$5)+FerrGriglia!I10+Coefficienti!$B$11*Parametri!$B$6,2)*(1+Parametri!$B$7),2)
A12: 1400 | B12: =ROUND(ROUND((((Coefficienti!$B$1+Coefficienti!$B$2*B$2+Coefficienti!$B$3*$A12)*Parametri!$B$1+(Coefficienti!$B$4+Coefficienti!$B$5*B$2+Coefficienti!$B$6*$A12)*Parametri!$B$2)*(1-Parametri!$B$3)+((Coefficienti!$B$7+Coefficienti!$B$8*B$2+Coefficienti!$B$9*$A12)+Coefficienti!$B$10)*(1-Parametri!$B$4))*(1+Parametri!$B$5)+FerrGriglia!B11+Coefficienti!$B$11*Parametri!$B$6,2)*(1+Parametri!$B$7),2) | C12: =ROUND(ROUND((((Coefficienti!$B$1+Coefficienti!$B$2*C$2+Coefficienti!$B$3*$A12)*Parametri!$B$1+(Coefficienti!$B$4+Coefficienti!$B$5*C$2+Coefficienti!$B$6*$A12)*Parametri!$B$2)*(1-Parametri!$B$3)+((Coefficienti!$B$7+Coefficienti!$B$8*C$2+Coefficienti!$B$9*$A12)+Coefficienti!$B$10)*(1-Parametri!$B$4))*(1+Parametri!$B$5)+FerrGriglia!C11+Coefficienti!$B$11*Parametri!$B$6,2)*(1+Parametri!$B$7),2) | D12: =ROUND(ROUND((((Coefficienti!$B$1+Coefficienti!$B$2*D$2+Coefficienti!$B$3*$A12)*Parametri!$B$1+(Coefficienti!$B$4+Coefficienti!$B$5*D$2+Coefficienti!$B$6*$A12)*Parametri!$B$2)*(1-Parametri!$B$3)+((Coefficienti!$B$7+Coefficienti!$B$8*D$2+Coefficienti!$B$9*$A12)+Coefficienti!$B$10)*(1-Parametri!$B$4))*(1+Parametri!$B$5)+FerrGriglia!D11+Coefficienti!$B$11*Parametri!$B$6,2)*(1+Parametri!$B$7),2) | E12: =ROUND(ROUND((((Coefficienti!$B$1+Coefficienti!$B$2*E$2+Coefficienti!$B$3*$A12)*Parametri!$B$1+(Coefficienti!$B$4+Coefficienti!$B$5*E$2+Coefficienti!$B$6*$A12)*Parametri!$B$2)*(1-Parametri!$B$3)+((Coefficienti!$B$7+Coefficienti!$B$8*E$2+Coefficienti!$B$9*$A12)+Coefficienti!$B$10)*(1-Parametri!$B$4))*(1+Parametri!$B$5)+FerrGriglia!E11+Coefficienti!$B$11*Parametri!$B$6,2)*(1+Parametri!$B$7),2) | F12: =ROUND(ROUND((((Coefficienti!$B$1+Coefficienti!$B$2*F$2+Coefficienti!$B$3*$A12)*Parametri!$B$1+(Coefficienti!$B$4+Coefficienti!$B$5*F$2+Coefficienti!$B$6*$A12)*Parametri!$B$2)*(1-Parametri!$B$3)+((Coefficienti!$B$7+Coefficienti!$B$8*F$2+Coefficienti!$B$9*$A12)+Coefficienti!$B$10)*(1-Parametri!$B$4))*(1+Parametri!$B$5)+FerrGriglia!F11+Coefficienti!$B$11*Parametri!$B$6,2)*(1+Parametri!$B$7),2) | G12: =ROUND(ROUND((((Coefficienti!$B$1+Coefficienti!$B$2*G$2+Coefficienti!$B$3*$A12)*Parametri!$B$1+(Coefficienti!$B$4+Coefficienti!$B$5*G$2+Coefficienti!$B$6*$A12)*Parametri!$B$2)*(1-Parametri!$B$3)+((Coefficienti!$B$7+Coefficienti!$B$8*G$2+Coefficienti!$B$9*$A12)+Coefficienti!$B$10)*(1-Parametri!$B$4))*(1+Parametri!$B$5)+FerrGriglia!G11+Coefficienti!$B$11*Parametri!$B$6,2)*(1+Parametri!$B$7),2) | H12: =ROUND(ROUND((((Coefficienti!$B$1+Coefficienti!$B$2*H$2+Coefficienti!$B$3*$A12)*Parametri!$B$1+(Coefficienti!$B$4+Coefficienti!$B$5*H$2+Coefficienti!$B$6*$A12)*Parametri!$B$2)*(1-Parametri!$B$3)+((Coefficienti!$B$7+Coefficienti!$B$8*H$2+Coefficienti!$B$9*$A12)+Coefficienti!$B$10)*(1-Parametri!$B$4))*(1+Parametri!$B$5)+FerrGriglia!H11+Coefficienti!$B$11*Parametri!$B$6,2)*(1+Parametri!$B$7),2) | I12: =ROUND(ROUND((((Coefficienti!$B$1+Coefficienti!$B$2*I$2+Coefficienti!$B$3*$A12)*Parametri!$B$1+(Coefficienti!$B$4+Coefficienti!$B$5*I$2+Coefficienti!$B$6*$A12)*Parametri!$B$2)*(1-Parametri!$B$3)+((Coefficienti!$B$7+Coefficienti!$B$8*I$2+Coefficienti!$B$9*$A12)+Coefficienti!$B$10)*(1-Parametri!$B$4))*(1+Parametri!$B$5)+FerrGriglia!I11+Coefficienti!$B$11*Parametri!$B$6,2)*(1+Parametri!$B$7),2)
A13: 1500 | B13: =ROUND(ROUND((((Coefficienti!$B$1+Coefficienti!$B$2*B$2+Coefficienti!$B$3*$A13)*Parametri!$B$1+(Coefficienti!$B$4+Coefficienti!$B$5*B$2+Coefficienti!$B$6*$A13)*Parametri!$B$2)*(1-Parametri!$B$3)+((Coefficienti!$B$7+Coefficienti!$B$8*B$2+Coefficienti!$B$9*$A13)+Coefficienti!$B$10)*(1-Parametri!$B$4))*(1+Parametri!$B$5)+FerrGriglia!B12+Coefficienti!$B$11*Parametri!$B$6,2)*(1+Parametri!$B$7),2) | C13: =ROUND(ROUND((((Coefficienti!$B$1+Coefficienti!$B$2*C$2+Coefficienti!$B$3*$A13)*Parametri!$B$1+(Coefficienti!$B$4+Coefficienti!$B$5*C$2+Coefficienti!$B$6*$A13)*Parametri!$B$2)*(1-Parametri!$B$3)+((Coefficienti!$B$7+Coefficienti!$B$8*C$2+Coefficienti!$B$9*$A13)+Coefficienti!$B$10)*(1-Parametri!$B$4))*(1+Parametri!$B$5)+FerrGriglia!C12+Coefficienti!$B$11*Parametri!$B$6,2)*(1+Parametri!$B$7),2) | D13: =ROUND(ROUND((((Coefficienti!$B$1+Coefficienti!$B$2*D$2+Coefficienti!$B$3*$A13)*Parametri!$B$1+(Coefficienti!$B$4+Coefficienti!$B$5*D$2+Coefficienti!$B$6*$A13)*Parametri!$B$2)*(1-Parametri!$B$3)+((Coefficienti!$B$7+Coefficienti!$B$8*D$2+Coefficienti!$B$9*$A13)+Coefficienti!$B$10)*(1-Parametri!$B$4))*(1+Parametri!$B$5)+FerrGriglia!D12+Coefficienti!$B$11*Parametri!$B$6,2)*(1+Parametri!$B$7),2) | E13: =ROUND(ROUND((((Coefficienti!$B$1+Coefficienti!$B$2*E$2+Coefficienti!$B$3*$A13)*Parametri!$B$1+(Coefficienti!$B$4+Coefficienti!$B$5*E$2+Coefficienti!$B$6*$A13)*Parametri!$B$2)*(1-Parametri!$B$3)+((Coefficienti!$B$7+Coefficienti!$B$8*E$2+Coefficienti!$B$9*$A13)+Coefficienti!$B$10)*(1-Parametri!$B$4))*(1+Parametri!$B$5)+FerrGriglia!E12+Coefficienti!$B$11*Parametri!$B$6,2)*(1+Parametri!$B$7),2) | F13: =ROUND(ROUND((((Coefficienti!$B$1+Coefficienti!$B$2*F$2+Coefficienti!$B$3*$A13)*Parametri!$B$1+(Coefficienti!$B$4+Coefficienti!$B$5*F$2+Coefficienti!$B$6*$A13)*Parametri!$B$2)*(1-Parametri!$B$3)+((Coefficienti!$B$7+Coefficienti!$B$8*F$2+Coefficienti!$B$9*$A13)+Coefficienti!$B$10)*(1-Parametri!$B$4))*(1+Parametri!$B$5)+FerrGriglia!F12+Coefficienti!$B$11*Parametri!$B$6,2)*(1+Parametri!$B$7),2) | G13: =ROUND(ROUND((((Coefficienti!$B$1+Coefficienti!$B$2*G$2+Coefficienti!$B$3*$A13)*Parametri!$B$1+(Coefficienti!$B$4+Coefficienti!$B$5*G$2+Coefficienti!$B$6*$A13)*Parametri!$B$2)*(1-Parametri!$B$3)+((Coefficienti!$B$7+Coefficienti!$B$8*G$2+Coefficienti!$B$9*$A13)+Coefficienti!$B$10)*(1-Parametri!$B$4))*(1+Parametri!$B$5)+FerrGriglia!G12+Coefficienti!$B$11*Parametri!$B$6,2)*(1+Parametri!$B$7),2) | H13: =ROUND(ROUND((((Coefficienti!$B$1+Coefficienti!$B$2*H$2+Coefficienti!$B$3*$A13)*Parametri!$B$1+(Coefficienti!$B$4+Coefficienti!$B$5*H$2+Coefficienti!$B$6*$A13)*Parametri!$B$2)*(1-Parametri!$B$3)+((Coefficienti!$B$7+Coefficienti!$B$8*H$2+Coefficienti!$B$9*$A13)+Coefficienti!$B$10)*(1-Parametri!$B$4))*(1+Parametri!$B$5)+FerrGriglia!H12+Coefficienti!$B$11*Parametri!$B$6,2)*(1+Parametri!$B$7),2) | I13: =ROUND(ROUND((((Coefficienti!$B$1+Coefficienti!$B$2*I$2+Coefficienti!$B$3*$A13)*Parametri!$B$1+(Coefficienti!$B$4+Coefficienti!$B$5*I$2+Coefficienti!$B$6*$A13)*Parametri!$B$2)*(1-Parametri!$B$3)+((Coefficienti!$B$7+Coefficienti!$B$8*I$2+Coefficienti!$B$9*$A13)+Coefficienti!$B$10)*(1-Parametri!$B$4))*(1+Parametri!$B$5)+FerrGriglia!I12+Coefficienti!$B$11*Parametri!$B$6,2)*(1+Parametri!$B$7),2)
A14: 1600 | B14: =ROUND(ROUND((((Coefficienti!$B$1+Coefficienti!$B$2*B$2+Coefficienti!$B$3*$A14)*Parametri!$B$1+(Coefficienti!$B$4+Coefficienti!$B$5*B$2+Coefficienti!$B$6*$A14)*Parametri!$B$2)*(1-Parametri!$B$3)+((Coefficienti!$B$7+Coefficienti!$B$8*B$2+Coefficienti!$B$9*$A14)+Coefficienti!$B$10)*(1-Parametri!$B$4))*(1+Parametri!$B$5)+FerrGriglia!B13+Coefficienti!$B$11*Parametri!$B$6,2)*(1+Parametri!$B$7),2) | C14: =ROUND(ROUND((((Coefficienti!$B$1+Coefficienti!$B$2*C$2+Coefficienti!$B$3*$A14)*Parametri!$B$1+(Coefficienti!$B$4+Coefficienti!$B$5*C$2+Coefficienti!$B$6*$A14)*Parametri!$B$2)*(1-Parametri!$B$3)+((Coefficienti!$B$7+Coefficienti!$B$8*C$2+Coefficienti!$B$9*$A14)+Coefficienti!$B$10)*(1-Parametri!$B$4))*(1+Parametri!$B$5)+FerrGriglia!C13+Coefficienti!$B$11*Parametri!$B$6,2)*(1+Parametri!$B$7),2) | D14: =ROUND(ROUND((((Coefficienti!$B$1+Coefficienti!$B$2*D$2+Coefficienti!$B$3*$A14)*Parametri!$B$1+(Coefficienti!$B$4+Coefficienti!$B$5*D$2+Coefficienti!$B$6*$A14)*Parametri!$B$2)*(1-Parametri!$B$3)+((Coefficienti!$B$7+Coefficienti!$B$8*D$2+Coefficienti!$B$9*$A14)+Coefficienti!$B$10)*(1-Parametri!$B$4))*(1+Parametri!$B$5)+FerrGriglia!D13+Coefficienti!$B$11*Parametri!$B$6,2)*(1+Parametri!$B$7),2) | E14: =ROUND(ROUND((((Coefficienti!$B$1+Coefficienti!$B$2*E$2+Coefficienti!$B$3*$A14)*Parametri!$B$1+(Coefficienti!$B$4+Coefficienti!$B$5*E$2+Coefficienti!$B$6*$A14)*Parametri!$B$2)*(1-Parametri!$B$3)+((Coefficienti!$B$7+Coefficienti!$B$8*E$2+Coefficienti!$B$9*$A14)+Coefficienti!$B$10)*(1-Parametri!$B$4))*(1+Parametri!$B$5)+FerrGriglia!E13+Coefficienti!$B$11*Parametri!$B$6,2)*(1+Parametri!$B$7),2) | F14: =ROUND(ROUND((((Coefficienti!$B$1+Coefficienti!$B$2*F$2+Coefficienti!$B$3*$A14)*Parametri!$B$1+(Coefficienti!$B$4+Coefficienti!$B$5*F$2+Coefficienti!$B$6*$A14)*Parametri!$B$2)*(1-Parametri!$B$3)+((Coefficienti!$B$7+Coefficienti!$B$8*F$2+Coefficienti!$B$9*$A14)+Coefficienti!$B$10)*(1-Parametri!$B$4))*(1+Parametri!$B$5)+FerrGriglia!F13+Coefficienti!$B$11*Parametri!$B$6,2)*(1+Parametri!$B$7),2) | G14: =ROUND(ROUND((((Coefficienti!$B$1+Coefficienti!$B$2*G$2+Coefficienti!$B$3*$A14)*Parametri!$B$1+(Coefficienti!$B$4+Coefficienti!$B$5*G$2+Coefficienti!$B$6*$A14)*Parametri!$B$2)*(1-Parametri!$B$3)+((Coefficienti!$B$7+Coefficienti!$B$8*G$2+Coefficienti!$B$9*$A14)+Coefficienti!$B$10)*(1-Parametri!$B$4))*(1+Parametri!$B$5)+FerrGriglia!G13+Coefficienti!$B$11*Parametri!$B$6,2)*(1+Parametri!$B$7),2) | H14: =ROUND(ROUND((((Coefficienti!$B$1+Coefficienti!$B$2*H$2+Coefficienti!$B$3*$A14)*Parametri!$B$1+(Coefficienti!$B$4+Coefficienti!$B$5*H$2+Coefficienti!$B$6*$A14)*Parametri!$B$2)*(1-Parametri!$B$3)+((Coefficienti!$B$7+Coefficienti!$B$8*H$2+Coefficienti!$B$9*$A14)+Coefficienti!$B$10)*(1-Parametri!$B$4))*(1+Parametri!$B$5)+FerrGriglia!H13+Coefficienti!$B$11*Parametri!$B$6,2)*(1+Parametri!$B$7),2) | I14: =ROUND(ROUND((((Coefficienti!$B$1+Coefficienti!$B$2*I$2+Coefficienti!$B$3*$A14)*Parametri!$B$1+(Coefficienti!$B$4+Coefficienti!$B$5*I$2+Coefficienti!$B$6*$A14)*Parametri!$B$2)*(1-Parametri!$B$3)+((Coefficienti!$B$7+Coefficienti!$B$8*I$2+Coefficienti!$B$9*$A14)+Coefficienti!$B$10)*(1-Parametri!$B$4))*(1+Parametri!$B$5)+FerrGriglia!I13+Coefficienti!$B$11*Parametri!$B$6,2)*(1+Parametri!$B$7),2)
... A18: 2000 | B18: =ROUND(ROUND((((Coefficienti!$B$1+Coefficienti!$B$2*B$2+Coefficienti!$B$3*$A18)*Parametri!$B$1+(Coefficienti!$B$4+Coefficienti!$B$5*B$2+Coefficienti!$B$6*$A18)*Parametri!$B$2)*(1-Parametri!$B$3)+((Coefficienti!$B$7+Coefficienti!$B$8*B$2+Coefficienti!$B$9*$A18)+Coefficienti!$B$10)*(1-Parametri!$B$4))*(1+Parametri!$B$5)+FerrGriglia!B17+Coefficienti!$B$11*Parametri!$B$6,2)*(1+Parametri!$B$7),2) | C18: =ROUND(ROUND((((Coefficienti!$B$1+Coefficienti!$B$2*C$2+Coefficienti!$B$3*$A18)*Parametri!$B$1+(Coefficienti!$B$4+Coefficienti!$B$5*C$2+Coefficienti!$B$6*$A18)*Parametri!$B$2)*(1-Parametri!$B$3)+((Coefficienti!$B$7+Coefficienti!$B$8*C$2+Coefficienti!$B$9*$A18)+Coefficienti!$B$10)*(1-Parametri!$B$4))*(1+Parametri!$B$5)+FerrGriglia!C17+Coefficienti!$B$11*Parametri!$B$6,2)*(1+Parametri!$B$7),2) | D18: =ROUND(ROUND((((Coefficienti!$B$1+Coefficienti!$B$2*D$2+Coefficienti!$B$3*$A18)*Parametri!$B$1+(Coefficienti!$B$4+Coefficienti!$B$5*D$2+Coefficienti!$B$6*$A18)*Parametri!$B$2)*(1-Parametri!$B$3)+((Coefficienti!$B$7+Coefficienti!$B$8*D$2+Coefficienti!$B$9*$A18)+Coefficienti!$B$10)*(1-Parametri!$B$4))*(1+Parametri!$B$5)+FerrGriglia!D17+Coefficienti!$B$11*Parametri!$B$6,2)*(1+Parametri!$B$7),2) | E18: =ROUND(ROUND((((Coefficienti!$B$1+Coefficienti!$B$2*E$2+Coefficienti!$B$3*$A18)*Parametri!$B$1+(Coefficienti!$B$4+Coefficienti!$B$5*E$2+Coefficienti!$B$6*$A18)*Parametri!$B$2)*(1-Parametri!$B$3)+((Coefficienti!$B$7+Coefficienti!$B$8*E$2+Coefficienti!$B$9*$A18)+Coefficienti!$B$10)*(1-Parametri!$B$4))*(1+Parametri!$B$5)+FerrGriglia!E17+Coefficienti!$B$11*Parametri!$B$6,2)*(1+Parametri!$B$7),2) | F18: =ROUND(ROUND((((Coefficienti!$B$1+Coefficienti!$B$2*F$2+Coefficienti!$B$3*$A18)*Parametri!$B$1+(Coefficienti!$B$4+Coefficienti!$B$5*F$2+Coefficienti!$B$6*$A18)*Parametri!$B$2)*(1-Parametri!$B$3)+((Coefficienti!$B$7+Coefficienti!$B$8*F$2+Coefficienti!$B$9*$A18)+Coefficienti!$B$10)*(1-Parametri!$B$4))*(1+Parametri!$B$5)+FerrGriglia!F17+Coefficienti!$B$11*Parametri!$B$6,2)*(1+Parametri!$B$7),2) | G18: =ROUND(ROUND((((Coefficienti!$B$1+Coefficienti!$B$2*G$2+Coefficienti!$B$3*$A18)*Parametri!$B$1+(Coefficienti!$B$4+Coefficienti!$B$5*G$2+Coefficienti!$B$6*$A18)*Parametri!$B$2)*(1-Parametri!$B$3)+((Coefficienti!$B$7+Coefficienti!$B$8*G$2+Coefficienti!$B$9*$A18)+Coefficienti!$B$10)*(1-Parametri!$B$4))*(1+Parametri!$B$5)+FerrGriglia!G17+Coefficienti!$B$11*Parametri!$B$6,2)*(1+Parametri!$B$7),2) | H18: =ROUND(ROUND((((Coefficienti!$B$1+Coefficienti!$B$2*H$2+Coefficienti!$B$3*$A18)*Parametri!$B$1+(Coefficienti!$B$4+Coefficienti!$B$5*H$2+Coefficienti!$B$6*$A18)*Parametri!$B$2)*(1-Parametri!$B$3)+((Coefficienti!$B$7+Coefficienti!$B$8*H$2+Coefficienti!$B$9*$A18)+Coefficienti!$B$10)*(1-Parametri!$B$4))*(1+Parametri!$B$5)+FerrGriglia!H17+Coefficienti!$B$11*Parametri!$B$6,2)*(1+Parametri!$B$7),2) | I18: =ROUND(ROUND((((Coefficienti!$B$1+Coefficienti!$B$2*I$2+Coefficienti!$B$3*$A18)*Parametri!$B$1+(Coefficienti!$B$4+Coefficienti!$B$5*I$2+Coefficienti!$B$6*$A18)*Parametri!$B$2)*(1-Parametri!$B$3)+((Coefficienti!$B$7+Coefficienti!$B$8*I$2+Coefficienti!$B$9*$A18)+Coefficienti!$B$10)*(1-Parametri!$B$4))*(1+Parametri!$B$5)+FerrGriglia!I17+Coefficienti!$B$11*Parametri!$B$6,2)*(1+Parametri!$B$7),2)
A21: COSTO SERRAMENTO (materiale scontato + sfrido + manodopera)
A22: H/L | B22: 500 | C22: 600 | D22: 700 | E22: 800 | F22: 900 | G22: 1000 | H22: 1100 | I22: 1200
A23: 500 | B23: =ROUND((((Coefficienti!$B$1+Coefficienti!$B$2*B$22+Coefficienti!$B$3*$A23)*Parametri!$B$1+(Coefficienti!$B$4+Coefficienti!$B$5*B$22+Coefficienti!$B$6*$A23)*Parametri!$B$2)*(1-Parametri!$B$3)+((Coefficienti!$B$7+Coefficienti!$B$8*B$22+Coefficienti!$B$9*$A23)+Coefficienti!$B$10)*(1-Parametri!$B$4))*(1+Parametri!$B$5)+FerrGriglia!B2+Coefficienti!$B$11*Parametri!$B$6,2) | C23: =ROUND((((Coefficienti!$B$1+Coefficienti!$B$2*C$22+Coefficienti!$B$3*$A23)*Parametri!$B$1+(Coefficienti!$B$4+Coefficienti!$B$5*C$22+Coefficienti!$B$6*$A23)*Parametri!$B$2)*(1-Parametri!$B$3)+((Coefficienti!$B$7+Coefficienti!$B$8*C$22+Coefficienti!$B$9*$A23)+Coefficienti!$B$10)*(1-Parametri!$B$4))*(1+Parametri!$B$5)+FerrGriglia!C2+Coefficienti!$B$11*Parametri!$B$6,2) | D23: =ROUND((((Coefficienti!$B$1+Coefficienti!$B$2*D$22+Coefficienti!$B$3*$A23)*Parametri!$B$1+(Coefficienti!$B$4+Coefficienti!$B$5*D$22+Coefficienti!$B$6*$A23)*Parametri!$B$2)*(1-Parametri!$B$3)+((Coefficienti!$B$7+Coefficienti!$B$8*D$22+Coefficienti!$B$9*$A23)+Coefficienti!$B$10)*(1-Parametri!$B$4))*(1+Parametri!$B$5)+FerrGriglia!D2+Coefficienti!$B$11*Parametri!$B$6,2) | E23: =ROUND((((Coefficienti!$B$1+Coefficienti!$B$2*E$22+Coefficienti!$B$3*$A23)*Parametri!$B$1+(Coefficienti!$B$4+Coefficienti!$B$5*E$22+Coefficienti!$B$6*$A23)*Parametri!$B$2)*(1-Parametri!$B$3)+((Coefficienti!$B$7+Coefficienti!$B$8*E$22+Coefficienti!$B$9*$A23)+Coefficienti!$B$10)*(1-Parametri!$B$4))*(1+Parametri!$B$5)+FerrGriglia!E2+Coefficienti!$B$11*Parametri!$B$6,2) | F23: =ROUND((((Coefficienti!$B$1+Coefficienti!$B$2*F$22+Coefficienti!$B$3*$A23)*Parametri!$B$1+(Coefficienti!$B$4+Coefficienti!$B$5*F$22+Coefficienti!$B$6*$A23)*Parametri!$B$2)*(1-Parametri!$B$3)+((Coefficienti!$B$7+Coefficienti!$B$8*F$22+Coefficienti!$B$9*$A23)+Coefficienti!$B$10)*(1-Parametri!$B$4))*(1+Parametri!$B$5)+FerrGriglia!F2+Coefficienti!$B$11*Parametri!$B$6,2) | G23: =ROUND((((Coefficienti!$B$1+Coefficienti!$B$2*G$22+Coefficienti!$B$3*$A23)*Parametri!$B$1+(Coefficienti!$B$4+Coefficienti!$B$5*G$22+Coefficienti!$B$6*$A23)*Parametri!$B$2)*(1-Parametri!$B$3)+((Coefficienti!$B$7+Coefficienti!$B$8*G$22+Coefficienti!$B$9*$A23)+Coefficienti!$B$10)*(1-Parametri!$B$4))*(1+Parametri!$B$5)+FerrGriglia!G2+Coefficienti!$B$11*Parametri!$B$6,2) | H23: =ROUND((((Coefficienti!$B$1+Coefficienti!$B$2*H$22+Coefficienti!$B$3*$A23)*Parametri!$B$1+(Coefficienti!$B$4+Coefficienti!$B$5*H$22+Coefficienti!$B$6*$A23)*Parametri!$B$2)*(1-Parametri!$B$3)+((Coefficienti!$B$7+Coefficienti!$B$8*H$22+Coefficienti!$B$9*$A23)+Coefficienti!$B$10)*(1-Parametri!$B$4))*(1+Parametri!$B$5)+FerrGriglia!H2+Coefficienti!$B$11*Parametri!$B$6,2) | I23: =ROUND((((Coefficienti!$B$1+Coefficienti!$B$2*I$22+Coefficienti!$B$3*$A23)*Parametri!$B$1+(Coefficienti!$B$4+Coefficienti!$B$5*I$22+Coefficienti!$B$6*$A23)*Parametri!$B$2)*(1-Parametri!$B$3)+((Coefficienti!$B$7+Coefficienti!$B$8*I$22+Coefficienti!$B$9*$A23)+Coefficienti!$B$10)*(1-Parametri!$B$4))*(1+Parametri!$B$5)+FerrGriglia!I2+Coefficienti!$B$11*Parametri!$B$6,2)
A24: 600 | B24: =ROUND((((Coefficienti!$B$1+Coefficienti!$B$2*B$22+Coefficienti!$B$3*$A24)*Parametri!$B$1+(Coefficienti!$B$4+Coefficienti!$B$5*B$22+Coefficienti!$B$6*$A24)*Parametri!$B$2)*(1-Parametri!$B$3)+((Coefficienti!$B$7+Coefficienti!$B$8*B$22+Coefficienti!$B$9*$A24)+Coefficienti!$B$10)*(1-Parametri!$B$4))*(1+Parametri!$B$5)+FerrGriglia!B3+Coefficienti!$B$11*Parametri!$B$6,2) | C24: =ROUND((((Coefficienti!$B$1+Coefficienti!$B$2*C$22+Coefficienti!$B$3*$A24)*Parametri!$B$1+(Coefficienti!$B$4+Coefficienti!$B$5*C$22+Coefficienti!$B$6*$A24)*Parametri!$B$2)*(1-Parametri!$B$3)+((Coefficienti!$B$7+Coefficienti!$B$8*C$22+Coefficienti!$B$9*$A24)+Coefficienti!$B$10)*(1-Parametri!$B$4))*(1+Parametri!$B$5)+FerrGriglia!C3+Coefficienti!$B$11*Parametri!$B$6,2) | D24: =ROUND((((Coefficienti!$B$1+Coefficienti!$B$2*D$22+Coefficienti!$B$3*$A24)*Parametri!$B$1+(Coefficienti!$B$4+Coefficienti!$B$5*D$22+Coefficienti!$B$6*$A24)*Parametri!$B$2)*(1-Parametri!$B$3)+((Coefficienti!$B$7+Coefficienti!$B$8*D$22+Coefficienti!$B$9*$A24)+Coefficienti!$B$10)*(1-Parametri!$B$4))*(1+Parametri!$B$5)+FerrGriglia!D3+Coefficienti!$B$11*Parametri!$B$6,2) | E24: =ROUND((((Coefficienti!$B$1+Coefficienti!$B$2*E$22+Coefficienti!$B$3*$A24)*Parametri!$B$1+(Coefficienti!$B$4+Coefficienti!$B$5*E$22+Coefficienti!$B$6*$A24)*Parametri!$B$2)*(1-Parametri!$B$3)+((Coefficienti!$B$7+Coefficienti!$B$8*E$22+Coefficienti!$B$9*$A24)+Coefficienti!$B$10)*(1-Parametri!$B$4))*(1+Parametri!$B$5)+FerrGriglia!E3+Coefficienti!$B$11*Parametri!$B$6,2) | F24: =ROUND((((Coefficienti!$B$1+Coefficienti!$B$2*F$22+Coefficienti!$B$3*$A24)*Parametri!$B$1+(Coefficienti!$B$4+Coefficienti!$B$5*F$22+Coefficienti!$B$6*$A24)*Parametri!$B$2)*(1-Parametri!$B$3)+((Coefficienti!$B$7+Coefficienti!$B$8*F$22+Coefficienti!$B$9*$A24)+Coefficienti!$B$10)*(1-Parametri!$B$4))*(1+Parametri!$B$5)+FerrGriglia!F3+Coefficienti!$B$11*Parametri!$B$6,2) | G24: =ROUND((((Coefficienti!$B$1+Coefficienti!$B$2*G$22+Coefficienti!$B$3*$A24)*Parametri!$B$1+(Coefficienti!$B$4+Coefficienti!$B$5*G$22+Coefficienti!$B$6*$A24)*Parametri!$B$2)*(1-Parametri!$B$3)+((Coefficienti!$B$7+Coefficienti!$B$8*G$22+Coefficienti!$B$9*$A24)+Coefficienti!$B$10)*(1-Parametri!$B$4))*(1+Parametri!$B$5)+FerrGriglia!G3+Coefficienti!$B$11*Parametri!$B$6,2) | H24: =ROUND((((Coefficienti!$B$1+Coefficienti!$B$2*H$22+Coefficienti!$B$3*$A24)*Parametri!$B$1+(Coefficienti!$B$4+Coefficienti!$B$5*H$22+Coefficienti!$B$6*$A24)*Parametri!$B$2)*(1-Parametri!$B$3)+((Coefficienti!$B$7+Coefficienti!$B$8*H$22+Coefficienti!$B$9*$A24)+Coefficienti!$B$10)*(1-Parametri!$B$4))*(1+Parametri!$B$5)+FerrGriglia!H3+Coefficienti!$B$11*Parametri!$B$6,2) | I24: =ROUND((((Coefficienti!$B$1+Coefficienti!$B$2*I$22+Coefficienti!$B$3*$A24)*Parametri!$B$1+(Coefficienti!$B$4+Coefficienti!$B$5*I$22+Coefficienti!$B$6*$A24)*Parametri!$B$2)*(1-Parametri!$B$3)+((Coefficienti!$B$7+Coefficienti!$B$8*I$22+Coefficienti!$B$9*$A24)+Coefficienti!$B$10)*(1-Parametri!$B$4))*(1+Parametri!$B$5)+FerrGriglia!I3+Coefficienti!$B$11*Parametri!$B$6,2)
A25: 700 | B25: =ROUND((((Coefficienti!$B$1+Coefficienti!$B$2*B$22+Coefficienti!$B$3*$A25)*Parametri!$B$1+(Coefficienti!$B$4+Coefficienti!$B$5*B$22+Coefficienti!$B$6*$A25)*Parametri!$B$2)*(1-Parametri!$B$3)+((Coefficienti!$B$7+Coefficienti!$B$8*B$22+Coefficienti!$B$9*$A25)+Coefficienti!$B$10)*(1-Parametri!$B$4))*(1+Parametri!$B$5)+FerrGriglia!B4+Coefficienti!$B$11*Parametri!$B$6,2) | C25: =ROUND((((Coefficienti!$B$1+Coefficienti!$B$2*C$22+Coefficienti!$B$3*$A25)*Parametri!$B$1+(Coefficienti!$B$4+Coefficienti!$B$5*C$22+Coefficienti!$B$6*$A25)*Parametri!$B$2)*(1-Parametri!$B$3)+((Coefficienti!$B$7+Coefficienti!$B$8*C$22+Coefficienti!$B$9*$A25)+Coefficienti!$B$10)*(1-Parametri!$B$4))*(1+Parametri!$B$5)+FerrGriglia!C4+Coefficienti!$B$11*Parametri!$B$6,2) | D25: =ROUND((((Coefficienti!$B$1+Coefficienti!$B$2*D$22+Coefficienti!$B$3*$A25)*Parametri!$B$1+(Coefficienti!$B$4+Coefficienti!$B$5*D$22+Coefficienti!$B$6*$A25)*Parametri!$B$2)*(1-Parametri!$B$3)+((Coefficienti!$B$7+Coefficienti!$B$8*D$22+Coefficienti!$B$9*$A25)+Coefficienti!$B$10)*(1-Parametri!$B$4))*(1+Parametri!$B$5)+FerrGriglia!D4+Coefficienti!$B$11*Parametri!$B$6,2) | E25: =ROUND((((Coefficienti!$B$1+Coefficienti!$B$2*E$22+Coefficienti!$B$3*$A25)*Parametri!$B$1+(Coefficienti!$B$4+Coefficienti!$B$5*E$22+Coefficienti!$B$6*$A25)*Parametri!$B$2)*(1-Parametri!$B$3)+((Coefficienti!$B$7+Coefficienti!$B$8*E$22+Coefficienti!$B$9*$A25)+Coefficienti!$B$10)*(1-Parametri!$B$4))*(1+Parametri!$B$5)+FerrGriglia!E4+Coefficienti!$B$11*Parametri!$B$6,2) | F25: =ROUND((((Coefficienti!$B$1+Coefficienti!$B$2*F$22+Coefficienti!$B$3*$A25)*Parametri!$B$1+(Coefficienti!$B$4+Coefficienti!$B$5*F$22+Coefficienti!$B$6*$A25)*Parametri!$B$2)*(1-Parametri!$B$3)+((Coefficienti!$B$7+Coefficienti!$B$8*F$22+Coefficienti!$B$9*$A25)+Coefficienti!$B$10)*(1-Parametri!$B$4))*(1+Parametri!$B$5)+FerrGriglia!F4+Coefficienti!$B$11*Parametri!$B$6,2) | G25: =ROUND((((Coefficienti!$B$1+Coefficienti!$B$2*G$22+Coefficienti!$B$3*$A25)*Parametri!$B$1+(Coefficienti!$B$4+Coefficienti!$B$5*G$22+Coefficienti!$B$6*$A25)*Parametri!$B$2)*(1-Parametri!$B$3)+((Coefficienti!$B$7+Coefficienti!$B$8*G$22+Coefficienti!$B$9*$A25)+Coefficienti!$B$10)*(1-Parametri!$B$4))*(1+Parametri!$B$5)+FerrGriglia!G4+Coefficienti!$B$11*Parametri!$B$6,2) | H25: =ROUND((((Coefficienti!$B$1+Coefficienti!$B$2*H$22+Coefficienti!$B$3*$A25)*Parametri!$B$1+(Coefficienti!$B$4+Coefficienti!$B$5*H$22+Coefficienti!$B$6*$A25)*Parametri!$B$2)*(1-Parametri!$B$3)+((Coefficienti!$B$7+Coefficienti!$B$8*H$22+Coefficienti!$B$9*$A25)+Coefficienti!$B$10)*(1-Parametri!$B$4))*(1+Parametri!$B$5)+FerrGriglia!H4+Coefficienti!$B$11*Parametri!$B$6,2) | I25: =ROUND((((Coefficienti!$B$1+Coefficienti!$B$2*I$22+Coefficienti!$B$3*$A25)*Parametri!$B$1+(Coefficienti!$B$4+Coefficienti!$B$5*I$22+Coefficienti!$B$6*$A25)*Parametri!$B$2)*(1-Parametri!$B$3)+((Coefficienti!$B$7+Coefficienti!$B$8*I$22+Coefficienti!$B$9*$A25)+Coefficienti!$B$10)*(1-Parametri!$B$4))*(1+Parametri!$B$5)+FerrGriglia!I4+Coefficienti!$B$11*Parametri!$B$6,2)
A26: 800 | B26: =ROUND((((Coefficienti!$B$1+Coefficienti!$B$2*B$22+Coefficienti!$B$3*$A26)*Parametri!$B$1+(Coefficienti!$B$4+Coefficienti!$B$5*B$22+Coefficienti!$B$6*$A26)*Parametri!$B$2)*(1-Parametri!$B$3)+((Coefficienti!$B$7+Coefficienti!$B$8*B$22+Coefficienti!$B$9*$A26)+Coefficienti!$B$10)*(1-Parametri!$B$4))*(1+Parametri!$B$5)+FerrGriglia!B5+Coefficienti!$B$11*Parametri!$B$6,2) | C26: =ROUND((((Coefficienti!$B$1+Coefficienti!$B$2*C$22+Coefficienti!$B$3*$A26)*Parametri!$B$1+(Coefficienti!$B$4+Coefficienti!$B$5*C$22+Coefficienti!$B$6*$A26)*Parametri!$B$2)*(1-Parametri!$B$3)+((Coefficienti!$B$7+Coefficienti!$B$8*C$22+Coefficienti!$B$9*$A26)+Coefficienti!$B$10)*(1-Parametri!$B$4))*(1+Parametri!$B$5)+FerrGriglia!C5+Coefficienti!$B$11*Parametri!$B$6,2) | D26: =ROUND((((Coefficienti!$B$1+Coefficienti!$B$2*D$22+Coefficienti!$B$3*$A26)*Parametri!$B$1+(Coefficienti!$B$4+Coefficienti!$B$5*D$22+Coefficienti!$B$6*$A26)*Parametri!$B$2)*(1-Parametri!$B$3)+((Coefficienti!$B$7+Coefficienti!$B$8*D$22+Coefficienti!$B$9*$A26)+Coefficienti!$B$10)*(1-Parametri!$B$4))*(1+Parametri!$B$5)+FerrGriglia!D5+Coefficienti!$B$11*Parametri!$B$6,2) | E26: =ROUND((((Coefficienti!$B$1+Coefficienti!$B$2*E$22+Coefficienti!$B$3*$A26)*Parametri!$B$1+(Coefficienti!$B$4+Coefficienti!$B$5*E$22+Coefficienti!$B$6*$A26)*Parametri!$B$2)*(1-Parametri!$B$3)+((Coefficienti!$B$7+Coefficienti!$B$8*E$22+Coefficienti!$B$9*$A26)+Coefficienti!$B$10)*(1-Parametri!$B$4))*(1+Parametri!$B$5)+FerrGriglia!E5+Coefficienti!$B$11*Parametri!$B$6,2) | F26: =ROUND((((Coefficienti!$B$1+Coefficienti!$B$2*F$22+Coefficienti!$B$3*$A26)*Parametri!$B$1+(Coefficienti!$B$4+Coefficienti!$B$5*F$22+Coefficienti!$B$6*$A26)*Parametri!$B$2)*(1-Parametri!$B$3)+((Coefficienti!$B$7+Coefficienti!$B$8*F$22+Coefficienti!$B$9*$A26)+Coefficienti!$B$10)*(1-Parametri!$B$4))*(1+Parametri!$B$5)+FerrGriglia!F5+Coefficienti!$B$11*Parametri!$B$6,2) | G26: =ROUND((((Coefficienti!$B$1+Coefficienti!$B$2*G$22+Coefficienti!$B$3*$A26)*Parametri!$B$1+(Coefficienti!$B$4+Coefficienti!$B$5*G$22+Coefficienti!$B$6*$A26)*Parametri!$B$2)*(1-Parametri!$B$3)+((Coefficienti!$B$7+Coefficienti!$B$8*G$22+Coefficienti!$B$9*$A26)+Coefficienti!$B$10)*(1-Parametri!$B$4))*(1+Parametri!$B$5)+FerrGriglia!G5+Coefficienti!$B$11*Parametri!$B$6,2) | H26: =ROUND((((Coefficienti!$B$1+Coefficienti!$B$2*H$22+Coefficienti!$B$3*$A26)*Parametri!$B$1+(Coefficienti!$B$4+Coefficienti!$B$5*H$22+Coefficienti!$B$6*$A26)*Parametri!$B$2)*(1-Parametri!$B$3)+((Coefficienti!$B$7+Coefficienti!$B$8*H$22+Coefficienti!$B$9*$A26)+Coefficienti!$B$10)*(1-Parametri!$B$4))*(1+Parametri!$B$5)+FerrGriglia!H5+Coefficienti!$B$11*Parametri!$B$6,2) | I26: =ROUND((((Coefficienti!$B$1+Coefficienti!$B$2*I$22+Coefficienti!$B$3*$A26)*Parametri!$B$1+(Coefficienti!$B$4+Coefficienti!$B$5*I$22+Coefficienti!$B$6*$A26)*Parametri!$B$2)*(1-Parametri!$B$3)+((Coefficienti!$B$7+Coefficienti!$B$8*I$22+Coefficienti!$B$9*$A26)+Coefficienti!$B$10)*(1-Parametri!$B$4))*(1+Parametri!$B$5)+FerrGriglia!I5+Coefficienti!$B$11*Parametri!$B$6,2)
A27: 900 | B27: =ROUND((((Coefficienti!$B$1+Coefficienti!$B$2*B$22+Coefficienti!$B$3*$A27)*Parametri!$B$1+(Coefficienti!$B$4+Coefficienti!$B$5*B$22+Coefficienti!$B$6*$A27)*Parametri!$B$2)*(1-Parametri!$B$3)+((Coefficienti!$B$7+Coefficienti!$B$8*B$22+Coefficienti!$B$9*$A27)+Coefficienti!$B$10)*(1-Parametri!$B$4))*(1+Parametri!$B$5)+FerrGriglia!B6+Coefficienti!$B$11*Parametri!$B$6,2) | C27: =ROUND((((Coefficienti!$B$1+Coefficienti!$B$2*C$22+Coefficienti!$B$3*$A27)*Parametri!$B$1+(Coefficienti!$B$4+Coefficienti!$B$5*C$22+Coefficienti!$B$6*$A27)*Parametri!$B$2)*(1-Parametri!$B$3)+((Coefficienti!$B$7+Coefficienti!$B$8*C$22+Coefficienti!$B$9*$A27)+Coefficienti!$B$10)*(1-Parametri!$B$4))*(1+Parametri!$B$5)+FerrGriglia!C6+Coefficienti!$B$11*Parametri!$B$6,2) | D27: =ROUND((((Coefficienti!$B$1+Coefficienti!$B$2*D$22+Coefficienti!$B$3*$A27)*Parametri!$B$1+(Coefficienti!$B$4+Coefficienti!$B$5*D$22+Coefficienti!$B$6*$A27)*Parametri!$B$2)*(1-Parametri!$B$3)+((Coefficienti!$B$7+Coefficienti!$B$8*D$22+Coefficienti!$B$9*$A27)+Coefficienti!$B$10)*(1-Parametri!$B$4))*(1+Parametri!$B$5)+FerrGriglia!D6+Coefficienti!$B$11*Parametri!$B$6,2) | E27: =ROUND((((Coefficienti!$B$1+Coefficienti!$B$2*E$22+Coefficienti!$B$3*$A27)*Parametri!$B$1+(Coefficienti!$B$4+Coefficienti!$B$5*E$22+Coefficienti!$B$6*$A27)*Parametri!$B$2)*(1-Parametri!$B$3)+((Coefficienti!$B$7+Coefficienti!$B$8*E$22+Coefficienti!$B$9*$A27)+Coefficienti!$B$10)*(1-Parametri!$B$4))*(1+Parametri!$B$5)+FerrGriglia!E6+Coefficienti!$B$11*Parametri!$B$6,2) | F27: =ROUND((((Coefficienti!$B$1+Coefficienti!$B$2*F$22+Coefficienti!$B$3*$A27)*Parametri!$B$1+(Coefficienti!$B$4+Coefficienti!$B$5*F$22+Coefficienti!$B$6*$A27)*Parametri!$B$2)*(1-Parametri!$B$3)+((Coefficienti!$B$7+Coefficienti!$B$8*F$22+Coefficienti!$B$9*$A27)+Coefficienti!$B$10)*(1-Parametri!$B$4))*(1+Parametri!$B$5)+FerrGriglia!F6+Coefficienti!$B$11*Parametri!$B$6,2) | G27: =ROUND((((Coefficienti!$B$1+Coefficienti!$B$2*G$22+Coefficienti!$B$3*$A27)*Parametri!$B$1+(Coefficienti!$B$4+Coefficienti!$B$5*G$22+Coefficienti!$B$6*$A27)*Parametri!$B$2)*(1-Parametri!$B$3)+((Coefficienti!$B$7+Coefficienti!$B$8*G$22+Coefficienti!$B$9*$A27)+Coefficienti!$B$10)*(1-Parametri!$B$4))*(1+Parametri!$B$5)+FerrGriglia!G6+Coefficienti!$B$11*Parametri!$B$6,2) | H27: =ROUND((((Coefficienti!$B$1+Coefficienti!$B$2*H$22+Coefficienti!$B$3*$A27)*Parametri!$B$1+(Coefficienti!$B$4+Coefficienti!$B$5*H$22+Coefficienti!$B$6*$A27)*Parametri!$B$2)*(1-Parametri!$B$3)+((Coefficienti!$B$7+Coefficienti!$B$8*H$22+Coefficienti!$B$9*$A27)+Coefficienti!$B$10)*(1-Parametri!$B$4))*(1+Parametri!$B$5)+FerrGriglia!H6+Coefficienti!$B$11*Parametri!$B$6,2) | I27: =ROUND((((Coefficienti!$B$1+Coefficienti!$B$2*I$22+Coefficienti!$B$3*$A27)*Parametri!$B$1+(Coefficienti!$B$4+Coefficienti!$B$5*I$22+Coefficienti!$B$6*$A27)*Parametri!$B$2)*(1-Parametri!$B$3)+((Coefficienti!$B$7+Coefficienti!$B$8*I$22+Coefficienti!$B$9*$A27)+Coefficienti!$B$10)*(1-Parametri!$B$4))*(1+Parametri!$B$5)+FerrGriglia!I6+Coefficienti!$B$11*Parametri!$B$6,2)
A28: 1000 | B28: =ROUND((((Coefficienti!$B$1+Coefficienti!$B$2*B$22+Coefficienti!$B$3*$A28)*Parametri!$B$1+(Coefficienti!$B$4+Coefficienti!$B$5*B$22+Coefficienti!$B$6*$A28)*Parametri!$B$2)*(1-Parametri!$B$3)+((Coefficienti!$B$7+Coefficienti!$B$8*B$22+Coefficienti!$B$9*$A28)+Coefficienti!$B$10)*(1-Parametri!$B$4))*(1+Parametri!$B$5)+FerrGriglia!B7+Coefficienti!$B$11*Parametri!$B$6,2) | C28: =ROUND((((Coefficienti!$B$1+Coefficienti!$B$2*C$22+Coefficienti!$B$3*$A28)*Parametri!$B$1+(Coefficienti!$B$4+Coefficienti!$B$5*C$22+Coefficienti!$B$6*$A28)*Parametri!$B$2)*(1-Parametri!$B$3)+((Coefficienti!$B$7+Coefficienti!$B$8*C$22+Coefficienti!$B$9*$A28)+Coefficienti!$B$10)*(1-Parametri!$B$4))*(1+Parametri!$B$5)+FerrGriglia!C7+Coefficienti!$B$11*Parametri!$B$6,2) | D28: =ROUND((((Coefficienti!$B$1+Coefficienti!$B$2*D$22+Coefficienti!$B$3*$A28)*Parametri!$B$1+(Coefficienti!$B$4+Coefficienti!$B$5*D$22+Coefficienti!$B$6*$A28)*Parametri!$B$2)*(1-Parametri!$B$3)+((Coefficienti!$B$7+Coefficienti!$B$8*D$22+Coefficienti!$B$9*$A28)+Coefficienti!$B$10)*(1-Parametri!$B$4))*(1+Parametri!$B$5)+FerrGriglia!D7+Coefficienti!$B$11*Parametri!$B$6,2) | E28: =ROUND((((Coefficienti!$B$1+Coefficienti!$B$2*E$22+Coefficienti!$B$3*$A28)*Parametri!$B$1+(Coefficienti!$B$4+Coefficienti!$B$5*E$22+Coefficienti!$B$6*$A28)*Parametri!$B$2)*(1-Parametri!$B$3)+((Coefficienti!$B$7+Coefficienti!$B$8*E$22+Coefficienti!$B$9*$A28)+Coefficienti!$B$10)*(1-Parametri!$B$4))*(1+Parametri!$B$5)+FerrGriglia!E7+Coefficienti!$B$11*Parametri!$B$6,2) | F28: =ROUND((((Coefficienti!$B$1+Coefficienti!$B$2*F$22+Coefficienti!$B$3*$A28)*Parametri!$B$1+(Coefficienti!$B$4+Coefficienti!$B$5*F$22+Coefficienti!$B$6*$A28)*Parametri!$B$2)*(1-Parametri!$B$3)+((Coefficienti!$B$7+Coefficienti!$B$8*F$22+Coefficienti!$B$9*$A28)+Coefficienti!$B$10)*(1-Parametri!$B$4))*(1+Parametri!$B$5)+FerrGriglia!F7+Coefficienti!$B$11*Parametri!$B$6,2) | G28: =ROUND((((Coefficienti!$B$1+Coefficienti!$B$2*G$22+Coefficienti!$B$3*$A28)*Parametri!$B$1+(Coefficienti!$B$4+Coefficienti!$B$5*G$22+Coefficienti!$B$6*$A28)*Parametri!$B$2)*(1-Parametri!$B$3)+((Coefficienti!$B$7+Coefficienti!$B$8*G$22+Coefficienti!$B$9*$A28)+Coefficienti!$B$10)*(1-Parametri!$B$4))*(1+Parametri!$B$5)+FerrGriglia!G7+Coefficienti!$B$11*Parametri!$B$6,2) | H28: =ROUND((((Coefficienti!$B$1+Coefficienti!$B$2*H$22+Coefficienti!$B$3*$A28)*Parametri!$B$1+(Coefficienti!$B$4+Coefficienti!$B$5*H$22+Coefficienti!$B$6*$A28)*Parametri!$B$2)*(1-Parametri!$B$3)+((Coefficienti!$B$7+Coefficienti!$B$8*H$22+Coefficienti!$B$9*$A28)+Coefficienti!$B$10)*(1-Parametri!$B$4))*(1+Parametri!$B$5)+FerrGriglia!H7+Coefficienti!$B$11*Parametri!$B$6,2) | I28: =ROUND((((Coefficienti!$B$1+Coefficienti!$B$2*I$22+Coefficienti!$B$3*$A28)*Parametri!$B$1+(Coefficienti!$B$4+Coefficienti!$B$5*I$22+Coefficienti!$B$6*$A28)*Parametri!$B$2)*(1-Parametri!$B$3)+((Coefficienti!$B$7+Coefficienti!$B$8*I$22+Coefficienti!$B$9*$A28)+Coefficienti!$B$10)*(1-Parametri!$B$4))*(1+Parametri!$B$5)+FerrGriglia!I7+Coefficienti!$B$11*Parametri!$B$6,2)
A29: 1100 | B29: =ROUND((((Coefficienti!$B$1+Coefficienti!$B$2*B$22+Coefficienti!$B$3*$A29)*Parametri!$B$1+(Coefficienti!$B$4+Coefficienti!$B$5*B$22+Coefficienti!$B$6*$A29)*Parametri!$B$2)*(1-Parametri!$B$3)+((Coefficienti!$B$7+Coefficienti!$B$8*B$22+Coefficienti!$B$9*$A29)+Coefficienti!$B$10)*(1-Parametri!$B$4))*(1+Parametri!$B$5)+FerrGriglia!B8+Coefficienti!$B$11*Parametri!$B$6,2) | C29: =ROUND((((Coefficienti!$B$1+Coefficienti!$B$2*C$22+Coefficienti!$B$3*$A29)*Parametri!$B$1+(Coefficienti!$B$4+Coefficienti!$B$5*C$22+Coefficienti!$B$6*$A29)*Parametri!$B$2)*(1-Parametri!$B$3)+((Coefficienti!$B$7+Coefficienti!$B$8*C$22+Coefficienti!$B$9*$A29)+Coefficienti!$B$10)*(1-Parametri!$B$4))*(1+Parametri!$B$5)+FerrGriglia!C8+Coefficienti!$B$11*Parametri!$B$6,2) | D29: =ROUND((((Coefficienti!$B$1+Coefficienti!$B$2*D$22+Coefficienti!$B$3*$A29)*Parametri!$B$1+(Coefficienti!$B$4+Coefficienti!$B$5*D$22+Coefficienti!$B$6*$A29)*Parametri!$B$2)*(1-Parametri!$B$3)+((Coefficienti!$B$7+Coefficienti!$B$8*D$22+Coefficienti!$B$9*$A29)+Coefficienti!$B$10)*(1-Parametri!$B$4))*(1+Parametri!$B$5)+FerrGriglia!D8+Coefficienti!$B$11*Parametri!$B$6,2) | E29: =ROUND((((Coefficienti!$B$1+Coefficienti!$B$2*E$22+Coefficienti!$B$3*$A29)*Parametri!$B$1+(Coefficienti!$B$4+Coefficienti!$B$5*E$22+Coefficienti!$B$6*$A29)*Parametri!$B$2)*(1-Parametri!$B$3)+((Coefficienti!$B$7+Coefficienti!$B$8*E$22+Coefficienti!$B$9*$A29)+Coefficienti!$B$10)*(1-Parametri!$B$4))*(1+Parametri!$B$5)+FerrGriglia!E8+Coefficienti!$B$11*Parametri!$B$6,2) | F29: =ROUND((((Coefficienti!$B$1+Coefficienti!$B$2*F$22+Coefficienti!$B$3*$A29)*Parametri!$B$1+(Coefficienti!$B$4+Coefficienti!$B$5*F$22+Coefficienti!$B$6*$A29)*Parametri!$B$2)*(1-Parametri!$B$3)+((Coefficienti!$B$7+Coefficienti!$B$8*F$22+Coefficienti!$B$9*$A29)+Coefficienti!$B$10)*(1-Parametri!$B$4))*(1+Parametri!$B$5)+FerrGriglia!F8+Coefficienti!$B$11*Parametri!$B$6,2) | G29: =ROUND((((Coefficienti!$B$1+Coefficienti!$B$2*G$22+Coefficienti!$B$3*$A29)*Parametri!$B$1+(Coefficienti!$B$4+Coefficienti!$B$5*G$22+Coefficienti!$B$6*$A29)*Parametri!$B$2)*(1-Parametri!$B$3)+((Coefficienti!$B$7+Coefficienti!$B$8*G$22+Coefficienti!$B$9*$A29)+Coefficienti!$B$10)*(1-Parametri!$B$4))*(1+Parametri!$B$5)+FerrGriglia!G8+Coefficienti!$B$11*Parametri!$B$6,2) | H29: =ROUND((((Coefficienti!$B$1+Coefficienti!$B$2*H$22+Coefficienti!$B$3*$A29)*Parametri!$B$1+(Coefficienti!$B$4+Coefficienti!$B$5*H$22+Coefficienti!$B$6*$A29)*Parametri!$B$2)*(1-Parametri!$B$3)+((Coefficienti!$B$7+Coefficienti!$B$8*H$22+Coefficienti!$B$9*$A29)+Coefficienti!$B$10)*(1-Parametri!$B$4))*(1+Parametri!$B$5)+FerrGriglia!H8+Coefficienti!$B$11*Parametri!$B$6,2) | I29: =ROUND((((Coefficienti!$B$1+Coefficienti!$B$2*I$22+Coefficienti!$B$3*$A29)*Parametri!$B$1+(Coefficienti!$B$4+Coefficienti!$B$5*I$22+Coefficienti!$B$6*$A29)*Parametri!$B$2)*(1-Parametri!$B$3)+((Coefficienti!$B$7+Coefficienti!$B$8*I$22+Coefficienti!$B$9*$A29)+Coefficienti!$B$10)*(1-Parametri!$B$4))*(1+Parametri!$B$5)+FerrGriglia!I8+Coefficienti!$B$11*Parametri!$B$6,2)
A30: 1200 | B30: =ROUND((((Coefficienti!$B$1+Coefficienti!$B$2*B$22+Coefficienti!$B$3*$A30)*Parametri!$B$1+(Coefficienti!$B$4+Coefficienti!$B$5*B$22+Coefficienti!$B$6*$A30)*Parametri!$B$2)*(1-Parametri!$B$3)+((Coefficienti!$B$7+Coefficienti!$B$8*B$22+Coefficienti!$B$9*$A30)+Coefficienti!$B$10)*(1-Parametri!$B$4))*(1+Parametri!$B$5)+FerrGriglia!B9+Coefficienti!$B$11*Parametri!$B$6,2) | C30: =ROUND((((Coefficienti!$B$1+Coefficienti!$B$2*C$22+Coefficienti!$B$3*$A30)*Parametri!$B$1+(Coefficienti!$B$4+Coefficienti!$B$5*C$22+Coefficienti!$B$6*$A30)*Parametri!$B$2)*(1-Parametri!$B$3)+((Coefficienti!$B$7+Coefficienti!$B$8*C$22+Coefficienti!$B$9*$A30)+Coefficienti!$B$10)*(1-Parametri!$B$4))*(1+Parametri!$B$5)+FerrGriglia!C9+Coefficienti!$B$11*Parametri!$B$6,2) | D30: =ROUND((((Coefficienti!$B$1+Coefficienti!$B$2*D$22+Coefficienti!$B$3*$A30)*Parametri!$B$1+(Coefficienti!$B$4+Coefficienti!$B$5*D$22+Coefficienti!$B$6*$A30)*Parametri!$B$2)*(1-Parametri!$B$3)+((Coefficienti!$B$7+Coefficienti!$B$8*D$22+Coefficienti!$B$9*$A30)+Coefficienti!$B$10)*(1-Parametri!$B$4))*(1+Parametri!$B$5)+FerrGriglia!D9+Coefficienti!$B$11*Parametri!$B$6,2) | E30: =ROUND((((Coefficienti!$B$1+Coefficienti!$B$2*E$22+Coefficienti!$B$3*$A30)*Parametri!$B$1+(Coefficienti!$B$4+Coefficienti!$B$5*E$22+Coefficienti!$B$6*$A30)*Parametri!$B$2)*(1-Parametri!$B$3)+((Coefficienti!$B$7+Coefficienti!$B$8*E$22+Coefficienti!$B$9*$A30)+Coefficienti!$B$10)*(1-Parametri!$B$4))*(1+Parametri!$B$5)+FerrGriglia!E9+Coefficienti!$B$11*Parametri!$B$6,2) | F30: =ROUND((((Coefficienti!$B$1+Coefficienti!$B$2*F$22+Coefficienti!$B$3*$A30)*Parametri!$B$1+(Coefficienti!$B$4+Coefficienti!$B$5*F$22+Coefficienti!$B$6*$A30)*Parametri!$B$2)*(1-Parametri!$B$3)+((Coefficienti!$B$7+Coefficienti!$B$8*F$22+Coefficienti!$B$9*$A30)+Coefficienti!$B$10)*(1-Parametri!$B$4))*(1+Parametri!$B$5)+FerrGriglia!F9+Coefficienti!$B$11*Parametri!$B$6,2) | G30: =ROUND((((Coefficienti!$B$1+Coefficienti!$B$2*G$22+Coefficienti!$B$3*$A30)*Parametri!$B$1+(Coefficienti!$B$4+Coefficienti!$B$5*G$22+Coefficienti!$B$6*$A30)*Parametri!$B$2)*(1-Parametri!$B$3)+((Coefficienti!$B$7+Coefficienti!$B$8*G$22+Coefficienti!$B$9*$A30)+Coefficienti!$B$10)*(1-Parametri!$B$4))*(1+Parametri!$B$5)+FerrGriglia!G9+Coefficienti!$B$11*Parametri!$B$6,2) | H30: =ROUND((((Coefficienti!$B$1+Coefficienti!$B$2*H$22+Coefficienti!$B$3*$A30)*Parametri!$B$1+(Coefficienti!$B$4+Coefficienti!$B$5*H$22+Coefficienti!$B$6*$A30)*Parametri!$B$2)*(1-Parametri!$B$3)+((Coefficienti!$B$7+Coefficienti!$B$8*H$22+Coefficienti!$B$9*$A30)+Coefficienti!$B$10)*(1-Parametri!$B$4))*(1+Parametri!$B$5)+FerrGriglia!H9+Coefficienti!$B$11*Parametri!$B$6,2) | I30: =ROUND((((Coefficienti!$B$1+Coefficienti!$B$2*I$22+Coefficienti!$B$3*$A30)*Parametri!$B$1+(Coefficienti!$B$4+Coefficienti!$B$5*I$22+Coefficienti!$B$6*$A30)*Parametri!$B$2)*(1-Parametri!$B$3)+((Coefficienti!$B$7+Coefficienti!$B$8*I$22+Coefficienti!$B$9*$A30)+Coefficienti!$B$10)*(1-Parametri!$B$4))*(1+Parametri!$B$5)+FerrGriglia!I9+Coefficienti!$B$11*Parametri!$B$6,2)
A31: 1300 | B31: =ROUND((((Coefficienti!$B$1+Coefficienti!$B$2*B$22+Coefficienti!$B$3*$A31)*Parametri!$B$1+(Coefficienti!$B$4+Coefficienti!$B$5*B$22+Coefficienti!$B$6*$A31)*Parametri!$B$2)*(1-Parametri!$B$3)+((Coefficienti!$B$7+Coefficienti!$B$8*B$22+Coefficienti!$B$9*$A31)+Coefficienti!$B$10)*(1-Parametri!$B$4))*(1+Parametri!$B$5)+FerrGriglia!B10+Coefficienti!$B$11*Parametri!$B$6,2) | C31: =ROUND((((Coefficienti!$B$1+Coefficienti!$B$2*C$22+Coefficienti!$B$3*$A31)*Parametri!$B$1+(Coefficienti!$B$4+Coefficienti!$B$5*C$22+Coefficienti!$B$6*$A31)*Parametri!$B$2)*(1-Parametri!$B$3)+((Coefficienti!$B$7+Coefficienti!$B$8*C$22+Coefficienti!$B$9*$A31)+Coefficienti!$B$10)*(1-Parametri!$B$4))*(1+Parametri!$B$5)+FerrGriglia!C10+Coefficienti!$B$11*Parametri!$B$6,2) | D31: =ROUND((((Coefficienti!$B$1+Coefficienti!$B$2*D$22+Coefficienti!$B$3*$A31)*Parametri!$B$1+(Coefficienti!$B$4+Coefficienti!$B$5*D$22+Coefficienti!$B$6*$A31)*Parametri!$B$2)*(1-Parametri!$B$3)+((Coefficienti!$B$7+Coefficienti!$B$8*D$22+Coefficienti!$B$9*$A31)+Coefficienti!$B$10)*(1-Parametri!$B$4))*(1+Parametri!$B$5)+FerrGriglia!D10+Coefficienti!$B$11*Parametri!$B$6,2) | E31: =ROUND((((Coefficienti!$B$1+Coefficienti!$B$2*E$22+Coefficienti!$B$3*$A31)*Parametri!$B$1+(Coefficienti!$B$4+Coefficienti!$B$5*E$22+Coefficienti!$B$6*$A31)*Parametri!$B$2)*(1-Parametri!$B$3)+((Coefficienti!$B$7+Coefficienti!$B$8*E$22+Coefficienti!$B$9*$A31)+Coefficienti!$B$10)*(1-Parametri!$B$4))*(1+Parametri!$B$5)+FerrGriglia!E10+Coefficienti!$B$11*Parametri!$B$6,2) | F31: =ROUND((((Coefficienti!$B$1+Coefficienti!$B$2*F$22+Coefficienti!$B$3*$A31)*Parametri!$B$1+(Coefficienti!$B$4+Coefficienti!$B$5*F$22+Coefficienti!$B$6*$A31)*Parametri!$B$2)*(1-Parametri!$B$3)+((Coefficienti!$B$7+Coefficienti!$B$8*F$22+Coefficienti!$B$9*$A31)+Coefficienti!$B$10)*(1-Parametri!$B$4))*(1+Parametri!$B$5)+FerrGriglia!F10+Coefficienti!$B$11*Parametri!$B$6,2) | G31: =ROUND((((Coefficienti!$B$1+Coefficienti!$B$2*G$22+Coefficienti!$B$3*$A31)*Parametri!$B$1+(Coefficienti!$B$4+Coefficienti!$B$5*G$22+Coefficienti!$B$6*$A31)*Parametri!$B$2)*(1-Parametri!$B$3)+((Coefficienti!$B$7+Coefficienti!$B$8*G$22+Coefficienti!$B$9*$A31)+Coefficienti!$B$10)*(1-Parametri!$B$4))*(1+Parametri!$B$5)+FerrGriglia!G10+Coefficienti!$B$11*Parametri!$B$6,2) | H31: =ROUND((((Coefficienti!$B$1+Coefficienti!$B$2*H$22+Coefficienti!$B$3*$A31)*Parametri!$B$1+(Coefficienti!$B$4+Coefficienti!$B$5*H$22+Coefficienti!$B$6*$A31)*Parametri!$B$2)*(1-Parametri!$B$3)+((Coefficienti!$B$7+Coefficienti!$B$8*H$22+Coefficienti!$B$9*$A31)+Coefficienti!$B$10)*(1-Parametri!$B$4))*(1+Parametri!$B$5)+FerrGriglia!H10+Coefficienti!$B$11*Parametri!$B$6,2) | I31: =ROUND((((Coefficienti!$B$1+Coefficienti!$B$2*I$22+Coefficienti!$B$3*$A31)*Parametri!$B$1+(Coefficienti!$B$4+Coefficienti!$B$5*I$22+Coefficienti!$B$6*$A31)*Parametri!$B$2)*(1-Parametri!$B$3)+((Coefficienti!$B$7+Coefficienti!$B$8*I$22+Coefficienti!$B$9*$A31)+Coefficienti!$B$10)*(1-Parametri!$B$4))*(1+Parametri!$B$5)+FerrGriglia!I10+Coefficienti!$B$11*Parametri!$B$6,2)
A32: 1400 | B32: =ROUND((((Coefficienti!$B$1+Coefficienti!$B$2*B$22+Coefficienti!$B$3*$A32)*Parametri!$B$1+(Coefficienti!$B$4+Coefficienti!$B$5*B$22+Coefficienti!$B$6*$A32)*Parametri!$B$2)*(1-Parametri!$B$3)+((Coefficienti!$B$7+Coefficienti!$B$8*B$22+Coefficienti!$B$9*$A32)+Coefficienti!$B$10)*(1-Parametri!$B$4))*(1+Parametri!$B$5)+FerrGriglia!B11+Coefficienti!$B$11*Parametri!$B$6,2) | C32: =ROUND((((Coefficienti!$B$1+Coefficienti!$B$2*C$22+Coefficienti!$B$3*$A32)*Parametri!$B$1+(Coefficienti!$B$4+Coefficienti!$B$5*C$22+Coefficienti!$B$6*$A32)*Parametri!$B$2)*(1-Parametri!$B$3)+((Coefficienti!$B$7+Coefficienti!$B$8*C$22+Coefficienti!$B$9*$A32)+Coefficienti!$B$10)*(1-Parametri!$B$4))*(1+Parametri!$B$5)+FerrGriglia!C11+Coefficienti!$B$11*Parametri!$B$6,2) | D32: =ROUND((((Coefficienti!$B$1+Coefficienti!$B$2*D$22+Coefficienti!$B$3*$A32)*Parametri!$B$1+(Coefficienti!$B$4+Coefficienti!$B$5*D$22+Coefficienti!$B$6*$A32)*Parametri!$B$2)*(1-Parametri!$B$3)+((Coefficienti!$B$7+Coefficienti!$B$8*D$22+Coefficienti!$B$9*$A32)+Coefficienti!$B$10)*(1-Parametri!$B$4))*(1+Parametri!$B$5)+FerrGriglia!D11+Coefficienti!$B$11*Parametri!$B$6,2) | E32: =ROUND((((Coefficienti!$B$1+Coefficienti!$B$2*E$22+Coefficienti!$B$3*$A32)*Parametri!$B$1+(Coefficienti!$B$4+Coefficienti!$B$5*E$22+Coefficienti!$B$6*$A32)*Parametri!$B$2)*(1-Parametri!$B$3)+((Coefficienti!$B$7+Coefficienti!$B$8*E$22+Coefficienti!$B$9*$A32)+Coefficienti!$B$10)*(1-Parametri!$B$4))*(1+Parametri!$B$5)+FerrGriglia!E11+Coefficienti!$B$11*Parametri!$B$6,2) | F32: =ROUND((((Coefficienti!$B$1+Coefficienti!$B$2*F$22+Coefficienti!$B$3*$A32)*Parametri!$B$1+(Coefficienti!$B$4+Coefficienti!$B$5*F$22+Coefficienti!$B$6*$A32)*Parametri!$B$2)*(1-Parametri!$B$3)+((Coefficienti!$B$7+Coefficienti!$B$8*F$22+Coefficienti!$B$9*$A32)+Coefficienti!$B$10)*(1-Parametri!$B$4))*(1+Parametri!$B$5)+FerrGriglia!F11+Coefficienti!$B$11*Parametri!$B$6,2) | G32: =ROUND((((Coefficienti!$B$1+Coefficienti!$B$2*G$22+Coefficienti!$B$3*$A32)*Parametri!$B$1+(Coefficienti!$B$4+Coefficienti!$B$5*G$22+Coefficienti!$B$6*$A32)*Parametri!$B$2)*(1-Parametri!$B$3)+((Coefficienti!$B$7+Coefficienti!$B$8*G$22+Coefficienti!$B$9*$A32)+Coefficienti!$B$10)*(1-Parametri!$B$4))*(1+Parametri!$B$5)+FerrGriglia!G11+Coefficienti!$B$11*Parametri!$B$6,2) | H32: =ROUND((((Coefficienti!$B$1+Coefficienti!$B$2*H$22+Coefficienti!$B$3*$A32)*Parametri!$B$1+(Coefficienti!$B$4+Coefficienti!$B$5*H$22+Coefficienti!$B$6*$A32)*Parametri!$B$2)*(1-Parametri!$B$3)+((Coefficienti!$B$7+Coefficienti!$B$8*H$22+Coefficienti!$B$9*$A32)+Coefficienti!$B$10)*(1-Parametri!$B$4))*(1+Parametri!$B$5)+FerrGriglia!H11+Coefficienti!$B$11*Parametri!$B$6,2) | I32: =ROUND((((Coefficienti!$B$1+Coefficienti!$B$2*I$22+Coefficienti!$B$3*$A32)*Parametri!$B$1+(Coefficienti!$B$4+Coefficienti!$B$5*I$22+Coefficienti!$B$6*$A32)*Parametri!$B$2)*(1-Parametri!$B$3)+((Coefficienti!$B$7+Coefficienti!$B$8*I$22+Coefficienti!$B$9*$A32)+Coefficienti!$B$10)*(1-Parametri!$B$4))*(1+Parametri!$B$5)+FerrGriglia!I11+Coefficienti!$B$11*Parametri!$B$6,2)
A33: 1500 | B33: =ROUND((((Coefficienti!$B$1+Coefficienti!$B$2*B$22+Coefficienti!$B$3*$A33)*Parametri!$B$1+(Coefficienti!$B$4+Coefficienti!$B$5*B$22+Coefficienti!$B$6*$A33)*Parametri!$B$2)*(1-Parametri!$B$3)+((Coefficienti!$B$7+Coefficienti!$B$8*B$22+Coefficienti!$B$9*$A33)+Coefficienti!$B$10)*(1-Parametri!$B$4))*(1+Parametri!$B$5)+FerrGriglia!B12+Coefficienti!$B$11*Parametri!$B$6,2) | C33: =ROUND((((Coefficienti!$B$1+Coefficienti!$B$2*C$22+Coefficienti!$B$3*$A33)*Parametri!$B$1+(Coefficienti!$B$4+Coefficienti!$B$5*C$22+Coefficienti!$B$6*$A33)*Parametri!$B$2)*(1-Parametri!$B$3)+((Coefficienti!$B$7+Coefficienti!$B$8*C$22+Coefficienti!$B$9*$A33)+Coefficienti!$B$10)*(1-Parametri!$B$4))*(1+Parametri!$B$5)+FerrGriglia!C12+Coefficienti!$B$11*Parametri!$B$6,2) | D33: =ROUND((((Coefficienti!$B$1+Coefficienti!$B$2*D$22+Coefficienti!$B$3*$A33)*Parametri!$B$1+(Coefficienti!$B$4+Coefficienti!$B$5*D$22+Coefficienti!$B$6*$A33)*Parametri!$B$2)*(1-Parametri!$B$3)+((Coefficienti!$B$7+Coefficienti!$B$8*D$22+Coefficienti!$B$9*$A33)+Coefficienti!$B$10)*(1-Parametri!$B$4))*(1+Parametri!$B$5)+FerrGriglia!D12+Coefficienti!$B$11*Parametri!$B$6,2) | E33: =ROUND((((Coefficienti!$B$1+Coefficienti!$B$2*E$22+Coefficienti!$B$3*$A33)*Parametri!$B$1+(Coefficienti!$B$4+Coefficienti!$B$5*E$22+Coefficienti!$B$6*$A33)*Parametri!$B$2)*(1-Parametri!$B$3)+((Coefficienti!$B$7+Coefficienti!$B$8*E$22+Coefficienti!$B$9*$A33)+Coefficienti!$B$10)*(1-Parametri!$B$4))*(1+Parametri!$B$5)+FerrGriglia!E12+Coefficienti!$B$11*Parametri!$B$6,2) | F33: =ROUND((((Coefficienti!$B$1+Coefficienti!$B$2*F$22+Coefficienti!$B$3*$A33)*Parametri!$B$1+(Coefficienti!$B$4+Coefficienti!$B$5*F$22+Coefficienti!$B$6*$A33)*Parametri!$B$2)*(1-Parametri!$B$3)+((Coefficienti!$B$7+Coefficienti!$B$8*F$22+Coefficienti!$B$9*$A33)+Coefficienti!$B$10)*(1-Parametri!$B$4))*(1+Parametri!$B$5)+FerrGriglia!F12+Coefficienti!$B$11*Parametri!$B$6,2) | G33: =ROUND((((Coefficienti!$B$1+Coefficienti!$B$2*G$22+Coefficienti!$B$3*$A33)*Parametri!$B$1+(Coefficienti!$B$4+Coefficienti!$B$5*G$22+Coefficienti!$B$6*$A33)*Parametri!$B$2)*(1-Parametri!$B$3)+((Coefficienti!$B$7+Coefficienti!$B$8*G$22+Coefficienti!$B$9*$A33)+Coefficienti!$B$10)*(1-Parametri!$B$4))*(1+Parametri!$B$5)+FerrGriglia!G12+Coefficienti!$B$11*Parametri!$B$6,2) | H33: =ROUND((((Coefficienti!$B$1+Coefficienti!$B$2*H$22+Coefficienti!$B$3*$A33)*Parametri!$B$1+(Coefficienti!$B$4+Coefficienti!$B$5*H$22+Coefficienti!$B$6*$A33)*Parametri!$B$2)*(1-Parametri!$B$3)+((Coefficienti!$B$7+Coefficienti!$B$8*H$22+Coefficienti!$B$9*$A33)+Coefficienti!$B$10)*(1-Parametri!$B$4))*(1+Parametri!$B$5)+FerrGriglia!H12+Coefficienti!$B$11*Parametri!$B$6,2) | I33: =ROUND((((Coefficienti!$B$1+Coefficienti!$B$2*I$22+Coefficienti!$B$3*$A33)*Parametri!$B$1+(Coefficienti!$B$4+Coefficienti!$B$5*I$22+Coefficienti!$B$6*$A33)*Parametri!$B$2)*(1-Parametri!$B$3)+((Coefficienti!$B$7+Coefficienti!$B$8*I$22+Coefficienti!$B$9*$A33)+Coefficienti!$B$10)*(1-Parametri!$B$4))*(1+Parametri!$B$5)+FerrGriglia!I12+Coefficienti!$B$11*Parametri!$B$6,2)
A34: 1600 | B34: =ROUND((((Coefficienti!$B$1+Coefficienti!$B$2*B$22+Coefficienti!$B$3*$A34)*Parametri!$B$1+(Coefficienti!$B$4+Coefficienti!$B$5*B$22+Coefficienti!$B$6*$A34)*Parametri!$B$2)*(1-Parametri!$B$3)+((Coefficienti!$B$7+Coefficienti!$B$8*B$22+Coefficienti!$B$9*$A34)+Coefficienti!$B$10)*(1-Parametri!$B$4))*(1+Parametri!$B$5)+FerrGriglia!B13+Coefficienti!$B$11*Parametri!$B$6,2) | C34: =ROUND((((Coefficienti!$B$1+Coefficienti!$B$2*C$22+Coefficienti!$B$3*$A34)*Parametri!$B$1+(Coefficienti!$B$4+Coefficienti!$B$5*C$22+Coefficienti!$B$6*$A34)*Parametri!$B$2)*(1-Parametri!$B$3)+((Coefficienti!$B$7+Coefficienti!$B$8*C$22+Coefficienti!$B$9*$A34)+Coefficienti!$B$10)*(1-Parametri!$B$4))*(1+Parametri!$B$5)+FerrGriglia!C13+Coefficienti!$B$11*Parametri!$B$6,2) | D34: =ROUND((((Coefficienti!$B$1+Coefficienti!$B$2*D$22+Coefficienti!$B$3*$A34)*Parametri!$B$1+(Coefficienti!$B$4+Coefficienti!$B$5*D$22+Coefficienti!$B$6*$A34)*Parametri!$B$2)*(1-Parametri!$B$3)+((Coefficienti!$B$7+Coefficienti!$B$8*D$22+Coefficienti!$B$9*$A34)+Coefficienti!$B$10)*(1-Parametri!$B$4))*(1+Parametri!$B$5)+FerrGriglia!D13+Coefficienti!$B$11*Parametri!$B$6,2) | E34: =ROUND((((Coefficienti!$B$1+Coefficienti!$B$2*E$22+Coefficienti!$B$3*$A34)*Parametri!$B$1+(Coefficienti!$B$4+Coefficienti!$B$5*E$22+Coefficienti!$B$6*$A34)*Parametri!$B$2)*(1-Parametri!$B$3)+((Coefficienti!$B$7+Coefficienti!$B$8*E$22+Coefficienti!$B$9*$A34)+Coefficienti!$B$10)*(1-Parametri!$B$4))*(1+Parametri!$B$5)+FerrGriglia!E13+Coefficienti!$B$11*Parametri!$B$6,2) | F34: =ROUND((((Coefficienti!$B$1+Coefficienti!$B$2*F$22+Coefficienti!$B$3*$A34)*Parametri!$B$1+(Coefficienti!$B$4+Coefficienti!$B$5*F$22+Coefficienti!$B$6*$A34)*Parametri!$B$2)*(1-Parametri!$B$3)+((Coefficienti!$B$7+Coefficienti!$B$8*F$22+Coefficienti!$B$9*$A34)+Coefficienti!$B$10)*(1-Parametri!$B$4))*(1+Parametri!$B$5)+FerrGriglia!F13+Coefficienti!$B$11*Parametri!$B$6,2) | G34: =ROUND((((Coefficienti!$B$1+Coefficienti!$B$2*G$22+Coefficienti!$B$3*$A34)*Parametri!$B$1+(Coefficienti!$B$4+Coefficienti!$B$5*G$22+Coefficienti!$B$6*$A34)*Parametri!$B$2)*(1-Parametri!$B$3)+((Coefficienti!$B$7+Coefficienti!$B$8*G$22+Coefficienti!$B$9*$A34)+Coefficienti!$B$10)*(1-Parametri!$B$4))*(1+Parametri!$B$5)+FerrGriglia!G13+Coefficienti!$B$11*Parametri!$B$6,2) | H34: =ROUND((((Coefficienti!$B$1+Coefficienti!$B$2*H$22+Coefficienti!$B$3*$A34)*Parametri!$B$1+(Coefficienti!$B$4+Coefficienti!$B$5*H$22+Coefficienti!$B$6*$A34)*Parametri!$B$2)*(1-Parametri!$B$3)+((Coefficienti!$B$7+Coefficienti!$B$8*H$22+Coefficienti!$B$9*$A34)+Coefficienti!$B$10)*(1-Parametri!$B$4))*(1+Parametri!$B$5)+FerrGriglia!H13+Coefficienti!$B$11*Parametri!$B$6,2) | I34: =ROUND((((Coefficienti!$B$1+Coefficienti!$B$2*I$22+Coefficienti!$B$3*$A34)*Parametri!$B$1+(Coefficienti!$B$4+Coefficienti!$B$5*I$22+Coefficienti!$B$6*$A34)*Parametri!$B$2)*(1-Parametri!$B$3)+((Coefficienti!$B$7+Coefficienti!$B$8*I$22+Coefficienti!$B$9*$A34)+Coefficienti!$B$10)*(1-Parametri!$B$4))*(1+Parametri!$B$5)+FerrGriglia!I13+Coefficienti!$B$11*Parametri!$B$6,2)
... A38: 2000 | B38: =ROUND((((Coefficienti!$B$1+Coefficienti!$B$2*B$22+Coefficienti!$B$3*$A38)*Parametri!$B$1+(Coefficienti!$B$4+Coefficienti!$B$5*B$22+Coefficienti!$B$6*$A38)*Parametri!$B$2)*(1-Parametri!$B$3)+((Coefficienti!$B$7+Coefficienti!$B$8*B$22+Coefficienti!$B$9*$A38)+Coefficienti!$B$10)*(1-Parametri!$B$4))*(1+Parametri!$B$5)+FerrGriglia!B17+Coefficienti!$B$11*Parametri!$B$6,2) | C38: =ROUND((((Coefficienti!$B$1+Coefficienti!$B$2*C$22+Coefficienti!$B$3*$A38)*Parametri!$B$1+(Coefficienti!$B$4+Coefficienti!$B$5*C$22+Coefficienti!$B$6*$A38)*Parametri!$B$2)*(1-Parametri!$B$3)+((Coefficienti!$B$7+Coefficienti!$B$8*C$22+Coefficienti!$B$9*$A38)+Coefficienti!$B$10)*(1-Parametri!$B$4))*(1+Parametri!$B$5)+FerrGriglia!C17+Coefficienti!$B$11*Parametri!$B$6,2) | D38: =ROUND((((Coefficienti!$B$1+Coefficienti!$B$2*D$22+Coefficienti!$B$3*$A38)*Parametri!$B$1+(Coefficienti!$B$4+Coefficienti!$B$5*D$22+Coefficienti!$B$6*$A38)*Parametri!$B$2)*(1-Parametri!$B$3)+((Coefficienti!$B$7+Coefficienti!$B$8*D$22+Coefficienti!$B$9*$A38)+Coefficienti!$B$10)*(1-Parametri!$B$4))*(1+Parametri!$B$5)+FerrGriglia!D17+Coefficienti!$B$11*Parametri!$B$6,2) | E38: =ROUND((((Coefficienti!$B$1+Coefficienti!$B$2*E$22+Coefficienti!$B$3*$A38)*Parametri!$B$1+(Coefficienti!$B$4+Coefficienti!$B$5*E$22+Coefficienti!$B$6*$A38)*Parametri!$B$2)*(1-Parametri!$B$3)+((Coefficienti!$B$7+Coefficienti!$B$8*E$22+Coefficienti!$B$9*$A38)+Coefficienti!$B$10)*(1-Parametri!$B$4))*(1+Parametri!$B$5)+FerrGriglia!E17+Coefficienti!$B$11*Parametri!$B$6,2) | F38: =ROUND((((Coefficienti!$B$1+Coefficienti!$B$2*F$22+Coefficienti!$B$3*$A38)*Parametri!$B$1+(Coefficienti!$B$4+Coefficienti!$B$5*F$22+Coefficienti!$B$6*$A38)*Parametri!$B$2)*(1-Parametri!$B$3)+((Coefficienti!$B$7+Coefficienti!$B$8*F$22+Coefficienti!$B$9*$A38)+Coefficienti!$B$10)*(1-Parametri!$B$4))*(1+Parametri!$B$5)+FerrGriglia!F17+Coefficienti!$B$11*Parametri!$B$6,2) | G38: =ROUND((((Coefficienti!$B$1+Coefficienti!$B$2*G$22+Coefficienti!$B$3*$A38)*Parametri!$B$1+(Coefficienti!$B$4+Coefficienti!$B$5*G$22+Coefficienti!$B$6*$A38)*Parametri!$B$2)*(1-Parametri!$B$3)+((Coefficienti!$B$7+Coefficienti!$B$8*G$22+Coefficienti!$B$9*$A38)+Coefficienti!$B$10)*(1-Parametri!$B$4))*(1+Parametri!$B$5)+FerrGriglia!G17+Coefficienti!$B$11*Parametri!$B$6,2) | H38: =ROUND((((Coefficienti!$B$1+Coefficienti!$B$2*H$22+Coefficienti!$B$3*$A38)*Parametri!$B$1+(Coefficienti!$B$4+Coefficienti!$B$5*H$22+Coefficienti!$B$6*$A38)*Parametri!$B$2)*(1-Parametri!$B$3)+((Coefficienti!$B$7+Coefficienti!$B$8*H$22+Coefficienti!$B$9*$A38)+Coefficienti!$B$10)*(1-Parametri!$B$4))*(1+Parametri!$B$5)+FerrGriglia!H17+Coefficienti!$B$11*Parametri!$B$6,2) | I38: =ROUND((((Coefficienti!$B$1+Coefficienti!$B$2*I$22+Coefficienti!$B$3*$A38)*Parametri!$B$1+(Coefficienti!$B$4+Coefficienti!$B$5*I$22+Coefficienti!$B$6*$A38)*Parametri!$B$2)*(1-Parametri!$B$3)+((Coefficienti!$B$7+Coefficienti!$B$8*I$22+Coefficienti!$B$9*$A38)+Coefficienti!$B$10)*(1-Parametri!$B$4))*(1+Parametri!$B$5)+FerrGriglia!I17+Coefficienti!$B$11*Parametri!$B$6,2)

Sheet Parametri
A1: Prezzo profili taglio termico €/kg (33320 CAT.B +ADD — RAL 7016) | B1: 19.93
A2: Prezzo profili normali €/kg (10820 CAT.B +ADD — fermavetri, aggiuntivi, gocciolatoio) | B2: 14.82
A3: Sconto profili su listino AluK C75S/C82S-CS | B3: 0.43
A4: Sconto accessori/guarnizioni su listino AluK | B4: 0.2
A5: Sfrido | B5: 0.09
A6: Tariffa oraria manodopera €/h | B6: 65
A7: Ricarico su costo totale | B7: 2.13
A9: Celle gialle = valori modificabili: tutte le griglie si ricalcolano.
A10: Prezzi: listino AluK C75S/C82S-CS decorrenza 2026-06-15 (listini-db). Ferramenta: prezzi nel foglio dedicato.

Sheet Coefficienti
A1: Peso profili taglio termico costante (kg) | B1: -0.27048
A2: Peso taglio termico per mm di L (kg/mm) | B2: 0.00598
A3: Peso taglio termico per mm di H (kg/mm) | B3: 0.00598
A4: Peso profili normali costante (kg) | B4: -0.22792
A5: Peso normali per mm di L (kg/mm) | B5: 0.00074
A6: Peso normali per mm di H (kg/mm) | B6: 0.00074
A7: Guarnizioni costante (€ listino) | B7: 0.009812
A8: Guarnizioni per mm di L (€/mm) | B8: 0.002453
A9: Guarnizioni per mm di H (€/mm) | B9: 0.002453
A10: Accessori totale (€ listino) | B10: 33.624
A11: Ore manodopera | B11: 2.6666667
A13: Derivati dalle distinte catalogo AluK C75S sez. 8 e pesi kg/m catalogo v3.
A14: Assunzioni: supporti vetro V62008 = 4 per vetro; mascherine V51015 = 2 pz;
A15: fermavetro battenti N45860 (0,37 kg/m), fisso coppia N45856 (0,62 kg/m);
A16: squadrette V40022/V40037 prezzate come V40022 (0,607 €).
A17: Manodopera: 1h telaio + 1h/anta + 20' ferramenta/anta + 20'/vetro.
A18: Taglio termico = codici B (stipite, anta, battuta centrale, soglia); normali = N/K (aggiuntivo, gocciolatoio, fermavetri).
A19: Prezzi unitari accessori e guarnizioni (pre-sconto): listino AluK C75S/C82S-CS decorrenza 2026-06-15 (listini-db).

Sheet Ferramenta
A1: Componente | B1: Q.tà | C1: Prezzo €/pz | D1: Subtotale € | E1: Fonte | G1: Kit Maico per la misura di riferimento 1000x1500 (FFB/FFH = anta-20). Le griglie usano il foglio FerrGriglia (kit per ogni misura).
A2: Cremonese Multi-Matic (lvMWEspagnoletteGesamt) (201745) | B2: 1 | C2: 3.57 | D2: =B2*C2 | E2: netto 2025
A3: Prolunga cremonese sopra (VerlaengerungFixOben) (201750) | B3: 1 | C3: 2.17 | D3: =B3*C3 | E3: netto 2025
A4: Prolunga cremonese sotto (VerlaengerungFixUnten) (201750) | B4: 1 | C4: 2.17 | D4: =B4*C4 | E4: netto 2025
A5: Movimento angolare MM (Eckumlenkung) (222201) | B5: 1 | C5: 1.33 | D5: =B5*C5 | E5: netto 2025
A6: Movimento angolare verticale (EckumlenkungVertikal) (222209) | B6: 1 | C6: 0.92 | D6: =B6*C6 | E6: netto 2025
A7: Chiusura centrale lato cerniere (MittelverschlussEinteiligIS) (211930) | B7: 1 | C7: 2.03 | D7: =B7*C7 | E7: netto 2025
A8: Chiusura centrale orizzontale (Mittelverschluss) (211929) | B8: 1 | C8: 1.77 | D8: =B8*C8 | E8: netto 2025
A9: Forbice + braccio (ScherenMontiert) (211900) | B9: 1 | C9: 3.24 | D9: =B9*C9 | E9: netto 2025
A10: Forbice + braccio (ScherenMontiert) (211901) | B10: 1 | C10: 3.24 | D10: =B10*C10 | E10: netto 2025
A11: Asta lato cerniere tagliabile (Drehbandstulp) (202269) | B11: 1 | C11: 2.87 | D11: =B11*C11 | E11: netto 2025
A12: Cerniera angolare (ArtNrEcklager) (250400) | B12: 1 | C12: 5.45 | D12: =B12*C12 | E12: netto 2025
A13: Bandella cerniera angolare (ArtNrEcklagerband) (215806) | B13: 1 | C13: 2.33 | D13: =B13*C13 | E13: netto 2025
... A16: Scontro nottolino personalizzato (VZPersonalisiert) — NON a listino (355866) | B16: 4 | C16: 0 | D16: =B16*C16 | E16: da inserire
A17: TOTALE FERRAMENTA | D17: =SUM(D2:D16)
A19: Celle gialle modificabili. Prezzi a 0 = da inserire: il listino li ignora finché vuoti.

Sheet FerrGriglia
A1: H/L | B1: 500 | C1: 600 | D1: 700 | E1: 800 | F1: 900 | G1: 1000 | H1: 1100 | I1: 1200
A2: 500 | B2: 22.25 | C2: 25.12 | D2: 25.48 | E2: 25.48 | F2: 28.21 | G2: 28.21 | H2: 28.67 | I2: 29.15
A3: 600 | B3: 22.25 | C3: 25.12 | D3: 25.48 | E3: 25.48 | F3: 28.21 | G3: 28.21 | H3: 28.67 | I3: 29.15
A4: 700 | B4: 22.25 | C4: 25.12 | D4: 25.48 | E4: 25.48 | F4: 28.21 | G4: 28.21 | H4: 28.67 | I4: 29.15
A5: 800 | B5: 22.73 | C5: 25.6 | D5: 25.96 | E5: 25.96 | F5: 28.69 | G5: 28.69 | H5: 29.15 | I5: 29.63
A6: 900 | B6: 28.8 | C6: 31.67 | D6: 32.03 | E6: 32.03 | F6: 34.76 | G6: 34.76 | H6: 35.22 | I6: 35.7
A7: 1000 | B7: 29.52 | C7: 32.39 | D7: 32.75 | E7: 32.75 | F7: 35.48 | G7: 35.48 | H7: 35.94 | I7: 36.42
A8: 1100 | B8: 29.52 | C8: 32.39 | D8: 32.75 | E8: 32.75 | F8: 35.48 | G8: 35.48 | H8: 35.94 | I8: 36.42
A9: 1200 | B9: 30.06 | C9: 32.93 | D9: 33.29 | E9: 33.29 | F9: 36.02 | G9: 36.02 | H9: 36.48 | I9: 36.96
A10: 1300 | B10: 29.58 | C10: 32.45 | D10: 32.81 | E10: 32.81 | F10: 35.54 | G10: 35.54 | H10: 36 | I10: 36.48
A11: 1400 | B11: 29.84 | C11: 32.71 | D11: 33.07 | E11: 33.07 | F11: 35.8 | G11: 35.8 | H11: 36.26 | I11: 36.74
A12: 1500 | B12: 31.38 | C12: 34.25 | D12: 34.61 | E12: 34.61 | F12: 37.34 | G12: 37.34 | H12: 37.8 | I12: 38.28
A13: 1600 | B13: 31.53 | C13: 34.4 | D13: 34.76 | E13: 34.76 | F13: 37.49 | G13: 37.49 | H13: 37.95 | I13: 38.43
... A17: 2000 | B17: 32.42 | C17: 35.29 | D17: 35.65 | E17: 35.65 | F17: 38.38 | G17: 38.38 | H17: 38.84 | I17: 39.32
A20: Costo ferramenta Maico per misura (kit da regole WinPlus + voci fisse del foglio Ferramenta). Valori, non formule: rigenerare con genera_listini.py.
