Workbook

Sheet Prezzo
A1: LISTINO — PORTAFINESTRA 2 ANTE (PB275) — C75S SENZA VETRO — RAL 7016 (costo +213%)
A2: H/L | B2: 800 | C2: 900 | D2: 1000 | E2: 1100 | F2: 1200 | G2: 1300 | H2: 1400 | I2: 1500 | J2: 1600 | K2: 1700 | L2: 1800
A3: 1900 | B3: =ROUND(ROUND((((Coefficienti!$B$1+Coefficienti!$B$2*B$2+Coefficienti!$B$3*$A3)*Parametri!$B$1+(Coefficienti!$B$4+Coefficienti!$B$5*B$2+Coefficienti!$B$6*$A3)*Parametri!$B$2)*(1-Parametri!$B$3)+((Coefficienti!$B$7+Coefficienti!$B$8*B$2+Coefficienti!$B$9*$A3)+Coefficienti!$B$10)*(1-Parametri!$B$4))*(1+Parametri!$B$5)+FerrGriglia!B2+Coefficienti!$B$11*Parametri!$B$6,2)*(1+Parametri!$B$7),2) | C3: =ROUND(ROUND((((Coefficienti!$B$1+Coefficienti!$B$2*C$2+Coefficienti!$B$3*$A3)*Parametri!$B$1+(Coefficienti!$B$4+Coefficienti!$B$5*C$2+Coefficienti!$B$6*$A3)*Parametri!$B$2)*(1-Parametri!$B$3)+((Coefficienti!$B$7+Coefficienti!$B$8*C$2+Coefficienti!$B$9*$A3)+Coefficienti!$B$10)*(1-Parametri!$B$4))*(1+Parametri!$B$5)+FerrGriglia!C2+Coefficienti!$B$11*Parametri!$B$6,2)*(1+Parametri!$B$7),2) | D3: =ROUND(ROUND((((Coefficienti!$B$1+Coefficienti!$B$2*D$2+Coefficienti!$B$3*$A3)*Parametri!$B$1+(Coefficienti!$B$4+Coefficienti!$B$5*D$2+Coefficienti!$B$6*$A3)*Parametri!$B$2)*(1-Parametri!$B$3)+((Coefficienti!$B$7+Coefficienti!$B$8*D$2+Coefficienti!$B$9*$A3)+Coefficienti!$B$10)*(1-Parametri!$B$4))*(1+Parametri!$B$5)+FerrGriglia!D2+Coefficienti!$B$11*Parametri!$B$6,2)*(1+Parametri!$B$7),2) | E3: =ROUND(ROUND((((Coefficienti!$B$1+Coefficienti!$B$2*E$2+Coefficienti!$B$3*$A3)*Parametri!$B$1+(Coefficienti!$B$4+Coefficienti!$B$5*E$2+Coefficienti!$B$6*$A3)*Parametri!$B$2)*(1-Parametri!$B$3)+((Coefficienti!$B$7+Coefficienti!$B$8*E$2+Coefficienti!$B$9*$A3)+Coefficienti!$B$10)*(1-Parametri!$B$4))*(1+Parametri!$B$5)+FerrGriglia!E2+Coefficienti!$B$11*Parametri!$B$6,2)*(1+Parametri!$B$7),2) | F3: =ROUND(ROUND((((Coefficienti!$B$1+Coefficienti!$B$2*F$2+Coefficienti!$B$3*$A3)*Parametri!$B$1+(Coefficienti!$B$4+Coefficienti!$B$5*F$2+Coefficienti!$B$6*$A3)*Parametri!$B$2)*(1-Parametri!$B$3)+((Coefficienti!$B$7+Coefficienti!$B$8*F$2+Coefficienti!$B$9*$A3)+Coefficienti!$B$10)*(1-Parametri!$B$4))*(1+Parametri!$B$5)+FerrGriglia!F2+Coefficienti!$B$11*Parametri!$B$6,2)*(1+Parametri!$B$7),2) | G3: =ROUND(ROUND((((Coefficienti!$B$1+Coefficienti!$B$2*G$2+Coefficienti!$B$3*$A3)*Parametri!$B$1+(Coefficienti!$B$4+Coefficienti!$B$5*G$2+Coefficienti!$B$6*$A3)*Parametri!$B$2)*(1-Parametri!$B$3)+((Coefficienti!$B$7+Coefficienti!$B$8*G$2+Coefficienti!$B$9*$A3)+Coefficienti!$B$10)*(1-Parametri!$B$4))*(1+Parametri!$B$5)+FerrGriglia!G2+Coefficienti!$B$11*Parametri!$B$6,2)*(1+Parametri!$B$7),2) | H3: =ROUND(ROUND((((Coefficienti!$B$1+Coefficienti!$B$2*H$2+Coefficienti!$B$3*$A3)*Parametri!$B$1+(Coefficienti!$B$4+Coefficienti!$B$5*H$2+Coefficienti!$B$6*$A3)*Parametri!$B$2)*(1-Parametri!$B$3)+((Coefficienti!$B$7+Coefficienti!$B$8*H$2+Coefficienti!$B$9*$A3)+Coefficienti!$B$10)*(1-Parametri!$B$4))*(1+Parametri!$B$5)+FerrGriglia!H2+Coefficienti!$B$11*Parametri!$B$6,2)*(1+Parametri!$B$7),2) | I3: =ROUND(ROUND((((Coefficienti!$B$1+Coefficienti!$B$2*I$2+Coefficienti!$B$3*$A3)*Parametri!$B$1+(Coefficienti!$B$4+Coefficienti!$B$5*I$2+Coefficienti!$B$6*$A3)*Parametri!$B$2)*(1-Parametri!$B$3)+((Coefficienti!$B$7+Coefficienti!$B$8*I$2+Coefficienti!$B$9*$A3)+Coefficienti!$B$10)*(1-Parametri!$B$4))*(1+Parametri!$B$5)+FerrGriglia!I2+Coefficienti!$B$11*Parametri!$B$6,2)*(1+Parametri!$B$7),2) | ... L3: =ROUND(ROUND((((Coefficienti!$B$1+Coefficienti!$B$2*L$2+Coefficienti!$B$3*$A3)*Parametri!$B$1+(Coefficienti!$B$4+Coefficienti!$B$5*L$2+Coefficienti!$B$6*$A3)*Parametri!$B$2)*(1-Parametri!$B$3)+((Coefficienti!$B$7+Coefficienti!$B$8*L$2+Coefficienti!$B$9*$A3)+Coefficienti!$B$10)*(1-Parametri!$B$4))*(1+Parametri!$B$5)+FerrGriglia!L2+Coefficienti!$B$11*Parametri!$B$6,2)*(1+Parametri!$B$7),2)
A4: 2000 | B4: =ROUND(ROUND((((Coefficienti!$B$1+Coefficienti!$B$2*B$2+Coefficienti!$B$3*$A4)*Parametri!$B$1+(Coefficienti!$B$4+Coefficienti!$B$5*B$2+Coefficienti!$B$6*$A4)*Parametri!$B$2)*(1-Parametri!$B$3)+((Coefficienti!$B$7+Coefficienti!$B$8*B$2+Coefficienti!$B$9*$A4)+Coefficienti!$B$10)*(1-Parametri!$B$4))*(1+Parametri!$B$5)+FerrGriglia!B3+Coefficienti!$B$11*Parametri!$B$6,2)*(1+Parametri!$B$7),2) | C4: =ROUND(ROUND((((Coefficienti!$B$1+Coefficienti!$B$2*C$2+Coefficienti!$B$3*$A4)*Parametri!$B$1+(Coefficienti!$B$4+Coefficienti!$B$5*C$2+Coefficienti!$B$6*$A4)*Parametri!$B$2)*(1-Parametri!$B$3)+((Coefficienti!$B$7+Coefficienti!$B$8*C$2+Coefficienti!$B$9*$A4)+Coefficienti!$B$10)*(1-Parametri!$B$4))*(1+Parametri!$B$5)+FerrGriglia!C3+Coefficienti!$B$11*Parametri!$B$6,2)*(1+Parametri!$B$7),2) | D4: =ROUND(ROUND((((Coefficienti!$B$1+Coefficienti!$B$2*D$2+Coefficienti!$B$3*$A4)*Parametri!$B$1+(Coefficienti!$B$4+Coefficienti!$B$5*D$2+Coefficienti!$B$6*$A4)*Parametri!$B$2)*(1-Parametri!$B$3)+((Coefficienti!$B$7+Coefficienti!$B$8*D$2+Coefficienti!$B$9*$A4)+Coefficienti!$B$10)*(1-Parametri!$B$4))*(1+Parametri!$B$5)+FerrGriglia!D3+Coefficienti!$B$11*Parametri!$B$6,2)*(1+Parametri!$B$7),2) | E4: =ROUND(ROUND((((Coefficienti!$B$1+Coefficienti!$B$2*E$2+Coefficienti!$B$3*$A4)*Parametri!$B$1+(Coefficienti!$B$4+Coefficienti!$B$5*E$2+Coefficienti!$B$6*$A4)*Parametri!$B$2)*(1-Parametri!$B$3)+((Coefficienti!$B$7+Coefficienti!$B$8*E$2+Coefficienti!$B$9*$A4)+Coefficienti!$B$10)*(1-Parametri!$B$4))*(1+Parametri!$B$5)+FerrGriglia!E3+Coefficienti!$B$11*Parametri!$B$6,2)*(1+Parametri!$B$7),2) | F4: =ROUND(ROUND((((Coefficienti!$B$1+Coefficienti!$B$2*F$2+Coefficienti!$B$3*$A4)*Parametri!$B$1+(Coefficienti!$B$4+Coefficienti!$B$5*F$2+Coefficienti!$B$6*$A4)*Parametri!$B$2)*(1-Parametri!$B$3)+((Coefficienti!$B$7+Coefficienti!$B$8*F$2+Coefficienti!$B$9*$A4)+Coefficienti!$B$10)*(1-Parametri!$B$4))*(1+Parametri!$B$5)+FerrGriglia!F3+Coefficienti!$B$11*Parametri!$B$6,2)*(1+Parametri!$B$7),2) | G4: =ROUND(ROUND((((Coefficienti!$B$1+Coefficienti!$B$2*G$2+Coefficienti!$B$3*$A4)*Parametri!$B$1+(Coefficienti!$B$4+Coefficienti!$B$5*G$2+Coefficienti!$B$6*$A4)*Parametri!$B$2)*(1-Parametri!$B$3)+((Coefficienti!$B$7+Coefficienti!$B$8*G$2+Coefficienti!$B$9*$A4)+Coefficienti!$B$10)*(1-Parametri!$B$4))*(1+Parametri!$B$5)+FerrGriglia!G3+Coefficienti!$B$11*Parametri!$B$6,2)*(1+Parametri!$B$7),2) | H4: =ROUND(ROUND((((Coefficienti!$B$1+Coefficienti!$B$2*H$2+Coefficienti!$B$3*$A4)*Parametri!$B$1+(Coefficienti!$B$4+Coefficienti!$B$5*H$2+Coefficienti!$B$6*$A4)*Parametri!$B$2)*(1-Parametri!$B$3)+((Coefficienti!$B$7+Coefficienti!$B$8*H$2+Coefficienti!$B$9*$A4)+Coefficienti!$B$10)*(1-Parametri!$B$4))*(1+Parametri!$B$5)+FerrGriglia!H3+Coefficienti!$B$11*Parametri!$B$6,2)*(1+Parametri!$B$7),2) | I4: =ROUND(ROUND((((Coefficienti!$B$1+Coefficienti!$B$2*I$2+Coefficienti!$B$3*$A4)*Parametri!$B$1+(Coefficienti!$B$4+Coefficienti!$B$5*I$2+Coefficienti!$B$6*$A4)*Parametri!$B$2)*(1-Parametri!$B$3)+((Coefficienti!$B$7+Coefficienti!$B$8*I$2+Coefficienti!$B$9*$A4)+Coefficienti!$B$10)*(1-Parametri!$B$4))*(1+Parametri!$B$5)+FerrGriglia!I3+Coefficienti!$B$11*Parametri!$B$6,2)*(1+Parametri!$B$7),2) | ... L4: =ROUND(ROUND((((Coefficienti!$B$1+Coefficienti!$B$2*L$2+Coefficienti!$B$3*$A4)*Parametri!$B$1+(Coefficienti!$B$4+Coefficienti!$B$5*L$2+Coefficienti!$B$6*$A4)*Parametri!$B$2)*(1-Parametri!$B$3)+((Coefficienti!$B$7+Coefficienti!$B$8*L$2+Coefficienti!$B$9*$A4)+Coefficienti!$B$10)*(1-Parametri!$B$4))*(1+Parametri!$B$5)+FerrGriglia!L3+Coefficienti!$B$11*Parametri!$B$6,2)*(1+Parametri!$B$7),2)
A5: 2100 | B5: =ROUND(ROUND((((Coefficienti!$B$1+Coefficienti!$B$2*B$2+Coefficienti!$B$3*$A5)*Parametri!$B$1+(Coefficienti!$B$4+Coefficienti!$B$5*B$2+Coefficienti!$B$6*$A5)*Parametri!$B$2)*(1-Parametri!$B$3)+((Coefficienti!$B$7+Coefficienti!$B$8*B$2+Coefficienti!$B$9*$A5)+Coefficienti!$B$10)*(1-Parametri!$B$4))*(1+Parametri!$B$5)+FerrGriglia!B4+Coefficienti!$B$11*Parametri!$B$6,2)*(1+Parametri!$B$7),2) | C5: =ROUND(ROUND((((Coefficienti!$B$1+Coefficienti!$B$2*C$2+Coefficienti!$B$3*$A5)*Parametri!$B$1+(Coefficienti!$B$4+Coefficienti!$B$5*C$2+Coefficienti!$B$6*$A5)*Parametri!$B$2)*(1-Parametri!$B$3)+((Coefficienti!$B$7+Coefficienti!$B$8*C$2+Coefficienti!$B$9*$A5)+Coefficienti!$B$10)*(1-Parametri!$B$4))*(1+Parametri!$B$5)+FerrGriglia!C4+Coefficienti!$B$11*Parametri!$B$6,2)*(1+Parametri!$B$7),2) | D5: =ROUND(ROUND((((Coefficienti!$B$1+Coefficienti!$B$2*D$2+Coefficienti!$B$3*$A5)*Parametri!$B$1+(Coefficienti!$B$4+Coefficienti!$B$5*D$2+Coefficienti!$B$6*$A5)*Parametri!$B$2)*(1-Parametri!$B$3)+((Coefficienti!$B$7+Coefficienti!$B$8*D$2+Coefficienti!$B$9*$A5)+Coefficienti!$B$10)*(1-Parametri!$B$4))*(1+Parametri!$B$5)+FerrGriglia!D4+Coefficienti!$B$11*Parametri!$B$6,2)*(1+Parametri!$B$7),2) | E5: =ROUND(ROUND((((Coefficienti!$B$1+Coefficienti!$B$2*E$2+Coefficienti!$B$3*$A5)*Parametri!$B$1+(Coefficienti!$B$4+Coefficienti!$B$5*E$2+Coefficienti!$B$6*$A5)*Parametri!$B$2)*(1-Parametri!$B$3)+((Coefficienti!$B$7+Coefficienti!$B$8*E$2+Coefficienti!$B$9*$A5)+Coefficienti!$B$10)*(1-Parametri!$B$4))*(1+Parametri!$B$5)+FerrGriglia!E4+Coefficienti!$B$11*Parametri!$B$6,2)*(1+Parametri!$B$7),2) | F5: =ROUND(ROUND((((Coefficienti!$B$1+Coefficienti!$B$2*F$2+Coefficienti!$B$3*$A5)*Parametri!$B$1+(Coefficienti!$B$4+Coefficienti!$B$5*F$2+Coefficienti!$B$6*$A5)*Parametri!$B$2)*(1-Parametri!$B$3)+((Coefficienti!$B$7+Coefficienti!$B$8*F$2+Coefficienti!$B$9*$A5)+Coefficienti!$B$10)*(1-Parametri!$B$4))*(1+Parametri!$B$5)+FerrGriglia!F4+Coefficienti!$B$11*Parametri!$B$6,2)*(1+Parametri!$B$7),2) | G5: =ROUND(ROUND((((Coefficienti!$B$1+Coefficienti!$B$2*G$2+Coefficienti!$B$3*$A5)*Parametri!$B$1+(Coefficienti!$B$4+Coefficienti!$B$5*G$2+Coefficienti!$B$6*$A5)*Parametri!$B$2)*(1-Parametri!$B$3)+((Coefficienti!$B$7+Coefficienti!$B$8*G$2+Coefficienti!$B$9*$A5)+Coefficienti!$B$10)*(1-Parametri!$B$4))*(1+Parametri!$B$5)+FerrGriglia!G4+Coefficienti!$B$11*Parametri!$B$6,2)*(1+Parametri!$B$7),2) | H5: =ROUND(ROUND((((Coefficienti!$B$1+Coefficienti!$B$2*H$2+Coefficienti!$B$3*$A5)*Parametri!$B$1+(Coefficienti!$B$4+Coefficienti!$B$5*H$2+Coefficienti!$B$6*$A5)*Parametri!$B$2)*(1-Parametri!$B$3)+((Coefficienti!$B$7+Coefficienti!$B$8*H$2+Coefficienti!$B$9*$A5)+Coefficienti!$B$10)*(1-Parametri!$B$4))*(1+Parametri!$B$5)+FerrGriglia!H4+Coefficienti!$B$11*Parametri!$B$6,2)*(1+Parametri!$B$7),2) | I5: =ROUND(ROUND((((Coefficienti!$B$1+Coefficienti!$B$2*I$2+Coefficienti!$B$3*$A5)*Parametri!$B$1+(Coefficienti!$B$4+Coefficienti!$B$5*I$2+Coefficienti!$B$6*$A5)*Parametri!$B$2)*(1-Parametri!$B$3)+((Coefficienti!$B$7+Coefficienti!$B$8*I$2+Coefficienti!$B$9*$A5)+Coefficienti!$B$10)*(1-Parametri!$B$4))*(1+Parametri!$B$5)+FerrGriglia!I4+Coefficienti!$B$11*Parametri!$B$6,2)*(1+Parametri!$B$7),2) | ... L5: =ROUND(ROUND((((Coefficienti!$B$1+Coefficienti!$B$2*L$2+Coefficienti!$B$3*$A5)*Parametri!$B$1+(Coefficienti!$B$4+Coefficienti!$B$5*L$2+Coefficienti!$B$6*$A5)*Parametri!$B$2)*(1-Parametri!$B$3)+((Coefficienti!$B$7+Coefficienti!$B$8*L$2+Coefficienti!$B$9*$A5)+Coefficienti!$B$10)*(1-Parametri!$B$4))*(1+Parametri!$B$5)+FerrGriglia!L4+Coefficienti!$B$11*Parametri!$B$6,2)*(1+Parametri!$B$7),2)
A6: 2200 | B6: =ROUND(ROUND((((Coefficienti!$B$1+Coefficienti!$B$2*B$2+Coefficienti!$B$3*$A6)*Parametri!$B$1+(Coefficienti!$B$4+Coefficienti!$B$5*B$2+Coefficienti!$B$6*$A6)*Parametri!$B$2)*(1-Parametri!$B$3)+((Coefficienti!$B$7+Coefficienti!$B$8*B$2+Coefficienti!$B$9*$A6)+Coefficienti!$B$10)*(1-Parametri!$B$4))*(1+Parametri!$B$5)+FerrGriglia!B5+Coefficienti!$B$11*Parametri!$B$6,2)*(1+Parametri!$B$7),2) | C6: =ROUND(ROUND((((Coefficienti!$B$1+Coefficienti!$B$2*C$2+Coefficienti!$B$3*$A6)*Parametri!$B$1+(Coefficienti!$B$4+Coefficienti!$B$5*C$2+Coefficienti!$B$6*$A6)*Parametri!$B$2)*(1-Parametri!$B$3)+((Coefficienti!$B$7+Coefficienti!$B$8*C$2+Coefficienti!$B$9*$A6)+Coefficienti!$B$10)*(1-Parametri!$B$4))*(1+Parametri!$B$5)+FerrGriglia!C5+Coefficienti!$B$11*Parametri!$B$6,2)*(1+Parametri!$B$7),2) | D6: =ROUND(ROUND((((Coefficienti!$B$1+Coefficienti!$B$2*D$2+Coefficienti!$B$3*$A6)*Parametri!$B$1+(Coefficienti!$B$4+Coefficienti!$B$5*D$2+Coefficienti!$B$6*$A6)*Parametri!$B$2)*(1-Parametri!$B$3)+((Coefficienti!$B$7+Coefficienti!$B$8*D$2+Coefficienti!$B$9*$A6)+Coefficienti!$B$10)*(1-Parametri!$B$4))*(1+Parametri!$B$5)+FerrGriglia!D5+Coefficienti!$B$11*Parametri!$B$6,2)*(1+Parametri!$B$7),2) | E6: =ROUND(ROUND((((Coefficienti!$B$1+Coefficienti!$B$2*E$2+Coefficienti!$B$3*$A6)*Parametri!$B$1+(Coefficienti!$B$4+Coefficienti!$B$5*E$2+Coefficienti!$B$6*$A6)*Parametri!$B$2)*(1-Parametri!$B$3)+((Coefficienti!$B$7+Coefficienti!$B$8*E$2+Coefficienti!$B$9*$A6)+Coefficienti!$B$10)*(1-Parametri!$B$4))*(1+Parametri!$B$5)+FerrGriglia!E5+Coefficienti!$B$11*Parametri!$B$6,2)*(1+Parametri!$B$7),2) | F6: =ROUND(ROUND((((Coefficienti!$B$1+Coefficienti!$B$2*F$2+Coefficienti!$B$3*$A6)*Parametri!$B$1+(Coefficienti!$B$4+Coefficienti!$B$5*F$2+Coefficienti!$B$6*$A6)*Parametri!$B$2)*(1-Parametri!$B$3)+((Coefficienti!$B$7+Coefficienti!$B$8*F$2+Coefficienti!$B$9*$A6)+Coefficienti!$B$10)*(1-Parametri!$B$4))*(1+Parametri!$B$5)+FerrGriglia!F5+Coefficienti!$B$11*Parametri!$B$6,2)*(1+Parametri!$B$7),2) | G6: =ROUND(ROUND((((Coefficienti!$B$1+Coefficienti!$B$2*G$2+Coefficienti!$B$3*$A6)*Parametri!$B$1+(Coefficienti!$B$4+Coefficienti!$B$5*G$2+Coefficienti!$B$6*$A6)*Parametri!$B$2)*(1-Parametri!$B$3)+((Coefficienti!$B$7+Coefficienti!$B$8*G$2+Coefficienti!$B$9*$A6)+Coefficienti!$B$10)*(1-Parametri!$B$4))*(1+Parametri!$B$5)+FerrGriglia!G5+Coefficienti!$B$11*Parametri!$B$6,2)*(1+Parametri!$B$7),2) | H6: =ROUND(ROUND((((Coefficienti!$B$1+Coefficienti!$B$2*H$2+Coefficienti!$B$3*$A6)*Parametri!$B$1+(Coefficienti!$B$4+Coefficienti!$B$5*H$2+Coefficienti!$B$6*$A6)*Parametri!$B$2)*(1-Parametri!$B$3)+((Coefficienti!$B$7+Coefficienti!$B$8*H$2+Coefficienti!$B$9*$A6)+Coefficienti!$B$10)*(1-Parametri!$B$4))*(1+Parametri!$B$5)+FerrGriglia!H5+Coefficienti!$B$11*Parametri!$B$6,2)*(1+Parametri!$B$7),2) | I6: =ROUND(ROUND((((Coefficienti!$B$1+Coefficienti!$B$2*I$2+Coefficienti!$B$3*$A6)*Parametri!$B$1+(Coefficienti!$B$4+Coefficienti!$B$5*I$2+Coefficienti!$B$6*$A6)*Parametri!$B$2)*(1-Parametri!$B$3)+((Coefficienti!$B$7+Coefficienti!$B$8*I$2+Coefficienti!$B$9*$A6)+Coefficienti!$B$10)*(1-Parametri!$B$4))*(1+Parametri!$B$5)+FerrGriglia!I5+Coefficienti!$B$11*Parametri!$B$6,2)*(1+Parametri!$B$7),2) | ... L6: =ROUND(ROUND((((Coefficienti!$B$1+Coefficienti!$B$2*L$2+Coefficienti!$B$3*$A6)*Parametri!$B$1+(Coefficienti!$B$4+Coefficienti!$B$5*L$2+Coefficienti!$B$6*$A6)*Parametri!$B$2)*(1-Parametri!$B$3)+((Coefficienti!$B$7+Coefficienti!$B$8*L$2+Coefficienti!$B$9*$A6)+Coefficienti!$B$10)*(1-Parametri!$B$4))*(1+Parametri!$B$5)+FerrGriglia!L5+Coefficienti!$B$11*Parametri!$B$6,2)*(1+Parametri!$B$7),2)
A7: 2300 | B7: =ROUND(ROUND((((Coefficienti!$B$1+Coefficienti!$B$2*B$2+Coefficienti!$B$3*$A7)*Parametri!$B$1+(Coefficienti!$B$4+Coefficienti!$B$5*B$2+Coefficienti!$B$6*$A7)*Parametri!$B$2)*(1-Parametri!$B$3)+((Coefficienti!$B$7+Coefficienti!$B$8*B$2+Coefficienti!$B$9*$A7)+Coefficienti!$B$10)*(1-Parametri!$B$4))*(1+Parametri!$B$5)+FerrGriglia!B6+Coefficienti!$B$11*Parametri!$B$6,2)*(1+Parametri!$B$7),2) | C7: =ROUND(ROUND((((Coefficienti!$B$1+Coefficienti!$B$2*C$2+Coefficienti!$B$3*$A7)*Parametri!$B$1+(Coefficienti!$B$4+Coefficienti!$B$5*C$2+Coefficienti!$B$6*$A7)*Parametri!$B$2)*(1-Parametri!$B$3)+((Coefficienti!$B$7+Coefficienti!$B$8*C$2+Coefficienti!$B$9*$A7)+Coefficienti!$B$10)*(1-Parametri!$B$4))*(1+Parametri!$B$5)+FerrGriglia!C6+Coefficienti!$B$11*Parametri!$B$6,2)*(1+Parametri!$B$7),2) | D7: =ROUND(ROUND((((Coefficienti!$B$1+Coefficienti!$B$2*D$2+Coefficienti!$B$3*$A7)*Parametri!$B$1+(Coefficienti!$B$4+Coefficienti!$B$5*D$2+Coefficienti!$B$6*$A7)*Parametri!$B$2)*(1-Parametri!$B$3)+((Coefficienti!$B$7+Coefficienti!$B$8*D$2+Coefficienti!$B$9*$A7)+Coefficienti!$B$10)*(1-Parametri!$B$4))*(1+Parametri!$B$5)+FerrGriglia!D6+Coefficienti!$B$11*Parametri!$B$6,2)*(1+Parametri!$B$7),2) | E7: =ROUND(ROUND((((Coefficienti!$B$1+Coefficienti!$B$2*E$2+Coefficienti!$B$3*$A7)*Parametri!$B$1+(Coefficienti!$B$4+Coefficienti!$B$5*E$2+Coefficienti!$B$6*$A7)*Parametri!$B$2)*(1-Parametri!$B$3)+((Coefficienti!$B$7+Coefficienti!$B$8*E$2+Coefficienti!$B$9*$A7)+Coefficienti!$B$10)*(1-Parametri!$B$4))*(1+Parametri!$B$5)+FerrGriglia!E6+Coefficienti!$B$11*Parametri!$B$6,2)*(1+Parametri!$B$7),2) | F7: =ROUND(ROUND((((Coefficienti!$B$1+Coefficienti!$B$2*F$2+Coefficienti!$B$3*$A7)*Parametri!$B$1+(Coefficienti!$B$4+Coefficienti!$B$5*F$2+Coefficienti!$B$6*$A7)*Parametri!$B$2)*(1-Parametri!$B$3)+((Coefficienti!$B$7+Coefficienti!$B$8*F$2+Coefficienti!$B$9*$A7)+Coefficienti!$B$10)*(1-Parametri!$B$4))*(1+Parametri!$B$5)+FerrGriglia!F6+Coefficienti!$B$11*Parametri!$B$6,2)*(1+Parametri!$B$7),2) | G7: =ROUND(ROUND((((Coefficienti!$B$1+Coefficienti!$B$2*G$2+Coefficienti!$B$3*$A7)*Parametri!$B$1+(Coefficienti!$B$4+Coefficienti!$B$5*G$2+Coefficienti!$B$6*$A7)*Parametri!$B$2)*(1-Parametri!$B$3)+((Coefficienti!$B$7+Coefficienti!$B$8*G$2+Coefficienti!$B$9*$A7)+Coefficienti!$B$10)*(1-Parametri!$B$4))*(1+Parametri!$B$5)+FerrGriglia!G6+Coefficienti!$B$11*Parametri!$B$6,2)*(1+Parametri!$B$7),2) | H7: =ROUND(ROUND((((Coefficienti!$B$1+Coefficienti!$B$2*H$2+Coefficienti!$B$3*$A7)*Parametri!$B$1+(Coefficienti!$B$4+Coefficienti!$B$5*H$2+Coefficienti!$B$6*$A7)*Parametri!$B$2)*(1-Parametri!$B$3)+((Coefficienti!$B$7+Coefficienti!$B$8*H$2+Coefficienti!$B$9*$A7)+Coefficienti!$B$10)*(1-Parametri!$B$4))*(1+Parametri!$B$5)+FerrGriglia!H6+Coefficienti!$B$11*Parametri!$B$6,2)*(1+Parametri!$B$7),2) | I7: =ROUND(ROUND((((Coefficienti!$B$1+Coefficienti!$B$2*I$2+Coefficienti!$B$3*$A7)*Parametri!$B$1+(Coefficienti!$B$4+Coefficienti!$B$5*I$2+Coefficienti!$B$6*$A7)*Parametri!$B$2)*(1-Parametri!$B$3)+((Coefficienti!$B$7+Coefficienti!$B$8*I$2+Coefficienti!$B$9*$A7)+Coefficienti!$B$10)*(1-Parametri!$B$4))*(1+Parametri!$B$5)+FerrGriglia!I6+Coefficienti!$B$11*Parametri!$B$6,2)*(1+Parametri!$B$7),2) | ... L7: =ROUND(ROUND((((Coefficienti!$B$1+Coefficienti!$B$2*L$2+Coefficienti!$B$3*$A7)*Parametri!$B$1+(Coefficienti!$B$4+Coefficienti!$B$5*L$2+Coefficienti!$B$6*$A7)*Parametri!$B$2)*(1-Parametri!$B$3)+((Coefficienti!$B$7+Coefficienti!$B$8*L$2+Coefficienti!$B$9*$A7)+Coefficienti!$B$10)*(1-Parametri!$B$4))*(1+Parametri!$B$5)+FerrGriglia!L6+Coefficienti!$B$11*Parametri!$B$6,2)*(1+Parametri!$B$7),2)
A8: 2400 | B8: =ROUND(ROUND((((Coefficienti!$B$1+Coefficienti!$B$2*B$2+Coefficienti!$B$3*$A8)*Parametri!$B$1+(Coefficienti!$B$4+Coefficienti!$B$5*B$2+Coefficienti!$B$6*$A8)*Parametri!$B$2)*(1-Parametri!$B$3)+((Coefficienti!$B$7+Coefficienti!$B$8*B$2+Coefficienti!$B$9*$A8)+Coefficienti!$B$10)*(1-Parametri!$B$4))*(1+Parametri!$B$5)+FerrGriglia!B7+Coefficienti!$B$11*Parametri!$B$6,2)*(1+Parametri!$B$7),2) | C8: =ROUND(ROUND((((Coefficienti!$B$1+Coefficienti!$B$2*C$2+Coefficienti!$B$3*$A8)*Parametri!$B$1+(Coefficienti!$B$4+Coefficienti!$B$5*C$2+Coefficienti!$B$6*$A8)*Parametri!$B$2)*(1-Parametri!$B$3)+((Coefficienti!$B$7+Coefficienti!$B$8*C$2+Coefficienti!$B$9*$A8)+Coefficienti!$B$10)*(1-Parametri!$B$4))*(1+Parametri!$B$5)+FerrGriglia!C7+Coefficienti!$B$11*Parametri!$B$6,2)*(1+Parametri!$B$7),2) | D8: =ROUND(ROUND((((Coefficienti!$B$1+Coefficienti!$B$2*D$2+Coefficienti!$B$3*$A8)*Parametri!$B$1+(Coefficienti!$B$4+Coefficienti!$B$5*D$2+Coefficienti!$B$6*$A8)*Parametri!$B$2)*(1-Parametri!$B$3)+((Coefficienti!$B$7+Coefficienti!$B$8*D$2+Coefficienti!$B$9*$A8)+Coefficienti!$B$10)*(1-Parametri!$B$4))*(1+Parametri!$B$5)+FerrGriglia!D7+Coefficienti!$B$11*Parametri!$B$6,2)*(1+Parametri!$B$7),2) | E8: =ROUND(ROUND((((Coefficienti!$B$1+Coefficienti!$B$2*E$2+Coefficienti!$B$3*$A8)*Parametri!$B$1+(Coefficienti!$B$4+Coefficienti!$B$5*E$2+Coefficienti!$B$6*$A8)*Parametri!$B$2)*(1-Parametri!$B$3)+((Coefficienti!$B$7+Coefficienti!$B$8*E$2+Coefficienti!$B$9*$A8)+Coefficienti!$B$10)*(1-Parametri!$B$4))*(1+Parametri!$B$5)+FerrGriglia!E7+Coefficienti!$B$11*Parametri!$B$6,2)*(1+Parametri!$B$7),2) | F8: =ROUND(ROUND((((Coefficienti!$B$1+Coefficienti!$B$2*F$2+Coefficienti!$B$3*$A8)*Parametri!$B$1+(Coefficienti!$B$4+Coefficienti!$B$5*F$2+Coefficienti!$B$6*$A8)*Parametri!$B$2)*(1-Parametri!$B$3)+((Coefficienti!$B$7+Coefficienti!$B$8*F$2+Coefficienti!$B$9*$A8)+Coefficienti!$B$10)*(1-Parametri!$B$4))*(1+Parametri!$B$5)+FerrGriglia!F7+Coefficienti!$B$11*Parametri!$B$6,2)*(1+Parametri!$B$7),2) | G8: =ROUND(ROUND((((Coefficienti!$B$1+Coefficienti!$B$2*G$2+Coefficienti!$B$3*$A8)*Parametri!$B$1+(Coefficienti!$B$4+Coefficienti!$B$5*G$2+Coefficienti!$B$6*$A8)*Parametri!$B$2)*(1-Parametri!$B$3)+((Coefficienti!$B$7+Coefficienti!$B$8*G$2+Coefficienti!$B$9*$A8)+Coefficienti!$B$10)*(1-Parametri!$B$4))*(1+Parametri!$B$5)+FerrGriglia!G7+Coefficienti!$B$11*Parametri!$B$6,2)*(1+Parametri!$B$7),2) | H8: =ROUND(ROUND((((Coefficienti!$B$1+Coefficienti!$B$2*H$2+Coefficienti!$B$3*$A8)*Parametri!$B$1+(Coefficienti!$B$4+Coefficienti!$B$5*H$2+Coefficienti!$B$6*$A8)*Parametri!$B$2)*(1-Parametri!$B$3)+((Coefficienti!$B$7+Coefficienti!$B$8*H$2+Coefficienti!$B$9*$A8)+Coefficienti!$B$10)*(1-Parametri!$B$4))*(1+Parametri!$B$5)+FerrGriglia!H7+Coefficienti!$B$11*Parametri!$B$6,2)*(1+Parametri!$B$7),2) | I8: =ROUND(ROUND((((Coefficienti!$B$1+Coefficienti!$B$2*I$2+Coefficienti!$B$3*$A8)*Parametri!$B$1+(Coefficienti!$B$4+Coefficienti!$B$5*I$2+Coefficienti!$B$6*$A8)*Parametri!$B$2)*(1-Parametri!$B$3)+((Coefficienti!$B$7+Coefficienti!$B$8*I$2+Coefficienti!$B$9*$A8)+Coefficienti!$B$10)*(1-Parametri!$B$4))*(1+Parametri!$B$5)+FerrGriglia!I7+Coefficienti!$B$11*Parametri!$B$6,2)*(1+Parametri!$B$7),2) | ... L8: =ROUND(ROUND((((Coefficienti!$B$1+Coefficienti!$B$2*L$2+Coefficienti!$B$3*$A8)*Parametri!$B$1+(Coefficienti!$B$4+Coefficienti!$B$5*L$2+Coefficienti!$B$6*$A8)*Parametri!$B$2)*(1-Parametri!$B$3)+((Coefficienti!$B$7+Coefficienti!$B$8*L$2+Coefficienti!$B$9*$A8)+Coefficienti!$B$10)*(1-Parametri!$B$4))*(1+Parametri!$B$5)+FerrGriglia!L7+Coefficienti!$B$11*Parametri!$B$6,2)*(1+Parametri!$B$7),2)
A9: 2500 | B9: =ROUND(ROUND((((Coefficienti!$B$1+Coefficienti!$B$2*B$2+Coefficienti!$B$3*$A9)*Parametri!$B$1+(Coefficienti!$B$4+Coefficienti!$B$5*B$2+Coefficienti!$B$6*$A9)*Parametri!$B$2)*(1-Parametri!$B$3)+((Coefficienti!$B$7+Coefficienti!$B$8*B$2+Coefficienti!$B$9*$A9)+Coefficienti!$B$10)*(1-Parametri!$B$4))*(1+Parametri!$B$5)+FerrGriglia!B8+Coefficienti!$B$11*Parametri!$B$6,2)*(1+Parametri!$B$7),2) | C9: =ROUND(ROUND((((Coefficienti!$B$1+Coefficienti!$B$2*C$2+Coefficienti!$B$3*$A9)*Parametri!$B$1+(Coefficienti!$B$4+Coefficienti!$B$5*C$2+Coefficienti!$B$6*$A9)*Parametri!$B$2)*(1-Parametri!$B$3)+((Coefficienti!$B$7+Coefficienti!$B$8*C$2+Coefficienti!$B$9*$A9)+Coefficienti!$B$10)*(1-Parametri!$B$4))*(1+Parametri!$B$5)+FerrGriglia!C8+Coefficienti!$B$11*Parametri!$B$6,2)*(1+Parametri!$B$7),2) | D9: =ROUND(ROUND((((Coefficienti!$B$1+Coefficienti!$B$2*D$2+Coefficienti!$B$3*$A9)*Parametri!$B$1+(Coefficienti!$B$4+Coefficienti!$B$5*D$2+Coefficienti!$B$6*$A9)*Parametri!$B$2)*(1-Parametri!$B$3)+((Coefficienti!$B$7+Coefficienti!$B$8*D$2+Coefficienti!$B$9*$A9)+Coefficienti!$B$10)*(1-Parametri!$B$4))*(1+Parametri!$B$5)+FerrGriglia!D8+Coefficienti!$B$11*Parametri!$B$6,2)*(1+Parametri!$B$7),2) | E9: =ROUND(ROUND((((Coefficienti!$B$1+Coefficienti!$B$2*E$2+Coefficienti!$B$3*$A9)*Parametri!$B$1+(Coefficienti!$B$4+Coefficienti!$B$5*E$2+Coefficienti!$B$6*$A9)*Parametri!$B$2)*(1-Parametri!$B$3)+((Coefficienti!$B$7+Coefficienti!$B$8*E$2+Coefficienti!$B$9*$A9)+Coefficienti!$B$10)*(1-Parametri!$B$4))*(1+Parametri!$B$5)+FerrGriglia!E8+Coefficienti!$B$11*Parametri!$B$6,2)*(1+Parametri!$B$7),2) | F9: =ROUND(ROUND((((Coefficienti!$B$1+Coefficienti!$B$2*F$2+Coefficienti!$B$3*$A9)*Parametri!$B$1+(Coefficienti!$B$4+Coefficienti!$B$5*F$2+Coefficienti!$B$6*$A9)*Parametri!$B$2)*(1-Parametri!$B$3)+((Coefficienti!$B$7+Coefficienti!$B$8*F$2+Coefficienti!$B$9*$A9)+Coefficienti!$B$10)*(1-Parametri!$B$4))*(1+Parametri!$B$5)+FerrGriglia!F8+Coefficienti!$B$11*Parametri!$B$6,2)*(1+Parametri!$B$7),2) | G9: =ROUND(ROUND((((Coefficienti!$B$1+Coefficienti!$B$2*G$2+Coefficienti!$B$3*$A9)*Parametri!$B$1+(Coefficienti!$B$4+Coefficienti!$B$5*G$2+Coefficienti!$B$6*$A9)*Parametri!$B$2)*(1-Parametri!$B$3)+((Coefficienti!$B$7+Coefficienti!$B$8*G$2+Coefficienti!$B$9*$A9)+Coefficienti!$B$10)*(1-Parametri!$B$4))*(1+Parametri!$B$5)+FerrGriglia!G8+Coefficienti!$B$11*Parametri!$B$6,2)*(1+Parametri!$B$7),2) | H9: =ROUND(ROUND((((Coefficienti!$B$1+Coefficienti!$B$2*H$2+Coefficienti!$B$3*$A9)*Parametri!$B$1+(Coefficienti!$B$4+Coefficienti!$B$5*H$2+Coefficienti!$B$6*$A9)*Parametri!$B$2)*(1-Parametri!$B$3)+((Coefficienti!$B$7+Coefficienti!$B$8*H$2+Coefficienti!$B$9*$A9)+Coefficienti!$B$10)*(1-Parametri!$B$4))*(1+Parametri!$B$5)+FerrGriglia!H8+Coefficienti!$B$11*Parametri!$B$6,2)*(1+Parametri!$B$7),2) | I9: =ROUND(ROUND((((Coefficienti!$B$1+Coefficienti!$B$2*I$2+Coefficienti!$B$3*$A9)*Parametri!$B$1+(Coefficienti!$B$4+Coefficienti!$B$5*I$2+Coefficienti!$B$6*$A9)*Parametri!$B$2)*(1-Parametri!$B$3)+((Coefficienti!$B$7+Coefficienti!$B$8*I$2+Coefficienti!$B$9*$A9)+Coefficienti!$B$10)*(1-Parametri!$B$4))*(1+Parametri!$B$5)+FerrGriglia!I8+Coefficienti!$B$11*Parametri!$B$6,2)*(1+Parametri!$B$7),2) | ... L9: =ROUND(ROUND((((Coefficienti!$B$1+Coefficienti!$B$2*L$2+Coefficienti!$B$3*$A9)*Parametri!$B$1+(Coefficienti!$B$4+Coefficienti!$B$5*L$2+Coefficienti!$B$6*$A9)*Parametri!$B$2)*(1-Parametri!$B$3)+((Coefficienti!$B$7+Coefficienti!$B$8*L$2+Coefficienti!$B$9*$A9)+Coefficienti!$B$10)*(1-Parametri!$B$4))*(1+Parametri!$B$5)+FerrGriglia!L8+Coefficienti!$B$11*Parametri!$B$6,2)*(1+Parametri!$B$7),2)
A10: 2600 | B10: =ROUND(ROUND((((Coefficienti!$B$1+Coefficienti!$B$2*B$2+Coefficienti!$B$3*$A10)*Parametri!$B$1+(Coefficienti!$B$4+Coefficienti!$B$5*B$2+Coefficienti!$B$6*$A10)*Parametri!$B$2)*(1-Parametri!$B$3)+((Coefficienti!$B$7+Coefficienti!$B$8*B$2+Coefficienti!$B$9*$A10)+Coefficienti!$B$10)*(1-Parametri!$B$4))*(1+Parametri!$B$5)+FerrGriglia!B9+Coefficienti!$B$11*Parametri!$B$6,2)*(1+Parametri!$B$7),2) | C10: =ROUND(ROUND((((Coefficienti!$B$1+Coefficienti!$B$2*C$2+Coefficienti!$B$3*$A10)*Parametri!$B$1+(Coefficienti!$B$4+Coefficienti!$B$5*C$2+Coefficienti!$B$6*$A10)*Parametri!$B$2)*(1-Parametri!$B$3)+((Coefficienti!$B$7+Coefficienti!$B$8*C$2+Coefficienti!$B$9*$A10)+Coefficienti!$B$10)*(1-Parametri!$B$4))*(1+Parametri!$B$5)+FerrGriglia!C9+Coefficienti!$B$11*Parametri!$B$6,2)*(1+Parametri!$B$7),2) | D10: =ROUND(ROUND((((Coefficienti!$B$1+Coefficienti!$B$2*D$2+Coefficienti!$B$3*$A10)*Parametri!$B$1+(Coefficienti!$B$4+Coefficienti!$B$5*D$2+Coefficienti!$B$6*$A10)*Parametri!$B$2)*(1-Parametri!$B$3)+((Coefficienti!$B$7+Coefficienti!$B$8*D$2+Coefficienti!$B$9*$A10)+Coefficienti!$B$10)*(1-Parametri!$B$4))*(1+Parametri!$B$5)+FerrGriglia!D9+Coefficienti!$B$11*Parametri!$B$6,2)*(1+Parametri!$B$7),2) | E10: =ROUND(ROUND((((Coefficienti!$B$1+Coefficienti!$B$2*E$2+Coefficienti!$B$3*$A10)*Parametri!$B$1+(Coefficienti!$B$4+Coefficienti!$B$5*E$2+Coefficienti!$B$6*$A10)*Parametri!$B$2)*(1-Parametri!$B$3)+((Coefficienti!$B$7+Coefficienti!$B$8*E$2+Coefficienti!$B$9*$A10)+Coefficienti!$B$10)*(1-Parametri!$B$4))*(1+Parametri!$B$5)+FerrGriglia!E9+Coefficienti!$B$11*Parametri!$B$6,2)*(1+Parametri!$B$7),2) | F10: =ROUND(ROUND((((Coefficienti!$B$1+Coefficienti!$B$2*F$2+Coefficienti!$B$3*$A10)*Parametri!$B$1+(Coefficienti!$B$4+Coefficienti!$B$5*F$2+Coefficienti!$B$6*$A10)*Parametri!$B$2)*(1-Parametri!$B$3)+((Coefficienti!$B$7+Coefficienti!$B$8*F$2+Coefficienti!$B$9*$A10)+Coefficienti!$B$10)*(1-Parametri!$B$4))*(1+Parametri!$B$5)+FerrGriglia!F9+Coefficienti!$B$11*Parametri!$B$6,2)*(1+Parametri!$B$7),2) | G10: =ROUND(ROUND((((Coefficienti!$B$1+Coefficienti!$B$2*G$2+Coefficienti!$B$3*$A10)*Parametri!$B$1+(Coefficienti!$B$4+Coefficienti!$B$5*G$2+Coefficienti!$B$6*$A10)*Parametri!$B$2)*(1-Parametri!$B$3)+((Coefficienti!$B$7+Coefficienti!$B$8*G$2+Coefficienti!$B$9*$A10)+Coefficienti!$B$10)*(1-Parametri!$B$4))*(1+Parametri!$B$5)+FerrGriglia!G9+Coefficienti!$B$11*Parametri!$B$6,2)*(1+Parametri!$B$7),2) | H10: =ROUND(ROUND((((Coefficienti!$B$1+Coefficienti!$B$2*H$2+Coefficienti!$B$3*$A10)*Parametri!$B$1+(Coefficienti!$B$4+Coefficienti!$B$5*H$2+Coefficienti!$B$6*$A10)*Parametri!$B$2)*(1-Parametri!$B$3)+((Coefficienti!$B$7+Coefficienti!$B$8*H$2+Coefficienti!$B$9*$A10)+Coefficienti!$B$10)*(1-Parametri!$B$4))*(1+Parametri!$B$5)+FerrGriglia!H9+Coefficienti!$B$11*Parametri!$B$6,2)*(1+Parametri!$B$7),2) | I10: =ROUND(ROUND((((Coefficienti!$B$1+Coefficienti!$B$2*I$2+Coefficienti!$B$3*$A10)*Parametri!$B$1+(Coefficienti!$B$4+Coefficienti!$B$5*I$2+Coefficienti!$B$6*$A10)*Parametri!$B$2)*(1-Parametri!$B$3)+((Coefficienti!$B$7+Coefficienti!$B$8*I$2+Coefficienti!$B$9*$A10)+Coefficienti!$B$10)*(1-Parametri!$B$4))*(1+Parametri!$B$5)+FerrGriglia!I9+Coefficienti!$B$11*Parametri!$B$6,2)*(1+Parametri!$B$7),2) | ... L10: =ROUND(ROUND((((Coefficienti!$B$1+Coefficienti!$B$2*L$2+Coefficienti!$B$3*$A10)*Parametri!$B$1+(Coefficienti!$B$4+Coefficienti!$B$5*L$2+Coefficienti!$B$6*$A10)*Parametri!$B$2)*(1-Parametri!$B$3)+((Coefficienti!$B$7+Coefficienti!$B$8*L$2+Coefficienti!$B$9*$A10)+Coefficienti!$B$10)*(1-Parametri!$B$4))*(1+Parametri!$B$5)+FerrGriglia!L9+Coefficienti!$B$11*Parametri!$B$6,2)*(1+Parametri!$B$7),2)
A11: 2700 | B11: =ROUND(ROUND((((Coefficienti!$B$1+Coefficienti!$B$2*B$2+Coefficienti!$B$3*$A11)*Parametri!$B$1+(Coefficienti!$B$4+Coefficienti!$B$5*B$2+Coefficienti!$B$6*$A11)*Parametri!$B$2)*(1-Parametri!$B$3)+((Coefficienti!$B$7+Coefficienti!$B$8*B$2+Coefficienti!$B$9*$A11)+Coefficienti!$B$10)*(1-Parametri!$B$4))*(1+Parametri!$B$5)+FerrGriglia!B10+Coefficienti!$B$11*Parametri!$B$6,2)*(1+Parametri!$B$7),2) | C11: =ROUND(ROUND((((Coefficienti!$B$1+Coefficienti!$B$2*C$2+Coefficienti!$B$3*$A11)*Parametri!$B$1+(Coefficienti!$B$4+Coefficienti!$B$5*C$2+Coefficienti!$B$6*$A11)*Parametri!$B$2)*(1-Parametri!$B$3)+((Coefficienti!$B$7+Coefficienti!$B$8*C$2+Coefficienti!$B$9*$A11)+Coefficienti!$B$10)*(1-Parametri!$B$4))*(1+Parametri!$B$5)+FerrGriglia!C10+Coefficienti!$B$11*Parametri!$B$6,2)*(1+Parametri!$B$7),2) | D11: =ROUND(ROUND((((Coefficienti!$B$1+Coefficienti!$B$2*D$2+Coefficienti!$B$3*$A11)*Parametri!$B$1+(Coefficienti!$B$4+Coefficienti!$B$5*D$2+Coefficienti!$B$6*$A11)*Parametri!$B$2)*(1-Parametri!$B$3)+((Coefficienti!$B$7+Coefficienti!$B$8*D$2+Coefficienti!$B$9*$A11)+Coefficienti!$B$10)*(1-Parametri!$B$4))*(1+Parametri!$B$5)+FerrGriglia!D10+Coefficienti!$B$11*Parametri!$B$6,2)*(1+Parametri!$B$7),2) | E11: =ROUND(ROUND((((Coefficienti!$B$1+Coefficienti!$B$2*E$2+Coefficienti!$B$3*$A11)*Parametri!$B$1+(Coefficienti!$B$4+Coefficienti!$B$5*E$2+Coefficienti!$B$6*$A11)*Parametri!$B$2)*(1-Parametri!$B$3)+((Coefficienti!$B$7+Coefficienti!$B$8*E$2+Coefficienti!$B$9*$A11)+Coefficienti!$B$10)*(1-Parametri!$B$4))*(1+Parametri!$B$5)+FerrGriglia!E10+Coefficienti!$B$11*Parametri!$B$6,2)*(1+Parametri!$B$7),2) | F11: =ROUND(ROUND((((Coefficienti!$B$1+Coefficienti!$B$2*F$2+Coefficienti!$B$3*$A11)*Parametri!$B$1+(Coefficienti!$B$4+Coefficienti!$B$5*F$2+Coefficienti!$B$6*$A11)*Parametri!$B$2)*(1-Parametri!$B$3)+((Coefficienti!$B$7+Coefficienti!$B$8*F$2+Coefficienti!$B$9*$A11)+Coefficienti!$B$10)*(1-Parametri!$B$4))*(1+Parametri!$B$5)+FerrGriglia!F10+Coefficienti!$B$11*Parametri!$B$6,2)*(1+Parametri!$B$7),2) | G11: =ROUND(ROUND((((Coefficienti!$B$1+Coefficienti!$B$2*G$2+Coefficienti!$B$3*$A11)*Parametri!$B$1+(Coefficienti!$B$4+Coefficienti!$B$5*G$2+Coefficienti!$B$6*$A11)*Parametri!$B$2)*(1-Parametri!$B$3)+((Coefficienti!$B$7+Coefficienti!$B$8*G$2+Coefficienti!$B$9*$A11)+Coefficienti!$B$10)*(1-Parametri!$B$4))*(1+Parametri!$B$5)+FerrGriglia!G10+Coefficienti!$B$11*Parametri!$B$6,2)*(1+Parametri!$B$7),2) | H11: =ROUND(ROUND((((Coefficienti!$B$1+Coefficienti!$B$2*H$2+Coefficienti!$B$3*$A11)*Parametri!$B$1+(Coefficienti!$B$4+Coefficienti!$B$5*H$2+Coefficienti!$B$6*$A11)*Parametri!$B$2)*(1-Parametri!$B$3)+((Coefficienti!$B$7+Coefficienti!$B$8*H$2+Coefficienti!$B$9*$A11)+Coefficienti!$B$10)*(1-Parametri!$B$4))*(1+Parametri!$B$5)+FerrGriglia!H10+Coefficienti!$B$11*Parametri!$B$6,2)*(1+Parametri!$B$7),2) | I11: =ROUND(ROUND((((Coefficienti!$B$1+Coefficienti!$B$2*I$2+Coefficienti!$B$3*$A11)*Parametri!$B$1+(Coefficienti!$B$4+Coefficienti!$B$5*I$2+Coefficienti!$B$6*$A11)*Parametri!$B$2)*(1-Parametri!$B$3)+((Coefficienti!$B$7+Coefficienti!$B$8*I$2+Coefficienti!$B$9*$A11)+Coefficienti!$B$10)*(1-Parametri!$B$4))*(1+Parametri!$B$5)+FerrGriglia!I10+Coefficienti!$B$11*Parametri!$B$6,2)*(1+Parametri!$B$7),2) | ... L11: =ROUND(ROUND((((Coefficienti!$B$1+Coefficienti!$B$2*L$2+Coefficienti!$B$3*$A11)*Parametri!$B$1+(Coefficienti!$B$4+Coefficienti!$B$5*L$2+Coefficienti!$B$6*$A11)*Parametri!$B$2)*(1-Parametri!$B$3)+((Coefficienti!$B$7+Coefficienti!$B$8*L$2+Coefficienti!$B$9*$A11)+Coefficienti!$B$10)*(1-Parametri!$B$4))*(1+Parametri!$B$5)+FerrGriglia!L10+Coefficienti!$B$11*Parametri!$B$6,2)*(1+Parametri!$B$7),2)
A14: COSTO SERRAMENTO (materiale scontato + sfrido + manodopera)
A15: H/L | B15: 800 | C15: 900 | D15: 1000 | E15: 1100 | F15: 1200 | G15: 1300 | H15: 1400 | I15: 1500 | J15: 1600 | K15: 1700 | L15: 1800
A16: 1900 | B16: =ROUND((((Coefficienti!$B$1+Coefficienti!$B$2*B$15+Coefficienti!$B$3*$A16)*Parametri!$B$1+(Coefficienti!$B$4+Coefficienti!$B$5*B$15+Coefficienti!$B$6*$A16)*Parametri!$B$2)*(1-Parametri!$B$3)+((Coefficienti!$B$7+Coefficienti!$B$8*B$15+Coefficienti!$B$9*$A16)+Coefficienti!$B$10)*(1-Parametri!$B$4))*(1+Parametri!$B$5)+FerrGriglia!B2+Coefficienti!$B$11*Parametri!$B$6,2) | C16: =ROUND((((Coefficienti!$B$1+Coefficienti!$B$2*C$15+Coefficienti!$B$3*$A16)*Parametri!$B$1+(Coefficienti!$B$4+Coefficienti!$B$5*C$15+Coefficienti!$B$6*$A16)*Parametri!$B$2)*(1-Parametri!$B$3)+((Coefficienti!$B$7+Coefficienti!$B$8*C$15+Coefficienti!$B$9*$A16)+Coefficienti!$B$10)*(1-Parametri!$B$4))*(1+Parametri!$B$5)+FerrGriglia!C2+Coefficienti!$B$11*Parametri!$B$6,2) | D16: =ROUND((((Coefficienti!$B$1+Coefficienti!$B$2*D$15+Coefficienti!$B$3*$A16)*Parametri!$B$1+(Coefficienti!$B$4+Coefficienti!$B$5*D$15+Coefficienti!$B$6*$A16)*Parametri!$B$2)*(1-Parametri!$B$3)+((Coefficienti!$B$7+Coefficienti!$B$8*D$15+Coefficienti!$B$9*$A16)+Coefficienti!$B$10)*(1-Parametri!$B$4))*(1+Parametri!$B$5)+FerrGriglia!D2+Coefficienti!$B$11*Parametri!$B$6,2) | E16: =ROUND((((Coefficienti!$B$1+Coefficienti!$B$2*E$15+Coefficienti!$B$3*$A16)*Parametri!$B$1+(Coefficienti!$B$4+Coefficienti!$B$5*E$15+Coefficienti!$B$6*$A16)*Parametri!$B$2)*(1-Parametri!$B$3)+((Coefficienti!$B$7+Coefficienti!$B$8*E$15+Coefficienti!$B$9*$A16)+Coefficienti!$B$10)*(1-Parametri!$B$4))*(1+Parametri!$B$5)+FerrGriglia!E2+Coefficienti!$B$11*Parametri!$B$6,2) | F16: =ROUND((((Coefficienti!$B$1+Coefficienti!$B$2*F$15+Coefficienti!$B$3*$A16)*Parametri!$B$1+(Coefficienti!$B$4+Coefficienti!$B$5*F$15+Coefficienti!$B$6*$A16)*Parametri!$B$2)*(1-Parametri!$B$3)+((Coefficienti!$B$7+Coefficienti!$B$8*F$15+Coefficienti!$B$9*$A16)+Coefficienti!$B$10)*(1-Parametri!$B$4))*(1+Parametri!$B$5)+FerrGriglia!F2+Coefficienti!$B$11*Parametri!$B$6,2) | G16: =ROUND((((Coefficienti!$B$1+Coefficienti!$B$2*G$15+Coefficienti!$B$3*$A16)*Parametri!$B$1+(Coefficienti!$B$4+Coefficienti!$B$5*G$15+Coefficienti!$B$6*$A16)*Parametri!$B$2)*(1-Parametri!$B$3)+((Coefficienti!$B$7+Coefficienti!$B$8*G$15+Coefficienti!$B$9*$A16)+Coefficienti!$B$10)*(1-Parametri!$B$4))*(1+Parametri!$B$5)+FerrGriglia!G2+Coefficienti!$B$11*Parametri!$B$6,2) | H16: =ROUND((((Coefficienti!$B$1+Coefficienti!$B$2*H$15+Coefficienti!$B$3*$A16)*Parametri!$B$1+(Coefficienti!$B$4+Coefficienti!$B$5*H$15+Coefficienti!$B$6*$A16)*Parametri!$B$2)*(1-Parametri!$B$3)+((Coefficienti!$B$7+Coefficienti!$B$8*H$15+Coefficienti!$B$9*$A16)+Coefficienti!$B$10)*(1-Parametri!$B$4))*(1+Parametri!$B$5)+FerrGriglia!H2+Coefficienti!$B$11*Parametri!$B$6,2) | I16: =ROUND((((Coefficienti!$B$1+Coefficienti!$B$2*I$15+Coefficienti!$B$3*$A16)*Parametri!$B$1+(Coefficienti!$B$4+Coefficienti!$B$5*I$15+Coefficienti!$B$6*$A16)*Parametri!$B$2)*(1-Parametri!$B$3)+((Coefficienti!$B$7+Coefficienti!$B$8*I$15+Coefficienti!$B$9*$A16)+Coefficienti!$B$10)*(1-Parametri!$B$4))*(1+Parametri!$B$5)+FerrGriglia!I2+Coefficienti!$B$11*Parametri!$B$6,2) | ... L16: =ROUND((((Coefficienti!$B$1+Coefficienti!$B$2*L$15+Coefficienti!$B$3*$A16)*Parametri!$B$1+(Coefficienti!$B$4+Coefficienti!$B$5*L$15+Coefficienti!$B$6*$A16)*Parametri!$B$2)*(1-Parametri!$B$3)+((Coefficienti!$B$7+Coefficienti!$B$8*L$15+Coefficienti!$B$9*$A16)+Coefficienti!$B$10)*(1-Parametri!$B$4))*(1+Parametri!$B$5)+FerrGriglia!L2+Coefficienti!$B$11*Parametri!$B$6,2)
A17: 2000 | B17: =ROUND((((Coefficienti!$B$1+Coefficienti!$B$2*B$15+Coefficienti!$B$3*$A17)*Parametri!$B$1+(Coefficienti!$B$4+Coefficienti!$B$5*B$15+Coefficienti!$B$6*$A17)*Parametri!$B$2)*(1-Parametri!$B$3)+((Coefficienti!$B$7+Coefficienti!$B$8*B$15+Coefficienti!$B$9*$A17)+Coefficienti!$B$10)*(1-Parametri!$B$4))*(1+Parametri!$B$5)+FerrGriglia!B3+Coefficienti!$B$11*Parametri!$B$6,2) | C17: =ROUND((((Coefficienti!$B$1+Coefficienti!$B$2*C$15+Coefficienti!$B$3*$A17)*Parametri!$B$1+(Coefficienti!$B$4+Coefficienti!$B$5*C$15+Coefficienti!$B$6*$A17)*Parametri!$B$2)*(1-Parametri!$B$3)+((Coefficienti!$B$7+Coefficienti!$B$8*C$15+Coefficienti!$B$9*$A17)+Coefficienti!$B$10)*(1-Parametri!$B$4))*(1+Parametri!$B$5)+FerrGriglia!C3+Coefficienti!$B$11*Parametri!$B$6,2) | D17: =ROUND((((Coefficienti!$B$1+Coefficienti!$B$2*D$15+Coefficienti!$B$3*$A17)*Parametri!$B$1+(Coefficienti!$B$4+Coefficienti!$B$5*D$15+Coefficienti!$B$6*$A17)*Parametri!$B$2)*(1-Parametri!$B$3)+((Coefficienti!$B$7+Coefficienti!$B$8*D$15+Coefficienti!$B$9*$A17)+Coefficienti!$B$10)*(1-Parametri!$B$4))*(1+Parametri!$B$5)+FerrGriglia!D3+Coefficienti!$B$11*Parametri!$B$6,2) | E17: =ROUND((((Coefficienti!$B$1+Coefficienti!$B$2*E$15+Coefficienti!$B$3*$A17)*Parametri!$B$1+(Coefficienti!$B$4+Coefficienti!$B$5*E$15+Coefficienti!$B$6*$A17)*Parametri!$B$2)*(1-Parametri!$B$3)+((Coefficienti!$B$7+Coefficienti!$B$8*E$15+Coefficienti!$B$9*$A17)+Coefficienti!$B$10)*(1-Parametri!$B$4))*(1+Parametri!$B$5)+FerrGriglia!E3+Coefficienti!$B$11*Parametri!$B$6,2) | F17: =ROUND((((Coefficienti!$B$1+Coefficienti!$B$2*F$15+Coefficienti!$B$3*$A17)*Parametri!$B$1+(Coefficienti!$B$4+Coefficienti!$B$5*F$15+Coefficienti!$B$6*$A17)*Parametri!$B$2)*(1-Parametri!$B$3)+((Coefficienti!$B$7+Coefficienti!$B$8*F$15+Coefficienti!$B$9*$A17)+Coefficienti!$B$10)*(1-Parametri!$B$4))*(1+Parametri!$B$5)+FerrGriglia!F3+Coefficienti!$B$11*Parametri!$B$6,2) | G17: =ROUND((((Coefficienti!$B$1+Coefficienti!$B$2*G$15+Coefficienti!$B$3*$A17)*Parametri!$B$1+(Coefficienti!$B$4+Coefficienti!$B$5*G$15+Coefficienti!$B$6*$A17)*Parametri!$B$2)*(1-Parametri!$B$3)+((Coefficienti!$B$7+Coefficienti!$B$8*G$15+Coefficienti!$B$9*$A17)+Coefficienti!$B$10)*(1-Parametri!$B$4))*(1+Parametri!$B$5)+FerrGriglia!G3+Coefficienti!$B$11*Parametri!$B$6,2) | H17: =ROUND((((Coefficienti!$B$1+Coefficienti!$B$2*H$15+Coefficienti!$B$3*$A17)*Parametri!$B$1+(Coefficienti!$B$4+Coefficienti!$B$5*H$15+Coefficienti!$B$6*$A17)*Parametri!$B$2)*(1-Parametri!$B$3)+((Coefficienti!$B$7+Coefficienti!$B$8*H$15+Coefficienti!$B$9*$A17)+Coefficienti!$B$10)*(1-Parametri!$B$4))*(1+Parametri!$B$5)+FerrGriglia!H3+Coefficienti!$B$11*Parametri!$B$6,2) | I17: =ROUND((((Coefficienti!$B$1+Coefficienti!$B$2*I$15+Coefficienti!$B$3*$A17)*Parametri!$B$1+(Coefficienti!$B$4+Coefficienti!$B$5*I$15+Coefficienti!$B$6*$A17)*Parametri!$B$2)*(1-Parametri!$B$3)+((Coefficienti!$B$7+Coefficienti!$B$8*I$15+Coefficienti!$B$9*$A17)+Coefficienti!$B$10)*(1-Parametri!$B$4))*(1+Parametri!$B$5)+FerrGriglia!I3+Coefficienti!$B$11*Parametri!$B$6,2) | ... L17: =ROUND((((Coefficienti!$B$1+Coefficienti!$B$2*L$15+Coefficienti!$B$3*$A17)*Parametri!$B$1+(Coefficienti!$B$4+Coefficienti!$B$5*L$15+Coefficienti!$B$6*$A17)*Parametri!$B$2)*(1-Parametri!$B$3)+((Coefficienti!$B$7+Coefficienti!$B$8*L$15+Coefficienti!$B$9*$A17)+Coefficienti!$B$10)*(1-Parametri!$B$4))*(1+Parametri!$B$5)+FerrGriglia!L3+Coefficienti!$B$11*Parametri!$B$6,2)
A18: 2100 | B18: =ROUND((((Coefficienti!$B$1+Coefficienti!$B$2*B$15+Coefficienti!$B$3*$A18)*Parametri!$B$1+(Coefficienti!$B$4+Coefficienti!$B$5*B$15+Coefficienti!$B$6*$A18)*Parametri!$B$2)*(1-Parametri!$B$3)+((Coefficienti!$B$7+Coefficienti!$B$8*B$15+Coefficienti!$B$9*$A18)+Coefficienti!$B$10)*(1-Parametri!$B$4))*(1+Parametri!$B$5)+FerrGriglia!B4+Coefficienti!$B$11*Parametri!$B$6,2) | C18: =ROUND((((Coefficienti!$B$1+Coefficienti!$B$2*C$15+Coefficienti!$B$3*$A18)*Parametri!$B$1+(Coefficienti!$B$4+Coefficienti!$B$5*C$15+Coefficienti!$B$6*$A18)*Parametri!$B$2)*(1-Parametri!$B$3)+((Coefficienti!$B$7+Coefficienti!$B$8*C$15+Coefficienti!$B$9*$A18)+Coefficienti!$B$10)*(1-Parametri!$B$4))*(1+Parametri!$B$5)+FerrGriglia!C4+Coefficienti!$B$11*Parametri!$B$6,2) | D18: =ROUND((((Coefficienti!$B$1+Coefficienti!$B$2*D$15+Coefficienti!$B$3*$A18)*Parametri!$B$1+(Coefficienti!$B$4+Coefficienti!$B$5*D$15+Coefficienti!$B$6*$A18)*Parametri!$B$2)*(1-Parametri!$B$3)+((Coefficienti!$B$7+Coefficienti!$B$8*D$15+Coefficienti!$B$9*$A18)+Coefficienti!$B$10)*(1-Parametri!$B$4))*(1+Parametri!$B$5)+FerrGriglia!D4+Coefficienti!$B$11*Parametri!$B$6,2) | E18: =ROUND((((Coefficienti!$B$1+Coefficienti!$B$2*E$15+Coefficienti!$B$3*$A18)*Parametri!$B$1+(Coefficienti!$B$4+Coefficienti!$B$5*E$15+Coefficienti!$B$6*$A18)*Parametri!$B$2)*(1-Parametri!$B$3)+((Coefficienti!$B$7+Coefficienti!$B$8*E$15+Coefficienti!$B$9*$A18)+Coefficienti!$B$10)*(1-Parametri!$B$4))*(1+Parametri!$B$5)+FerrGriglia!E4+Coefficienti!$B$11*Parametri!$B$6,2) | F18: =ROUND((((Coefficienti!$B$1+Coefficienti!$B$2*F$15+Coefficienti!$B$3*$A18)*Parametri!$B$1+(Coefficienti!$B$4+Coefficienti!$B$5*F$15+Coefficienti!$B$6*$A18)*Parametri!$B$2)*(1-Parametri!$B$3)+((Coefficienti!$B$7+Coefficienti!$B$8*F$15+Coefficienti!$B$9*$A18)+Coefficienti!$B$10)*(1-Parametri!$B$4))*(1+Parametri!$B$5)+FerrGriglia!F4+Coefficienti!$B$11*Parametri!$B$6,2) | G18: =ROUND((((Coefficienti!$B$1+Coefficienti!$B$2*G$15+Coefficienti!$B$3*$A18)*Parametri!$B$1+(Coefficienti!$B$4+Coefficienti!$B$5*G$15+Coefficienti!$B$6*$A18)*Parametri!$B$2)*(1-Parametri!$B$3)+((Coefficienti!$B$7+Coefficienti!$B$8*G$15+Coefficienti!$B$9*$A18)+Coefficienti!$B$10)*(1-Parametri!$B$4))*(1+Parametri!$B$5)+FerrGriglia!G4+Coefficienti!$B$11*Parametri!$B$6,2) | H18: =ROUND((((Coefficienti!$B$1+Coefficienti!$B$2*H$15+Coefficienti!$B$3*$A18)*Parametri!$B$1+(Coefficienti!$B$4+Coefficienti!$B$5*H$15+Coefficienti!$B$6*$A18)*Parametri!$B$2)*(1-Parametri!$B$3)+((Coefficienti!$B$7+Coefficienti!$B$8*H$15+Coefficienti!$B$9*$A18)+Coefficienti!$B$10)*(1-Parametri!$B$4))*(1+Parametri!$B$5)+FerrGriglia!H4+Coefficienti!$B$11*Parametri!$B$6,2) | I18: =ROUND((((Coefficienti!$B$1+Coefficienti!$B$2*I$15+Coefficienti!$B$3*$A18)*Parametri!$B$1+(Coefficienti!$B$4+Coefficienti!$B$5*I$15+Coefficienti!$B$6*$A18)*Parametri!$B$2)*(1-Parametri!$B$3)+((Coefficienti!$B$7+Coefficienti!$B$8*I$15+Coefficienti!$B$9*$A18)+Coefficienti!$B$10)*(1-Parametri!$B$4))*(1+Parametri!$B$5)+FerrGriglia!I4+Coefficienti!$B$11*Parametri!$B$6,2) | ... L18: =ROUND((((Coefficienti!$B$1+Coefficienti!$B$2*L$15+Coefficienti!$B$3*$A18)*Parametri!$B$1+(Coefficienti!$B$4+Coefficienti!$B$5*L$15+Coefficienti!$B$6*$A18)*Parametri!$B$2)*(1-Parametri!$B$3)+((Coefficienti!$B$7+Coefficienti!$B$8*L$15+Coefficienti!$B$9*$A18)+Coefficienti!$B$10)*(1-Parametri!$B$4))*(1+Parametri!$B$5)+FerrGriglia!L4+Coefficienti!$B$11*Parametri!$B$6,2)
A19: 2200 | B19: =ROUND((((Coefficienti!$B$1+Coefficienti!$B$2*B$15+Coefficienti!$B$3*$A19)*Parametri!$B$1+(Coefficienti!$B$4+Coefficienti!$B$5*B$15+Coefficienti!$B$6*$A19)*Parametri!$B$2)*(1-Parametri!$B$3)+((Coefficienti!$B$7+Coefficienti!$B$8*B$15+Coefficienti!$B$9*$A19)+Coefficienti!$B$10)*(1-Parametri!$B$4))*(1+Parametri!$B$5)+FerrGriglia!B5+Coefficienti!$B$11*Parametri!$B$6,2) | C19: =ROUND((((Coefficienti!$B$1+Coefficienti!$B$2*C$15+Coefficienti!$B$3*$A19)*Parametri!$B$1+(Coefficienti!$B$4+Coefficienti!$B$5*C$15+Coefficienti!$B$6*$A19)*Parametri!$B$2)*(1-Parametri!$B$3)+((Coefficienti!$B$7+Coefficienti!$B$8*C$15+Coefficienti!$B$9*$A19)+Coefficienti!$B$10)*(1-Parametri!$B$4))*(1+Parametri!$B$5)+FerrGriglia!C5+Coefficienti!$B$11*Parametri!$B$6,2) | D19: =ROUND((((Coefficienti!$B$1+Coefficienti!$B$2*D$15+Coefficienti!$B$3*$A19)*Parametri!$B$1+(Coefficienti!$B$4+Coefficienti!$B$5*D$15+Coefficienti!$B$6*$A19)*Parametri!$B$2)*(1-Parametri!$B$3)+((Coefficienti!$B$7+Coefficienti!$B$8*D$15+Coefficienti!$B$9*$A19)+Coefficienti!$B$10)*(1-Parametri!$B$4))*(1+Parametri!$B$5)+FerrGriglia!D5+Coefficienti!$B$11*Parametri!$B$6,2) | E19: =ROUND((((Coefficienti!$B$1+Coefficienti!$B$2*E$15+Coefficienti!$B$3*$A19)*Parametri!$B$1+(Coefficienti!$B$4+Coefficienti!$B$5*E$15+Coefficienti!$B$6*$A19)*Parametri!$B$2)*(1-Parametri!$B$3)+((Coefficienti!$B$7+Coefficienti!$B$8*E$15+Coefficienti!$B$9*$A19)+Coefficienti!$B$10)*(1-Parametri!$B$4))*(1+Parametri!$B$5)+FerrGriglia!E5+Coefficienti!$B$11*Parametri!$B$6,2) | F19: =ROUND((((Coefficienti!$B$1+Coefficienti!$B$2*F$15+Coefficienti!$B$3*$A19)*Parametri!$B$1+(Coefficienti!$B$4+Coefficienti!$B$5*F$15+Coefficienti!$B$6*$A19)*Parametri!$B$2)*(1-Parametri!$B$3)+((Coefficienti!$B$7+Coefficienti!$B$8*F$15+Coefficienti!$B$9*$A19)+Coefficienti!$B$10)*(1-Parametri!$B$4))*(1+Parametri!$B$5)+FerrGriglia!F5+Coefficienti!$B$11*Parametri!$B$6,2) | G19: =ROUND((((Coefficienti!$B$1+Coefficienti!$B$2*G$15+Coefficienti!$B$3*$A19)*Parametri!$B$1+(Coefficienti!$B$4+Coefficienti!$B$5*G$15+Coefficienti!$B$6*$A19)*Parametri!$B$2)*(1-Parametri!$B$3)+((Coefficienti!$B$7+Coefficienti!$B$8*G$15+Coefficienti!$B$9*$A19)+Coefficienti!$B$10)*(1-Parametri!$B$4))*(1+Parametri!$B$5)+FerrGriglia!G5+Coefficienti!$B$11*Parametri!$B$6,2) | H19: =ROUND((((Coefficienti!$B$1+Coefficienti!$B$2*H$15+Coefficienti!$B$3*$A19)*Parametri!$B$1+(Coefficienti!$B$4+Coefficienti!$B$5*H$15+Coefficienti!$B$6*$A19)*Parametri!$B$2)*(1-Parametri!$B$3)+((Coefficienti!$B$7+Coefficienti!$B$8*H$15+Coefficienti!$B$9*$A19)+Coefficienti!$B$10)*(1-Parametri!$B$4))*(1+Parametri!$B$5)+FerrGriglia!H5+Coefficienti!$B$11*Parametri!$B$6,2) | I19: =ROUND((((Coefficienti!$B$1+Coefficienti!$B$2*I$15+Coefficienti!$B$3*$A19)*Parametri!$B$1+(Coefficienti!$B$4+Coefficienti!$B$5*I$15+Coefficienti!$B$6*$A19)*Parametri!$B$2)*(1-Parametri!$B$3)+((Coefficienti!$B$7+Coefficienti!$B$8*I$15+Coefficienti!$B$9*$A19)+Coefficienti!$B$10)*(1-Parametri!$B$4))*(1+Parametri!$B$5)+FerrGriglia!I5+Coefficienti!$B$11*Parametri!$B$6,2) | ... L19: =ROUND((((Coefficienti!$B$1+Coefficienti!$B$2*L$15+Coefficienti!$B$3*$A19)*Parametri!$B$1+(Coefficienti!$B$4+Coefficienti!$B$5*L$15+Coefficienti!$B$6*$A19)*Parametri!$B$2)*(1-Parametri!$B$3)+((Coefficienti!$B$7+Coefficienti!$B$8*L$15+Coefficienti!$B$9*$A19)+Coefficienti!$B$10)*(1-Parametri!$B$4))*(1+Parametri!$B$5)+FerrGriglia!L5+Coefficienti!$B$11*Parametri!$B$6,2)
A20: 2300 | B20: =ROUND((((Coefficienti!$B$1+Coefficienti!$B$2*B$15+Coefficienti!$B$3*$A20)*Parametri!$B$1+(Coefficienti!$B$4+Coefficienti!$B$5*B$15+Coefficienti!$B$6*$A20)*Parametri!$B$2)*(1-Parametri!$B$3)+((Coefficienti!$B$7+Coefficienti!$B$8*B$15+Coefficienti!$B$9*$A20)+Coefficienti!$B$10)*(1-Parametri!$B$4))*(1+Parametri!$B$5)+FerrGriglia!B6+Coefficienti!$B$11*Parametri!$B$6,2) | C20: =ROUND((((Coefficienti!$B$1+Coefficienti!$B$2*C$15+Coefficienti!$B$3*$A20)*Parametri!$B$1+(Coefficienti!$B$4+Coefficienti!$B$5*C$15+Coefficienti!$B$6*$A20)*Parametri!$B$2)*(1-Parametri!$B$3)+((Coefficienti!$B$7+Coefficienti!$B$8*C$15+Coefficienti!$B$9*$A20)+Coefficienti!$B$10)*(1-Parametri!$B$4))*(1+Parametri!$B$5)+FerrGriglia!C6+Coefficienti!$B$11*Parametri!$B$6,2) | D20: =ROUND((((Coefficienti!$B$1+Coefficienti!$B$2*D$15+Coefficienti!$B$3*$A20)*Parametri!$B$1+(Coefficienti!$B$4+Coefficienti!$B$5*D$15+Coefficienti!$B$6*$A20)*Parametri!$B$2)*(1-Parametri!$B$3)+((Coefficienti!$B$7+Coefficienti!$B$8*D$15+Coefficienti!$B$9*$A20)+Coefficienti!$B$10)*(1-Parametri!$B$4))*(1+Parametri!$B$5)+FerrGriglia!D6+Coefficienti!$B$11*Parametri!$B$6,2) | E20: =ROUND((((Coefficienti!$B$1+Coefficienti!$B$2*E$15+Coefficienti!$B$3*$A20)*Parametri!$B$1+(Coefficienti!$B$4+Coefficienti!$B$5*E$15+Coefficienti!$B$6*$A20)*Parametri!$B$2)*(1-Parametri!$B$3)+((Coefficienti!$B$7+Coefficienti!$B$8*E$15+Coefficienti!$B$9*$A20)+Coefficienti!$B$10)*(1-Parametri!$B$4))*(1+Parametri!$B$5)+FerrGriglia!E6+Coefficienti!$B$11*Parametri!$B$6,2) | F20: =ROUND((((Coefficienti!$B$1+Coefficienti!$B$2*F$15+Coefficienti!$B$3*$A20)*Parametri!$B$1+(Coefficienti!$B$4+Coefficienti!$B$5*F$15+Coefficienti!$B$6*$A20)*Parametri!$B$2)*(1-Parametri!$B$3)+((Coefficienti!$B$7+Coefficienti!$B$8*F$15+Coefficienti!$B$9*$A20)+Coefficienti!$B$10)*(1-Parametri!$B$4))*(1+Parametri!$B$5)+FerrGriglia!F6+Coefficienti!$B$11*Parametri!$B$6,2) | G20: =ROUND((((Coefficienti!$B$1+Coefficienti!$B$2*G$15+Coefficienti!$B$3*$A20)*Parametri!$B$1+(Coefficienti!$B$4+Coefficienti!$B$5*G$15+Coefficienti!$B$6*$A20)*Parametri!$B$2)*(1-Parametri!$B$3)+((Coefficienti!$B$7+Coefficienti!$B$8*G$15+Coefficienti!$B$9*$A20)+Coefficienti!$B$10)*(1-Parametri!$B$4))*(1+Parametri!$B$5)+FerrGriglia!G6+Coefficienti!$B$11*Parametri!$B$6,2) | H20: =ROUND((((Coefficienti!$B$1+Coefficienti!$B$2*H$15+Coefficienti!$B$3*$A20)*Parametri!$B$1+(Coefficienti!$B$4+Coefficienti!$B$5*H$15+Coefficienti!$B$6*$A20)*Parametri!$B$2)*(1-Parametri!$B$3)+((Coefficienti!$B$7+Coefficienti!$B$8*H$15+Coefficienti!$B$9*$A20)+Coefficienti!$B$10)*(1-Parametri!$B$4))*(1+Parametri!$B$5)+FerrGriglia!H6+Coefficienti!$B$11*Parametri!$B$6,2) | I20: =ROUND((((Coefficienti!$B$1+Coefficienti!$B$2*I$15+Coefficienti!$B$3*$A20)*Parametri!$B$1+(Coefficienti!$B$4+Coefficienti!$B$5*I$15+Coefficienti!$B$6*$A20)*Parametri!$B$2)*(1-Parametri!$B$3)+((Coefficienti!$B$7+Coefficienti!$B$8*I$15+Coefficienti!$B$9*$A20)+Coefficienti!$B$10)*(1-Parametri!$B$4))*(1+Parametri!$B$5)+FerrGriglia!I6+Coefficienti!$B$11*Parametri!$B$6,2) | ... L20: =ROUND((((Coefficienti!$B$1+Coefficienti!$B$2*L$15+Coefficienti!$B$3*$A20)*Parametri!$B$1+(Coefficienti!$B$4+Coefficienti!$B$5*L$15+Coefficienti!$B$6*$A20)*Parametri!$B$2)*(1-Parametri!$B$3)+((Coefficienti!$B$7+Coefficienti!$B$8*L$15+Coefficienti!$B$9*$A20)+Coefficienti!$B$10)*(1-Parametri!$B$4))*(1+Parametri!$B$5)+FerrGriglia!L6+Coefficienti!$B$11*Parametri!$B$6,2)
A21: 2400 | B21: =ROUND((((Coefficienti!$B$1+Coefficienti!$B$2*B$15+Coefficienti!$B$3*$A21)*Parametri!$B$1+(Coefficienti!$B$4+Coefficienti!$B$5*B$15+Coefficienti!$B$6*$A21)*Parametri!$B$2)*(1-Parametri!$B$3)+((Coefficienti!$B$7+Coefficienti!$B$8*B$15+Coefficienti!$B$9*$A21)+Coefficienti!$B$10)*(1-Parametri!$B$4))*(1+Parametri!$B$5)+FerrGriglia!B7+Coefficienti!$B$11*Parametri!$B$6,2) | C21: =ROUND((((Coefficienti!$B$1+Coefficienti!$B$2*C$15+Coefficienti!$B$3*$A21)*Parametri!$B$1+(Coefficienti!$B$4+Coefficienti!$B$5*C$15+Coefficienti!$B$6*$A21)*Parametri!$B$2)*(1-Parametri!$B$3)+((Coefficienti!$B$7+Coefficienti!$B$8*C$15+Coefficienti!$B$9*$A21)+Coefficienti!$B$10)*(1-Parametri!$B$4))*(1+Parametri!$B$5)+FerrGriglia!C7+Coefficienti!$B$11*Parametri!$B$6,2) | D21: =ROUND((((Coefficienti!$B$1+Coefficienti!$B$2*D$15+Coefficienti!$B$3*$A21)*Parametri!$B$1+(Coefficienti!$B$4+Coefficienti!$B$5*D$15+Coefficienti!$B$6*$A21)*Parametri!$B$2)*(1-Parametri!$B$3)+((Coefficienti!$B$7+Coefficienti!$B$8*D$15+Coefficienti!$B$9*$A21)+Coefficienti!$B$10)*(1-Parametri!$B$4))*(1+Parametri!$B$5)+FerrGriglia!D7+Coefficienti!$B$11*Parametri!$B$6,2) | E21: =ROUND((((Coefficienti!$B$1+Coefficienti!$B$2*E$15+Coefficienti!$B$3*$A21)*Parametri!$B$1+(Coefficienti!$B$4+Coefficienti!$B$5*E$15+Coefficienti!$B$6*$A21)*Parametri!$B$2)*(1-Parametri!$B$3)+((Coefficienti!$B$7+Coefficienti!$B$8*E$15+Coefficienti!$B$9*$A21)+Coefficienti!$B$10)*(1-Parametri!$B$4))*(1+Parametri!$B$5)+FerrGriglia!E7+Coefficienti!$B$11*Parametri!$B$6,2) | F21: =ROUND((((Coefficienti!$B$1+Coefficienti!$B$2*F$15+Coefficienti!$B$3*$A21)*Parametri!$B$1+(Coefficienti!$B$4+Coefficienti!$B$5*F$15+Coefficienti!$B$6*$A21)*Parametri!$B$2)*(1-Parametri!$B$3)+((Coefficienti!$B$7+Coefficienti!$B$8*F$15+Coefficienti!$B$9*$A21)+Coefficienti!$B$10)*(1-Parametri!$B$4))*(1+Parametri!$B$5)+FerrGriglia!F7+Coefficienti!$B$11*Parametri!$B$6,2) | G21: =ROUND((((Coefficienti!$B$1+Coefficienti!$B$2*G$15+Coefficienti!$B$3*$A21)*Parametri!$B$1+(Coefficienti!$B$4+Coefficienti!$B$5*G$15+Coefficienti!$B$6*$A21)*Parametri!$B$2)*(1-Parametri!$B$3)+((Coefficienti!$B$7+Coefficienti!$B$8*G$15+Coefficienti!$B$9*$A21)+Coefficienti!$B$10)*(1-Parametri!$B$4))*(1+Parametri!$B$5)+FerrGriglia!G7+Coefficienti!$B$11*Parametri!$B$6,2) | H21: =ROUND((((Coefficienti!$B$1+Coefficienti!$B$2*H$15+Coefficienti!$B$3*$A21)*Parametri!$B$1+(Coefficienti!$B$4+Coefficienti!$B$5*H$15+Coefficienti!$B$6*$A21)*Parametri!$B$2)*(1-Parametri!$B$3)+((Coefficienti!$B$7+Coefficienti!$B$8*H$15+Coefficienti!$B$9*$A21)+Coefficienti!$B$10)*(1-Parametri!$B$4))*(1+Parametri!$B$5)+FerrGriglia!H7+Coefficienti!$B$11*Parametri!$B$6,2) | I21: =ROUND((((Coefficienti!$B$1+Coefficienti!$B$2*I$15+Coefficienti!$B$3*$A21)*Parametri!$B$1+(Coefficienti!$B$4+Coefficienti!$B$5*I$15+Coefficienti!$B$6*$A21)*Parametri!$B$2)*(1-Parametri!$B$3)+((Coefficienti!$B$7+Coefficienti!$B$8*I$15+Coefficienti!$B$9*$A21)+Coefficienti!$B$10)*(1-Parametri!$B$4))*(1+Parametri!$B$5)+FerrGriglia!I7+Coefficienti!$B$11*Parametri!$B$6,2) | ... L21: =ROUND((((Coefficienti!$B$1+Coefficienti!$B$2*L$15+Coefficienti!$B$3*$A21)*Parametri!$B$1+(Coefficienti!$B$4+Coefficienti!$B$5*L$15+Coefficienti!$B$6*$A21)*Parametri!$B$2)*(1-Parametri!$B$3)+((Coefficienti!$B$7+Coefficienti!$B$8*L$15+Coefficienti!$B$9*$A21)+Coefficienti!$B$10)*(1-Parametri!$B$4))*(1+Parametri!$B$5)+FerrGriglia!L7+Coefficienti!$B$11*Parametri!$B$6,2)
A22: 2500 | B22: =ROUND((((Coefficienti!$B$1+Coefficienti!$B$2*B$15+Coefficienti!$B$3*$A22)*Parametri!$B$1+(Coefficienti!$B$4+Coefficienti!$B$5*B$15+Coefficienti!$B$6*$A22)*Parametri!$B$2)*(1-Parametri!$B$3)+((Coefficienti!$B$7+Coefficienti!$B$8*B$15+Coefficienti!$B$9*$A22)+Coefficienti!$B$10)*(1-Parametri!$B$4))*(1+Parametri!$B$5)+FerrGriglia!B8+Coefficienti!$B$11*Parametri!$B$6,2) | C22: =ROUND((((Coefficienti!$B$1+Coefficienti!$B$2*C$15+Coefficienti!$B$3*$A22)*Parametri!$B$1+(Coefficienti!$B$4+Coefficienti!$B$5*C$15+Coefficienti!$B$6*$A22)*Parametri!$B$2)*(1-Parametri!$B$3)+((Coefficienti!$B$7+Coefficienti!$B$8*C$15+Coefficienti!$B$9*$A22)+Coefficienti!$B$10)*(1-Parametri!$B$4))*(1+Parametri!$B$5)+FerrGriglia!C8+Coefficienti!$B$11*Parametri!$B$6,2) | D22: =ROUND((((Coefficienti!$B$1+Coefficienti!$B$2*D$15+Coefficienti!$B$3*$A22)*Parametri!$B$1+(Coefficienti!$B$4+Coefficienti!$B$5*D$15+Coefficienti!$B$6*$A22)*Parametri!$B$2)*(1-Parametri!$B$3)+((Coefficienti!$B$7+Coefficienti!$B$8*D$15+Coefficienti!$B$9*$A22)+Coefficienti!$B$10)*(1-Parametri!$B$4))*(1+Parametri!$B$5)+FerrGriglia!D8+Coefficienti!$B$11*Parametri!$B$6,2) | E22: =ROUND((((Coefficienti!$B$1+Coefficienti!$B$2*E$15+Coefficienti!$B$3*$A22)*Parametri!$B$1+(Coefficienti!$B$4+Coefficienti!$B$5*E$15+Coefficienti!$B$6*$A22)*Parametri!$B$2)*(1-Parametri!$B$3)+((Coefficienti!$B$7+Coefficienti!$B$8*E$15+Coefficienti!$B$9*$A22)+Coefficienti!$B$10)*(1-Parametri!$B$4))*(1+Parametri!$B$5)+FerrGriglia!E8+Coefficienti!$B$11*Parametri!$B$6,2) | F22: =ROUND((((Coefficienti!$B$1+Coefficienti!$B$2*F$15+Coefficienti!$B$3*$A22)*Parametri!$B$1+(Coefficienti!$B$4+Coefficienti!$B$5*F$15+Coefficienti!$B$6*$A22)*Parametri!$B$2)*(1-Parametri!$B$3)+((Coefficienti!$B$7+Coefficienti!$B$8*F$15+Coefficienti!$B$9*$A22)+Coefficienti!$B$10)*(1-Parametri!$B$4))*(1+Parametri!$B$5)+FerrGriglia!F8+Coefficienti!$B$11*Parametri!$B$6,2) | G22: =ROUND((((Coefficienti!$B$1+Coefficienti!$B$2*G$15+Coefficienti!$B$3*$A22)*Parametri!$B$1+(Coefficienti!$B$4+Coefficienti!$B$5*G$15+Coefficienti!$B$6*$A22)*Parametri!$B$2)*(1-Parametri!$B$3)+((Coefficienti!$B$7+Coefficienti!$B$8*G$15+Coefficienti!$B$9*$A22)+Coefficienti!$B$10)*(1-Parametri!$B$4))*(1+Parametri!$B$5)+FerrGriglia!G8+Coefficienti!$B$11*Parametri!$B$6,2) | H22: =ROUND((((Coefficienti!$B$1+Coefficienti!$B$2*H$15+Coefficienti!$B$3*$A22)*Parametri!$B$1+(Coefficienti!$B$4+Coefficienti!$B$5*H$15+Coefficienti!$B$6*$A22)*Parametri!$B$2)*(1-Parametri!$B$3)+((Coefficienti!$B$7+Coefficienti!$B$8*H$15+Coefficienti!$B$9*$A22)+Coefficienti!$B$10)*(1-Parametri!$B$4))*(1+Parametri!$B$5)+FerrGriglia!H8+Coefficienti!$B$11*Parametri!$B$6,2) | I22: =ROUND((((Coefficienti!$B$1+Coefficienti!$B$2*I$15+Coefficienti!$B$3*$A22)*Parametri!$B$1+(Coefficienti!$B$4+Coefficienti!$B$5*I$15+Coefficienti!$B$6*$A22)*Parametri!$B$2)*(1-Parametri!$B$3)+((Coefficienti!$B$7+Coefficienti!$B$8*I$15+Coefficienti!$B$9*$A22)+Coefficienti!$B$10)*(1-Parametri!$B$4))*(1+Parametri!$B$5)+FerrGriglia!I8+Coefficienti!$B$11*Parametri!$B$6,2) | ... L22: =ROUND((((Coefficienti!$B$1+Coefficienti!$B$2*L$15+Coefficienti!$B$3*$A22)*Parametri!$B$1+(Coefficienti!$B$4+Coefficienti!$B$5*L$15+Coefficienti!$B$6*$A22)*Parametri!$B$2)*(1-Parametri!$B$3)+((Coefficienti!$B$7+Coefficienti!$B$8*L$15+Coefficienti!$B$9*$A22)+Coefficienti!$B$10)*(1-Parametri!$B$4))*(1+Parametri!$B$5)+FerrGriglia!L8+Coefficienti!$B$11*Parametri!$B$6,2)
A23: 2600 | B23: =ROUND((((Coefficienti!$B$1+Coefficienti!$B$2*B$15+Coefficienti!$B$3*$A23)*Parametri!$B$1+(Coefficienti!$B$4+Coefficienti!$B$5*B$15+Coefficienti!$B$6*$A23)*Parametri!$B$2)*(1-Parametri!$B$3)+((Coefficienti!$B$7+Coefficienti!$B$8*B$15+Coefficienti!$B$9*$A23)+Coefficienti!$B$10)*(1-Parametri!$B$4))*(1+Parametri!$B$5)+FerrGriglia!B9+Coefficienti!$B$11*Parametri!$B$6,2) | C23: =ROUND((((Coefficienti!$B$1+Coefficienti!$B$2*C$15+Coefficienti!$B$3*$A23)*Parametri!$B$1+(Coefficienti!$B$4+Coefficienti!$B$5*C$15+Coefficienti!$B$6*$A23)*Parametri!$B$2)*(1-Parametri!$B$3)+((Coefficienti!$B$7+Coefficienti!$B$8*C$15+Coefficienti!$B$9*$A23)+Coefficienti!$B$10)*(1-Parametri!$B$4))*(1+Parametri!$B$5)+FerrGriglia!C9+Coefficienti!$B$11*Parametri!$B$6,2) | D23: =ROUND((((Coefficienti!$B$1+Coefficienti!$B$2*D$15+Coefficienti!$B$3*$A23)*Parametri!$B$1+(Coefficienti!$B$4+Coefficienti!$B$5*D$15+Coefficienti!$B$6*$A23)*Parametri!$B$2)*(1-Parametri!$B$3)+((Coefficienti!$B$7+Coefficienti!$B$8*D$15+Coefficienti!$B$9*$A23)+Coefficienti!$B$10)*(1-Parametri!$B$4))*(1+Parametri!$B$5)+FerrGriglia!D9+Coefficienti!$B$11*Parametri!$B$6,2) | E23: =ROUND((((Coefficienti!$B$1+Coefficienti!$B$2*E$15+Coefficienti!$B$3*$A23)*Parametri!$B$1+(Coefficienti!$B$4+Coefficienti!$B$5*E$15+Coefficienti!$B$6*$A23)*Parametri!$B$2)*(1-Parametri!$B$3)+((Coefficienti!$B$7+Coefficienti!$B$8*E$15+Coefficienti!$B$9*$A23)+Coefficienti!$B$10)*(1-Parametri!$B$4))*(1+Parametri!$B$5)+FerrGriglia!E9+Coefficienti!$B$11*Parametri!$B$6,2) | F23: =ROUND((((Coefficienti!$B$1+Coefficienti!$B$2*F$15+Coefficienti!$B$3*$A23)*Parametri!$B$1+(Coefficienti!$B$4+Coefficienti!$B$5*F$15+Coefficienti!$B$6*$A23)*Parametri!$B$2)*(1-Parametri!$B$3)+((Coefficienti!$B$7+Coefficienti!$B$8*F$15+Coefficienti!$B$9*$A23)+Coefficienti!$B$10)*(1-Parametri!$B$4))*(1+Parametri!$B$5)+FerrGriglia!F9+Coefficienti!$B$11*Parametri!$B$6,2) | G23: =ROUND((((Coefficienti!$B$1+Coefficienti!$B$2*G$15+Coefficienti!$B$3*$A23)*Parametri!$B$1+(Coefficienti!$B$4+Coefficienti!$B$5*G$15+Coefficienti!$B$6*$A23)*Parametri!$B$2)*(1-Parametri!$B$3)+((Coefficienti!$B$7+Coefficienti!$B$8*G$15+Coefficienti!$B$9*$A23)+Coefficienti!$B$10)*(1-Parametri!$B$4))*(1+Parametri!$B$5)+FerrGriglia!G9+Coefficienti!$B$11*Parametri!$B$6,2) | H23: =ROUND((((Coefficienti!$B$1+Coefficienti!$B$2*H$15+Coefficienti!$B$3*$A23)*Parametri!$B$1+(Coefficienti!$B$4+Coefficienti!$B$5*H$15+Coefficienti!$B$6*$A23)*Parametri!$B$2)*(1-Parametri!$B$3)+((Coefficienti!$B$7+Coefficienti!$B$8*H$15+Coefficienti!$B$9*$A23)+Coefficienti!$B$10)*(1-Parametri!$B$4))*(1+Parametri!$B$5)+FerrGriglia!H9+Coefficienti!$B$11*Parametri!$B$6,2) | I23: =ROUND((((Coefficienti!$B$1+Coefficienti!$B$2*I$15+Coefficienti!$B$3*$A23)*Parametri!$B$1+(Coefficienti!$B$4+Coefficienti!$B$5*I$15+Coefficienti!$B$6*$A23)*Parametri!$B$2)*(1-Parametri!$B$3)+((Coefficienti!$B$7+Coefficienti!$B$8*I$15+Coefficienti!$B$9*$A23)+Coefficienti!$B$10)*(1-Parametri!$B$4))*(1+Parametri!$B$5)+FerrGriglia!I9+Coefficienti!$B$11*Parametri!$B$6,2) | ... L23: =ROUND((((Coefficienti!$B$1+Coefficienti!$B$2*L$15+Coefficienti!$B$3*$A23)*Parametri!$B$1+(Coefficienti!$B$4+Coefficienti!$B$5*L$15+Coefficienti!$B$6*$A23)*Parametri!$B$2)*(1-Parametri!$B$3)+((Coefficienti!$B$7+Coefficienti!$B$8*L$15+Coefficienti!$B$9*$A23)+Coefficienti!$B$10)*(1-Parametri!$B$4))*(1+Parametri!$B$5)+FerrGriglia!L9+Coefficienti!$B$11*Parametri!$B$6,2)
A24: 2700 | B24: =ROUND((((Coefficienti!$B$1+Coefficienti!$B$2*B$15+Coefficienti!$B$3*$A24)*Parametri!$B$1+(Coefficienti!$B$4+Coefficienti!$B$5*B$15+Coefficienti!$B$6*$A24)*Parametri!$B$2)*(1-Parametri!$B$3)+((Coefficienti!$B$7+Coefficienti!$B$8*B$15+Coefficienti!$B$9*$A24)+Coefficienti!$B$10)*(1-Parametri!$B$4))*(1+Parametri!$B$5)+FerrGriglia!B10+Coefficienti!$B$11*Parametri!$B$6,2) | C24: =ROUND((((Coefficienti!$B$1+Coefficienti!$B$2*C$15+Coefficienti!$B$3*$A24)*Parametri!$B$1+(Coefficienti!$B$4+Coefficienti!$B$5*C$15+Coefficienti!$B$6*$A24)*Parametri!$B$2)*(1-Parametri!$B$3)+((Coefficienti!$B$7+Coefficienti!$B$8*C$15+Coefficienti!$B$9*$A24)+Coefficienti!$B$10)*(1-Parametri!$B$4))*(1+Parametri!$B$5)+FerrGriglia!C10+Coefficienti!$B$11*Parametri!$B$6,2) | D24: =ROUND((((Coefficienti!$B$1+Coefficienti!$B$2*D$15+Coefficienti!$B$3*$A24)*Parametri!$B$1+(Coefficienti!$B$4+Coefficienti!$B$5*D$15+Coefficienti!$B$6*$A24)*Parametri!$B$2)*(1-Parametri!$B$3)+((Coefficienti!$B$7+Coefficienti!$B$8*D$15+Coefficienti!$B$9*$A24)+Coefficienti!$B$10)*(1-Parametri!$B$4))*(1+Parametri!$B$5)+FerrGriglia!D10+Coefficienti!$B$11*Parametri!$B$6,2) | E24: =ROUND((((Coefficienti!$B$1+Coefficienti!$B$2*E$15+Coefficienti!$B$3*$A24)*Parametri!$B$1+(Coefficienti!$B$4+Coefficienti!$B$5*E$15+Coefficienti!$B$6*$A24)*Parametri!$B$2)*(1-Parametri!$B$3)+((Coefficienti!$B$7+Coefficienti!$B$8*E$15+Coefficienti!$B$9*$A24)+Coefficienti!$B$10)*(1-Parametri!$B$4))*(1+Parametri!$B$5)+FerrGriglia!E10+Coefficienti!$B$11*Parametri!$B$6,2) | F24: =ROUND((((Coefficienti!$B$1+Coefficienti!$B$2*F$15+Coefficienti!$B$3*$A24)*Parametri!$B$1+(Coefficienti!$B$4+Coefficienti!$B$5*F$15+Coefficienti!$B$6*$A24)*Parametri!$B$2)*(1-Parametri!$B$3)+((Coefficienti!$B$7+Coefficienti!$B$8*F$15+Coefficienti!$B$9*$A24)+Coefficienti!$B$10)*(1-Parametri!$B$4))*(1+Parametri!$B$5)+FerrGriglia!F10+Coefficienti!$B$11*Parametri!$B$6,2) | G24: =ROUND((((Coefficienti!$B$1+Coefficienti!$B$2*G$15+Coefficienti!$B$3*$A24)*Parametri!$B$1+(Coefficienti!$B$4+Coefficienti!$B$5*G$15+Coefficienti!$B$6*$A24)*Parametri!$B$2)*(1-Parametri!$B$3)+((Coefficienti!$B$7+Coefficienti!$B$8*G$15+Coefficienti!$B$9*$A24)+Coefficienti!$B$10)*(1-Parametri!$B$4))*(1+Parametri!$B$5)+FerrGriglia!G10+Coefficienti!$B$11*Parametri!$B$6,2) | H24: =ROUND((((Coefficienti!$B$1+Coefficienti!$B$2*H$15+Coefficienti!$B$3*$A24)*Parametri!$B$1+(Coefficienti!$B$4+Coefficienti!$B$5*H$15+Coefficienti!$B$6*$A24)*Parametri!$B$2)*(1-Parametri!$B$3)+((Coefficienti!$B$7+Coefficienti!$B$8*H$15+Coefficienti!$B$9*$A24)+Coefficienti!$B$10)*(1-Parametri!$B$4))*(1+Parametri!$B$5)+FerrGriglia!H10+Coefficienti!$B$11*Parametri!$B$6,2) | I24: =ROUND((((Coefficienti!$B$1+Coefficienti!$B$2*I$15+Coefficienti!$B$3*$A24)*Parametri!$B$1+(Coefficienti!$B$4+Coefficienti!$B$5*I$15+Coefficienti!$B$6*$A24)*Parametri!$B$2)*(1-Parametri!$B$3)+((Coefficienti!$B$7+Coefficienti!$B$8*I$15+Coefficienti!$B$9*$A24)+Coefficienti!$B$10)*(1-Parametri!$B$4))*(1+Parametri!$B$5)+FerrGriglia!I10+Coefficienti!$B$11*Parametri!$B$6,2) | ... L24: =ROUND((((Coefficienti!$B$1+Coefficienti!$B$2*L$15+Coefficienti!$B$3*$A24)*Parametri!$B$1+(Coefficienti!$B$4+Coefficienti!$B$5*L$15+Coefficienti!$B$6*$A24)*Parametri!$B$2)*(1-Parametri!$B$3)+((Coefficienti!$B$7+Coefficienti!$B$8*L$15+Coefficienti!$B$9*$A24)+Coefficienti!$B$10)*(1-Parametri!$B$4))*(1+Parametri!$B$5)+FerrGriglia!L10+Coefficienti!$B$11*Parametri!$B$6,2)

Sheet Parametri
A1: Prezzo profili taglio termico €/kg (33320 CAT.B +ADD — RAL 7016) | B1: 19.93
A2: Prezzo profili normali €/kg (10820 CAT.B +ADD — fermavetri, aggiuntivi, gocciolatoio) | B2: 14.82
A3: Sconto profili su listino AluK C75S/C82S-CS | B3: 0.43
A4: Sconto accessori/guarnizioni su listino AluK | B4: 0.2
A5: Sfrido | B5: 0.09
A6: Tariffa oraria manodopera €/h | B6: 65
A7: Ricarico su costo totale | B7: 2.13
A9: Celle gialle = valori modificabili: tutte le griglie si ricalcolano.
A10: Prezzi: listino AluK C75S/C82S-CS decorrenza 2026-06-15 (listini-db). Ferramenta: prezzi nel foglio dedicato.

Sheet Coefficienti
A1: Peso profili taglio termico costante (kg) | B1: -0.33316
A2: Peso taglio termico per mm di L (kg/mm) | B2: 0.0056
A3: Peso taglio termico per mm di H (kg/mm) | B3: 0.009
A4: Peso profili normali costante (kg) | B4: -0.45072
A5: Peso normali per mm di L (kg/mm) | B5: 0.00095
A6: Peso normali per mm di H (kg/mm) | B6: 0.00187
A7: Guarnizioni costante (€ listino) | B7: 0.015277
A8: Guarnizioni per mm di L (€/mm) | B8: 0.003944
A9: Guarnizioni per mm di H (€/mm) | B9: 0.003157
A10: Accessori totale (€ listino) | B10: 51.502
A11: Ore manodopera | B11: 4.3333333
A13: Derivati dalle distinte catalogo AluK C75S sez. 8 e pesi kg/m catalogo v3.
A14: Assunzioni: supporti vetro V62008 = 4 per vetro; mascherine V51015 = 2 pz;
A15: fermavetro battenti N45860 (0,37 kg/m), fisso coppia N45856 (0,62 kg/m);
A16: squadrette V40022/V40037 prezzate come V40022 (0,607 €).
A17: Manodopera: 1h telaio + 1h/anta + 20' ferramenta/anta + 20'/vetro.
A18: Taglio termico = codici B (stipite, anta, battuta centrale, soglia); normali = N/K (aggiuntivo, gocciolatoio, fermavetri).
A19: Prezzi unitari accessori e guarnizioni (pre-sconto): listino AluK C75S/C82S-CS decorrenza 2026-06-15 (listini-db).

Sheet Ferramenta
A1: Componente | B1: Q.tà | C1: Prezzo €/pz | D1: Subtotale € | E1: Fonte | G1: Kit Maico per la misura di riferimento 1000x1900 (FFB/FFH = anta-20). Le griglie usano il foglio FerrGriglia (kit per ogni misura).
A2: Cremonese Multi-Matic (lvMWEspagnoletteGesamt) (201740) | B2: 1 | C2: 4.46 | D2: =B2*C2 | E2: netto 2025
A3: Prolunga cremonese sopra (VerlaengerungFixOben) (201841) | B3: 1 | C3: 1.69 | D3: =B3*C3 | E3: netto 2025
A4: Prolunga cremonese sotto (VerlaengerungFixUnten) (201750) | B4: 1 | C4: 2.17 | D4: =B4*C4 | E4: netto 2025
A5: Movimento angolare MM (Eckumlenkung) (222201) | B5: 1 | C5: 1.33 | D5: =B5*C5 | E5: netto 2025
A6: Movimento angolare verticale (EckumlenkungVertikal) (222209) | B6: 1 | C6: 0.92 | D6: =B6*C6 | E6: netto 2025
A7: Chiusura centrale lato cerniere (MittelverschlussEinteiligIS) (211931) | B7: 1 | C7: 2.66 | D7: =B7*C7 | E7: netto 2025
A8: Forbice + braccio (ScherenMontiert) (211675) | B8: 1 | C8: 2.58 | D8: =B8*C8 | E8: netto 2025
A9: Forbice + braccio (ScherenMontiert) (211676) | B9: 1 | C9: 2.58 | D9: =B9*C9 | E9: netto 2025
A10: Cerniera angolare (ArtNrEcklager) (250400) | B10: 1 | C10: 5.45 | D10: =B10*C10 | E10: netto 2025
A11: Bandella cerniera angolare (ArtNrEcklagerband) (215806) | B11: 1 | C11: 2.33 | D11: =B11*C11 | E11: netto 2025
A12: Scontro fungo IS (SchliessteilIS) (356361) | B12: 2 | C12: 0.3728 | D12: =B12*C12 | E12: netto 2025
A13: Martellina DK — non nel netto 2025 (1033) | B13: 1 | C13: 5.5 | D13: =B13*C13 | E13: manuale
... A17: Scontri anta semifissa — DA INSERIRE | B17: 1 | C17: 0 | D17: =B17*C17 | E17: da inserire
A18: TOTALE FERRAMENTA | D18: =SUM(D2:D17)
A20: Celle gialle modificabili. Prezzi a 0 = da inserire: il listino li ignora finché vuoti.

Sheet FerrGriglia
A1: H/L | B1: 800 | C1: 900 | D1: 1000 | E1: 1100 | F1: 1200 | G1: 1300 | H1: 1400 | I1: 1500 | J1: 1600 | K1: 1700 | L1: 1800
A2: 1900 | B2: 37.79 | C2: 38.15 | D2: 38.15 | E2: 41.02 | F2: 41.02 | G2: 41.38 | H2: 41.38 | I2: 41.38 | J2: 41.38 | K2: 44.11 | L2: 44.11
A3: 2000 | B3: 33.33 | C3: 33.69 | D3: 33.69 | E3: 36.56 | F3: 36.56 | G3: 36.92 | H3: 36.92 | I3: 36.92 | J3: 36.92 | K3: 39.65 | L3: 39.65
A4: 2100 | B4: 37.79 | C4: 38.15 | D4: 38.15 | E4: 41.02 | F4: 41.02 | G4: 41.38 | H4: 41.38 | I4: 41.38 | J4: 41.38 | K4: 44.11 | L4: 44.11
A5: 2200 | B5: 36.1 | C5: 36.46 | D5: 36.46 | E5: 39.33 | F5: 39.33 | G5: 39.69 | H5: 39.69 | I5: 39.69 | J5: 39.69 | K5: 42.42 | L5: 42.42
A6: 2300 | B6: 37.9 | C6: 38.26 | D6: 38.26 | E6: 41.13 | F6: 41.13 | G6: 41.49 | H6: 41.49 | I6: 41.49 | J6: 41.49 | K6: 44.22 | L6: 44.22
A7: 2400 | B7: 37.9 | C7: 38.26 | D7: 38.26 | E7: 41.13 | F7: 41.13 | G7: 41.49 | H7: 41.49 | I7: 41.49 | J7: 41.49 | K7: 44.22 | L7: 44.22
A8: 2500 | B8: 37.9 | C8: 38.26 | D8: 38.26 | E8: 41.13 | F8: 41.13 | G8: 41.49 | H8: 41.49 | I8: 41.49 | J8: 41.49 | K8: 44.22 | L8: 44.22
A9: 2600 | B9: 37.9 | C9: 38.26 | D9: 38.26 | E9: 41.13 | F9: 41.13 | G9: 41.49 | H9: 41.49 | I9: 41.49 | J9: 41.49 | K9: 44.22 | L9: 44.22
A10: 2700 | B10: 26.81 | C10: 27.17 | D10: 27.17 | E10: 30.04 | F10: 30.04 | G10: 30.4 | H10: 30.4 | I10: 30.4 | J10: 30.4 | K10: 33.13 | L10: 33.13
A13: Costo ferramenta Maico per misura (kit da regole WinPlus + voci fisse del foglio Ferramenta). Valori, non formule: rigenerare con genera_listini.py.
